time_ms,voltage_mV,m,h,n,charge_balance_nC_cm2
0.0,-65.0,0.05293248525724958,0.5961207535084603,0.3176769140606974,0.0
0.025,-64.99989527859606,0.05293251867044125,0.5961207481233167,0.31767691774005385,6.3976601794024646e-15
0.05,-64.99979221463629,0.05293261369443333,0.5961207321043784,0.3176769286768315,4.191091917959966e-15
0.07500000000000001,-64.99969069136831,0.05293276315699922,0.5961207056465775,0.3176769467260055,3.6914915568786455e-15
0.1,-64.99959060540058,0.05293296067336272,0.5961206689330063,0.31767697175091064,-2.220446049250313e-16
0.125,-64.99949186521533,0.05293320055940397,0.5961206221362441,0.31767700362232076,2.609024107869118e-15
0.15,-64.99939438984589,0.05293347775444154,0.5961205654195355,0.31767704221763066,3.164135620181696e-15
0.175,-64.9992981077,0.05293378775253389,0.5961204989378384,0.3176770874201292,9.325873406851315e-15
0.19999999999999998,-64.99920295551318,0.05293412654136005,0.5961204228387534,0.3176771391183532,1.199040866595169e-14
0.22499999999999998,-64.99910887741764,0.05293449054784316,0.5961203372633515,0.317677197205514,6.5503158452884236e-15
0.24999999999999997,-64.999015824114,0.05293487658977288,0.5961202423469071,0.31767726157898746,3.1086244689504383e-15
0.27499999999999997,-64.99892375213457,0.05293528183276473,0.5961201382195507,0.31767733213986143,3.3306690738754696e-16
0.3,-64.99883262318798,0.05293570375196748,0.5961200250068466,0.3176774087925339,7.438494264988549e-15
0.325,-64.99874240357616,0.05293614009799471,0.5961199028303071,0.3176774914443564,1.4210854715202004e-14
0.35000000000000003,-64.99865306367577,0.05293658886661446,0.5961197718078478,0.3176775800053172,1.887379141862766e-14
0.37500000000000006,-64.99856457747693,0.052937048271782375,0.5961196320541916,0.31767767438776046,2.1316282072803006e-14
0.4000000000000001,-64.99847692217284,0.0529375167216494,0.5961194836812272,0.31767777450613727,1.887379141862766e-14
0.4250000000000001,-64.99839007779488,0.05293799279721586,0.5961193267983268,0.3176778802767847,2.531308496145357e-14
0.4500000000000001,-64.99830402688796,0.05293847523334003,0.596119161512627,0.3176779916177299,2.1316282072803006e-14
0.47500000000000014,-64.99821875422177,0.05293896290184123,0.5961189879292782,0.317678108448517,2.5979218776228663e-14
0.5000000000000001,-64.99813424653398,0.052939454796466674,0.5961188061516651,0.3176782306900534,2.842170943040401e-14
0.5250000000000001,-64.99805049230187,0.0529399500195161,0.5961186162816017,0.3176783582644738,3.375077994860476e-14
0.5500000000000002,-64.9979674815392,0.05294044776994159,0.5961184184195032,0.31767849109502033,3.352873534367973e-14
0.5750000000000002,-64.99788520561557,0.052940947332759676,0.5961182126645387,0.3176786291059361,3.597122599785507e-14
0.6000000000000002,-64.9978036570958,0.05294144806963095,0.596117999114765,0.31767877222237145,4.04121180963557e-14
0.6250000000000002,-64.99772282959712,0.05294194941047846,0.5961177778672453,0.3176789203703014,3.5083047578154947e-14
0.6500000000000002,-64.99764271766216,0.05294245084603023,0.596117549018153,0.3176790734764525,3.9968028886505635e-14
0.6750000000000003,-64.99756331664608,0.05294295192118393,0.5961173126628634,0.317679231468239,4.39648317751562e-14
0.7000000000000003,-64.9974846226162,0.052943452229103106,0.5961170688960343,0.3176793942737059,4.929390229335695e-14
0.7250000000000003,-64.9974066322628,0.05294395140596411,0.5961168178116761,0.3176795618214797,5.062616992290714e-14
0.7500000000000003,-64.99732934281981,0.05294444912628208,0.5961165595032136,0.317679734040725,5.0182080713057076e-14
0.7750000000000004,-64.99725275199441,0.05294494509875198,0.5961162940635396,0.3176799108611064,5.1958437552457326e-14
0.8000000000000004,-64.99717685790439,0.05294543906254798,0.5961160215850619,0.31768009221275517,4.884981308350689e-14
0.8250000000000004,-64.99710165902256,0.05294593078403051,0.5961157421597438,0.3176802780262406,5.46229728115577e-14
0.8500000000000004,-64.99702715412738,0.05294642005381609,0.5961154558791393,0.3176804682325448,5.5067062021407764e-14
0.8750000000000004,-64.99695334225908,0.05294690668416989,0.596115162834423,0.317680662763041,5.5067062021407764e-14
0.9000000000000005,-64.99688022268073,0.05294739050668537,0.5961148631164166,0.3176808615494749,5.728750807065808e-14
0.9250000000000005,-64.99680779484373,0.05294787137021942,0.5961145568156104,0.3176810645239483,6.261657858885883e-14
0.9500000000000005,-64.99673605835713,0.052948349139054704,0.5961142440221823,0.3176812716189058,6.972200594645983e-14
0.9750000000000005,-64.99666501296045,0.05294882369126426,0.5961139248260131,0.3176814827671229,6.52811138479592e-14
1.0000000000000004,-64.99659465849956,0.05294929491725592,0.5961135993167,0.3176816979016963,7.194245199571014e-14
1.0250000000000004,-64.9965249949054,0.052949762718476824,0.596113267583567,0.3176819169560358,7.149836278586008e-14
1.0500000000000003,-64.996456022175,0.05295022700626027,0.596112929715673,0.3176821398638575,6.838973831690964e-14
1.0750000000000002,-64.99638774035476,0.05295068770079927,0.596112585801819,0.3176823665591784,6.927791673660977e-14
1.1,-64.9963201495257,0.05295114473023276,0.5961122359305532,0.3176825969763122,7.416289804496046e-14
1.125,-64.99625324979033,0.05295159802983216,0.596111880190174,0.3176828310498657,7.593925488436071e-14
1.15,-64.99618704126111,0.05295204754127702,0.5961115186687329,0.31768306871473684,8.126832540256146e-14
1.1749999999999998,-64.9961215240503,0.0529524932120101,0.5961111514540355,0.31768330990611265,8.615330671091215e-14
1.1999999999999997,-64.99605669826094,0.052952934994663046,0.5961107786336415,0.3176835545594684,8.482103908136196e-14
1.2249999999999996,-64.99599256397902,0.05295337284654486,0.5961104002948645,0.3176838026105673,8.260059303211165e-14
1.2499999999999996,-64.99592912126646,0.052953806729186266,0.5961100165247702,0.3176840539954604,8.393286066166183e-14
1.2749999999999995,-64.99586637015513,0.052954236607933775,0.5961096274101748,0.3176843086504876,7.815970093361102e-14
1.2999999999999994,-64.99580431064146,0.05295466245158801,0.5961092330376417,0.31768456651227805,7.283063041541027e-14
1.3249999999999993,-64.99574294268183,0.05295508423208136,0.596108833493479,0.317684827517752,7.993605777301127e-14
1.3499999999999992,-64.99568226618854,0.05295550192419064,0.5961084288637354,0.31768509160412217,8.704148513061227e-14
1.3749999999999991,-64.99562228102629,0.05295591550528093,0.5961080192341967,0.31768535870889564,9.237055564881302e-14
1.399999999999999,-64.99556298700915,0.05295632495507703,0.5961076046903812,0.31768562876987605,9.059419880941277e-14
1.424999999999999,-64.99550438389798,0.05295673025545971,0.5961071853175353,0.3176859017251658,8.43769498715119e-14
1.4499999999999988,-64.99544647139817,0.052957131390283754,0.5961067612006288,0.3176861775131686,7.904787935331115e-14
1.4749999999999988,-64.99538924915777,0.05295752834521562,0.5961063324243496,0.3176864560725918,7.993605777301127e-14
1.4999999999999987,-64.99533271676592,0.05295792110758835,0.596105899073099,0.3176867373424495,8.08242361927114e-14
1.5249999999999986,-64.9952768737515,0.05295830966627207,0.5961054612309858,0.31768702126206494,7.72715225139109e-14
1.5499999999999985,-64.99522171958202,0.05295869401155802,0.5961050189818218,0.31768730777107346,8.260059303211165e-14
1.5749999999999984,-64.99516725366283,0.05295907413505504,0.5961045724091154,0.31768759680942554,7.72715225139109e-14
1.5999999999999983,-64.99511347533631,0.05295945002959674,0.5961041215960666,0.3176878883173896,7.105427357601002e-14
1.6249999999999982,-64.99506038388142,0.05295982168915844,0.5961036666255615,0.31768818223555506,7.37188088351104e-14
1.6499999999999981,-64.99500797851334,0.052960189108782724,0.5961032075801662,0.3176884785048353,6.838973831690964e-14
1.674999999999998,-64.99495625838316,0.05296055228451254,0.5961027445421216,0.31768877706647064,7.016609515630989e-14
1.699999999999998,-64.99490522257778,0.05296091121333126,0.5961022775933377,0.31768907786203143,7.37188088351104e-14
1.7249999999999979,-64.99485487011995,0.05296126589310872,0.5961018068153877,0.3176893808334209,7.638334409421077e-14
1.7499999999999978,-64.99480519996824,0.05296161632255261,0.5961013322895028,0.3176896859228783,7.283063041541027e-14
1.7749999999999977,-64.99475621101725,0.05296196250116477,0.5961008540965664,0.3176899930729816,6.572520305780927e-14
1.7999999999999976,-64.9947079020978,0.05296230442920165,0.5961003723171086,0.31769030222665096,6.394884621840902e-14
1.8249999999999975,-64.99466027197728,0.05296264210763864,0.5960998870313006,0.3176906133271509,6.306066779870889e-14
1.8499999999999974,-64.99461331935994,0.05296297553813773,0.5960993983189494,0.3176909263180936,5.861977570020827e-14
1.8749999999999973,-64.99456704288731,0.05296330472301819,0.5960989062594926,0.3176912411434418,5.417888360170764e-14
1.8999999999999972,-64.99452144113864,0.05296362966522992,0.5960984109319926,0.3176915577475114,4.707345624410664e-14
1.9249999999999972,-64.9944765126314,0.0529639503683292,0.5960979124151314,0.31769187607497407,4.707345624410664e-14
1.949999999999997,-64.99443225582175,0.05296426683645655,0.596097410787206,0.31769219607086024,5.5067062021407764e-14
1.974999999999997,-64.99438866910519,0.05296457907431644,0.5960969061261225,0.31769251768056156,5.684341886080802e-14
1.999999999999997,-64.99434575081705,0.052964887087158706,0.5960963985093914,0.31769284084983346,5.5067062021407764e-14
2.024999999999997,-64.9943034992331,0.05296519088076146,0.5960958880141227,0.3176931655247978,5.950795411990839e-14
2.0499999999999967,-64.99426191257024,0.05296549046141532,0.5960953747170209,0.3176934916519453,5.773159728050814e-14
2.0749999999999966,-64.99422098898708,0.05296578583590884,0.59609485869438,0.317693819178138,5.3290705182007514e-14
2.0999999999999965,-64.99418072658463,0.05296607701151494,0.5960943400220788,0.31769414805061136,5.684341886080802e-14
2.1249999999999964,-64.99414112340699,0.052966363995978365,0.5960938187755768,0.317694478216977,5.417888360170764e-14
2.1499999999999964,-64.994102177442,0.052966646797503854,0.5960932950299087,0.3176948096252247,5.417888360170764e-14
2.1749999999999963,-64.99406388662199,0.05296692542474518,0.5960927688596807,0.3176951422237245,5.595524044110789e-14
2.199999999999996,-64.99402624882444,0.05296719988679476,0.5960922403390655,0.3176954759612292,5.684341886080802e-14
2.224999999999996,-64.99398926187276,0.0529674701931739,0.5960917095417984,0.317695810786876,5.240252676230739e-14
2.249999999999996,-64.99395292353694,0.052967736353823555,0.5960911765411728,0.3176961466501886,4.973799150320701e-14
2.274999999999996,-64.99391723153435,0.05296799837909555,0.5960906414100364,0.3176964835010795,4.973799150320701e-14
2.299999999999996,-64.99388218353047,0.05296825627974424,0.5960901042207867,0.31769682128985144,4.3520742565306136e-14
2.3249999999999957,-64.99384777713958,0.05296851006691851,0.596089565045367,0.3176971599671996,4.796163466380676e-14
2.3499999999999956,-64.99381400992556,0.05296875975215415,0.5960890239552633,0.31769749948421305,5.240252676230739e-14
2.3749999999999956,-64.99378087940264,0.05296900534736648,0.5960884810214994,0.31769783979237665,4.529709940470639e-14
2.3999999999999955,-64.99374838303609,0.052969246864843306,0.596087936314634,0.31769818084357265,4.440892098500626e-14
2.4249999999999954,-64.99371651824306,0.052969484317238025,0.5960873899047568,0.3176985225900823,4.796163466380676e-14
2.4499999999999953,-64.99368528239329,0.05296971771756305,0.5960868418614851,0.3176988649845873,4.263256414560601e-14
2.474999999999995,-64.99365467280983,0.052969947079183316,0.5960862922539599,0.3176992079801714,4.085620730620576e-14
2.499999999999995,-64.99362468676986,0.052970172415810056,0.5960857411508432,0.31769955153032176,3.730349362740526e-14
2.524999999999995,-64.99359532150544,0.05297039374149466,0.5960851886203142,0.31769989558893014,3.197442310920451e-14
2.549999999999995,-64.9935665742042,0.05297061107062272,0.5960846347300666,0.3177002401102944,3.375077994860476e-14
2.574999999999995,-64.99353844201018,0.05297082441790815,0.5960840795473048,0.31770058504911963,3.019806626980426e-14
2.5999999999999948,-64.99351092202453,0.0529710337983875,0.5960835231387418,0.3177009303605194,2.842170943040401e-14
2.6249999999999947,-64.99348401130628,0.05297123922741427,0.5960829655705955,0.3177012760000167,2.842170943040401e-14
2.6499999999999946,-64.9934577068731,0.05297144072065339,0.5960824069085863,0.31770162192354523,2.4868995751603507e-14
2.6749999999999945,-64.99343200570203,0.05297163829407578,0.5960818472179341,0.3177019680874502,2.6645352591003757e-14
2.6999999999999944,-64.99340690473026,0.052971831963952935,0.596081286563356,0.31770231444848945,2.3092638912203256e-14
2.7249999999999943,-64.99338240085584,0.052972021746851644,0.5960807250090633,0.3177026609638341,2.1316282072803006e-14
2.7499999999999942,-64.99335849093843,0.052972207659628734,0.5960801626187591,0.3177030075910696,1.7763568394002505e-14
2.774999999999994,-64.9933351718001,0.052972389719425875,0.5960795994556359,0.3177033542881964,1.4210854715202004e-14
2.799999999999994,-64.99331244022596,0.052972567943664485,0.5960790355823737,0.3177037010136307,1.9539925233402755e-14
2.824999999999994,-64.99329029296504,0.052972742350040604,0.5960784710611372,0.31770404772620503,1.5987211554602254e-14
2.849999999999994,-64.99326872673089,0.05297291295651989,0.5960779059535736,0.317704394385169,1.2434497875801753e-14
2.874999999999994,-64.99324773820238,0.05297307978133261,0.5960773403208109,0.31770474095018975,7.105427357601002e-15
2.8999999999999937,-64.99322732402443,0.05297324284296872,0.5960767742234558,0.31770508738135245,1.0658141036401503e-14
2.9249999999999936,-64.99320748080872,0.05297340216017295,0.5960762077215916,0.31770543363916076,1.4210854715202004e-14
2.9499999999999935,-64.99318820513443,0.05297355775193991,0.5960756408747766,0.3177057796845373,1.0658141036401503e-14
2.9749999999999934,-64.99316949354893,0.05297370963750928,0.596075073742042,0.3177061254788238,3.552713678800501e-15
2.9999999999999933,-64.99315134256852,0.05297385783636101,0.5960745063818906,0.3177064709837817,3.552713678800501e-15
3.0249999999999932,-64.99313374867916,0.05297400236821053,0.5960739388522949,0.31770681616159197,1.7763568394002505e-15
3.049999999999993,-64.99311670833711,0.052974143253004036,0.5960733712106956,0.3177071609748557,8.881784197001252e-15
3.074999999999993,-64.99310021796975,0.05297428051091377,0.5960728035140005,0.317707505386594,1.0658141036401503e-14
3.099999999999993,-64.9930842739762,0.05297441416233334,0.5960722358185826,0.3177078493602481,1.0658141036401503e-14
3.124999999999993,-64.993068872728,0.052974544227873066,0.5960716681802793,0.31770819285967955,5.329070518200751e-15
3.149999999999993,-64.99305401056989,0.052974670728355384,0.5960711006543908,0.31770853584916997,8.881784197001252e-15
3.1749999999999927,-64.99303968382046,0.05297479368481023,0.596070533295679,0.31770887829342115,1.7763568394002505e-15
3.1999999999999926,-64.99302588877279,0.05297491311847046,0.5960699661583668,0.3177092201575549,0.0
3.2249999999999925,-64.99301262169523,0.052975029050767355,0.5960693992961366,0.3177095614071128,5.329070518200751e-15
3.2499999999999925,-64.99299987883202,0.05297514150332608,0.5960688327621295,0.31770990200805627,1.7763568394002505e-15
3.2749999999999924,-64.99298765640398,0.052975250497961174,0.5960682666089449,0.31771024192676595,-1.7763568394002505e-15
3.2999999999999923,-64.99297595060918,0.05297535605667212,0.5960677008886389,0.3177105811300417,-5.329070518200751e-15
3.324999999999992,-64.9929647576236,0.052975458201638896,0.5960671356527245,0.31771091958510206,3.552713678800501e-15
3.349999999999992,-64.99295407360184,0.052975556955217586,0.5960665709521702,0.31771125725958405,0.0
3.374999999999992,-64.99294389467772,0.05297565233993595,0.5960660068373999,0.3177115941215425,-3.552713678800501e-15
3.399999999999992,-64.99293421696498,0.052975744378489106,0.596065443358292,0.31771193013944976,1.7763568394002505e-15
3.424999999999992,-64.99292503655793,0.052975833093735186,0.5960648805641796,0.31771226528219515,-3.552713678800501e-15
3.4499999999999917,-64.99291634953207,0.05297591850869102,0.5960643185038494,0.3177125995190843,-5.329070518200751e-15
3.4749999999999917,-64.99290815194475,0.05297600064652785,0.596063757225542,0.3177129328198387,-8.881784197001252e-15
3.4999999999999916,-64.99290043983582,0.0529760795305671,0.596063196776951,0.31771326515459486,-1.4210854715202004e-14
3.5249999999999915,-64.99289320922827,0.05297615518427612,0.5960626372052237,0.31771359649390374,-1.9539925233402755e-14
3.5499999999999914,-64.99288645612883,0.05297622763126399,0.5960620785569603,0.31771392680873006,-2.4868995751603507e-14
3.5749999999999913,-64.99288017652862,0.052976296895277365,0.5960615208782142,0.3177142560704514,-1.9539925233402755e-14
3.599999999999991,-64.99287436640378,0.05297636300019627,0.596060964214492,0.3177145842508574,-1.9539925233402755e-14
3.624999999999991,-64.99286902171609,0.052976425970030036,0.5960604086107534,0.3177149113221491,-2.4868995751603507e-14
3.649999999999991,-64.99286413841354,0.05297648582891314,0.5960598541114116,0.3177152372569377,-2.4868995751603507e-14
3.674999999999991,-64.99285971243098,0.05297654260110119,0.5960593007603334,0.31771556202824397,-2.3092638912203256e-14
3.699999999999991,-64.99285573969075,0.05297659631096685,0.5960587486008395,0.31771588560949715,-2.3092638912203256e-14
3.7249999999999908,-64.99285221610322,0.05297664698299582,0.5960581976757049,0.31771620797453387,-2.4868995751603507e-14
3.7499999999999907,-64.99284913756739,0.052976694641782854,0.5960576480271591,0.3177165290975972,-2.3092638912203256e-14
3.7749999999999906,-64.99284649997155,0.0529767393120278,0.5960570996968869,0.31771684895333546,-2.3092638912203256e-14
3.7999999999999905,-64.99284429919379,0.05297678101853165,0.5960565527260286,0.31771716751680135,-2.4868995751603507e-14
3.8249999999999904,-64.99284253110262,0.05297681978619264,0.5960560071551808,0.3177174847634504,-1.9539925233402755e-14
3.8499999999999903,-64.99284119155756,0.05297685564000238,0.5960554630243968,0.3177178006691401,-1.7763568394002505e-14
3.8749999999999902,-64.99284027640965,0.05297688860504196,0.5960549203731876,0.31771811521012866,-1.4210854715202004e-14
3.89999999999999,-64.9928397815021,0.05297691870647818,0.5960543792405226,0.31771842836307357,-5.329070518200751e-15
3.92499999999999,-64.99283970267079,0.052976945969559715,0.59605383966483,0.3177187401050304,-1.7763568394002505e-15
3.94999999999999,-64.99284003574488,0.052976970419613356,0.5960533016839982,0.3177190504134515,-3.552713678800501e-15
3.97499999999999,-64.9928407765473,0.05297699208204027,0.5960527653353763,0.31771935926618466,-8.881784197001252e-15
3.99999999999999,-64.99284192089534,0.052977010982312285,0.5960522306557755,0.3177196666414716,-1.2434497875801753e-14
4.02499999999999,-64.99284346460122,0.05297702714596822,0.5960516976814698,0.3177199725179467,-1.4210854715202004e-14
4.04999999999999,-64.99284540347256,0.05297704059861022,0.5960511664481971,0.31772027687463544,-5.329070518200751e-15
4.07499999999999,-64.99284773331297,0.05297705136590014,0.5960506369911603,0.31772057969095296,-3.552713678800501e-15
4.099999999999991,-64.99285044992257,0.05297705947355593,0.5960501093450289,0.3177208809467025,0.0
4.124999999999991,-64.9928535490985,0.052977064947348086,0.5960495835439396,0.3177211806220739,3.552713678800501e-15
4.1499999999999915,-64.99285702663543,0.05297706781309611,0.5960490596214979,0.317721478697642,1.0658141036401503e-14
4.174999999999992,-64.99286087832613,0.05297706809666499,0.5960485376107797,0.31772177515436506,1.7763568394002505e-14
4.199999999999992,-64.9928650999619,0.05297706582396174,0.596048017544332,0.31772206997358304,1.7763568394002505e-14
4.2249999999999925,-64.99286968733315,0.05297706102093194,0.596047499454175,0.31772236313701613,1.0658141036401503e-14
4.249999999999993,-64.99287463622984,0.052977053713556314,0.5960469833718033,0.3177226546267628,1.2434497875801753e-14
4.274999999999993,-64.99287994244202,0.052977043927847356,0.5960464693281872,0.3177229444252983,1.5987211554602254e-14
4.299999999999994,-64.99288560176029,0.052977031689845966,0.5960459573537746,0.3177232325154728,1.7763568394002505e-14
4.324999999999994,-64.99289160997633,0.052977017025618106,0.5960454474784928,0.3177235188805097,1.5987211554602254e-14
4.349999999999994,-64.9928979628833,0.05297699996125152,0.5960449397317493,0.31772380350400375,7.105427357601002e-15
4.374999999999995,-64.99290465627641,0.05297698052285245,0.5960444341424346,0.3177240863699192,7.105427357601002e-15
4.399999999999995,-64.99291168595332,0.05297695873654243,0.5960439307389229,0.31772436746258825,3.552713678800501e-15
4.424999999999995,-64.99291904771462,0.05297693462845504,0.596043429549075,0.3177246467667087,7.105427357601002e-15
4.449999999999996,-64.99292673736434,0.052976908224732756,0.5960429306002388,0.31772492426734245,8.881784197001252e-15
4.474999999999996,-64.99293475071035,0.05297687955152379,0.5960424339192526,0.3177251999499134,1.4210854715202004e-14
4.4999999999999964,-64.99294308356481,0.05297684863497898,0.5960419395324459,0.31772547380020555,1.0658141036401503e-14
4.524999999999997,-64.99295173174465,0.05297681550124869,0.5960414474656419,0.3177257458043611,1.0658141036401503e-14
4.549999999999997,-64.992960691072,0.0529767801764798,0.5960409577441594,0.3177260159488783,1.4210854715202004e-14
4.5749999999999975,-64.99296995737461,0.05297674268681262,0.5960404703928147,0.3177262842206096,1.0658141036401503e-14
4.599999999999998,-64.9929795264863,0.052976703058377955,0.5960399854359238,0.31772655060675964,8.881784197001252e-15
4.624999999999998,-64.99298939424735,0.05297666131729411,0.5960395028973047,0.317726815094883,1.2434497875801753e-14
4.649999999999999,-64.99299955650498,0.052976617489663966,0.5960390228002789,0.3177270776728823,8.881784197001252e-15
4.674999999999999,-64.99301000911373,0.0529765716015721,0.5960385451676743,0.3177273383290061,3.552713678800501e-15
4.699999999999999,-64.99302074793584,0.05297652367908188,0.5960380700218271,0.3177275970518469,1.0658141036401503e-14
4.725,-64.99303176884175,0.05297647374823267,0.5960375973845841,0.3177278538303386,7.105427357601002e-15
4.75,-64.99304306771036,0.052976421835036994,0.596037127277305,0.3177281086537548,1.4210854715202004e-14
4.775,-64.99305464042958,0.05297636796547777,0.5960366597208645,0.31772836151170647,1.7763568394002505e-14
4.800000000000001,-64.99306648289661,0.052976312165505565,0.5960361947356552,0.31772861239413974,1.7763568394002505e-14
4.825000000000001,-64.99307859101837,0.05297625446103589,0.5960357323415892,0.3177288612913337,1.4210854715202004e-14
4.850000000000001,-64.99309096071188,0.052976194877946504,0.5960352725581015,0.31772910819389827,1.0658141036401503e-14
4.875000000000002,-64.99310358790461,0.05297613344207478,0.5960348154041516,0.31772935309277184,1.0658141036401503e-14
4.900000000000002,-64.9931164685349,0.05297607017921508,0.5960343608982263,0.3177295959792191,7.105427357601002e-15
4.9250000000000025,-64.99312959855224,0.05297600511511616,0.5960339090583423,0.3177298368448289,8.881784197001252e-15
4.950000000000003,-64.99314297391777,0.052975938275478626,0.5960334599020488,0.3177300756815117,7.105427357601002e-15
4.975000000000003,-64.99315659060449,0.052975869685952394,0.5960330134464298,0.31773031248149736,1.7763568394002505e-15
5.0,-64.99317044459768,0.052975799372134216,0.5960325697081068,0.31773054723733307,0.0
5.025,-64.7452482991051,0.053054949169209706,0.5960193307057348,0.3177395177289763,-5.329070518200751e-15
5.050000000000001,-64.50125200102931,0.053280682205329985,0.5959806443449243,0.31776581867346015,0.0
5.075000000000001,-64.26090242966013,0.05363705372225465,0.5959167100165867,0.31780924651343734,-7.105427357601002e-15
5.100000000000001,-64.02394613440826,0.054110279328541004,0.595827703254557,0.3178696111948508,-1.7763568394002505e-15
5.125000000000002,-63.79014941473473,0.054688424486605346,0.5957137776129307,0.31794673510544824,-3.552713678800501e-15
5.150000000000002,-63.55929372705987,0.055361144263669705,0.5955750660374205,0.318040452323973,-3.552713678800501e-15
5.1750000000000025,-63.33117207789815,0.056119464521091386,0.5954116818304304,0.31815060811399454,-7.105427357601002e-15
5.200000000000003,-63.1055861548861,0.05695559743634847,0.5952237192840882,0.3182770586130697,-1.7763568394002505e-15
5.225000000000003,-62.88234401283277,0.05786278560021896,0.5950112540366878,0.318419670680278,-3.552713678800501e-15
5.2500000000000036,-62.661258178695455,0.05883516999820443,0.5947743431939292,0.31857832187440216,0.0
5.275000000000004,-62.44214407307519,0.059867678035653266,0.5945130252456808,0.3187529005420015,-3.552713678800501e-15
5.300000000000004,-62.22481867027416,0.06095592844901036,0.5942273198007502,0.3189433059999736,-3.552713678800501e-15
5.325000000000005,-62.00909933680952,0.06209615049771815,0.5939172271556766,0.31914944880136226,-7.105427357601002e-15
5.350000000000005,-61.79480280137854,0.0632851152802901,0.5935827277083513,0.3193712510764675,-5.329070518200751e-15
5.375000000000005,-61.58174421891237,0.06452007738529655,0.5932237812229604,0.3196086469439804,-8.881784197001252e-15
5.400000000000006,-61.369736298453475,0.06579872538997013,0.5928403259490861,0.3198615829890739,-1.0658141036401503e-14
5.425000000000006,-61.15858846979413,0.06711913996878108,0.5924322775945596,0.3201300188072662,-7.105427357601002e-15
5.450000000000006,-60.948106067583815,0.06847975858184223,0.5919995281487047,0.3204139276145253,-7.105427357601002e-15
5.475000000000007,-60.7380895142828,0.0698793458864803,0.5915419445497925,0.32071329692559186,-3.552713678800501e-15
5.500000000000007,-60.52833348514458,0.07131696916124344,0.5910593671877544,0.32102812930391594,-7.105427357601002e-15
5.5250000000000075,-60.318626039517355,0.07279197815524377,0.5905516082303658,0.32135844318799006,-7.105427357601002e-15
5.550000000000008,-60.10874770328108,0.07430398888132438,0.5900184497581363,0.3217042738002601,-7.105427357601002e-15
5.575000000000008,-59.898470487257626,0.07585287096260171,0.5894596416899373,0.3220656741462494,-1.0658141036401503e-14
5.6000000000000085,-59.68755682599388,0.07743873822138274,0.588874899477866,0.3224427161130824,-1.4210854715202004e-14
5.625000000000009,-59.475758420442226,0.07906194226975025,0.5882639015459082,0.32283549167828224,-1.4210854715202004e-14
5.650000000000009,-59.26281496674909,0.08072306892435699,0.587626286442491,0.3232441142415876,-1.5987211554602254e-14
5.67500000000001,-59.048452751590645,0.08242293732601297,0.5869616496719084,0.3236687200946356,-1.4210854715202004e-14
5.70000000000001,-58.832383092225925,0.08416260169914676,0.5862695401637009,0.32410947004574575,-1.4210854715202004e-14
5.72500000000001,-58.61430059661264,0.08594335573870228,0.5855494563322046,0.32456655121977823,-1.0658141036401503e-14
5.750000000000011,-58.39388121546971,0.08776673966396537,0.5848008416704582,0.3250401790562029,-1.5987211554602254e-14
5.775000000000011,-58.170780053967256,0.08963455003165931,0.584023079813206,0.32553059953219515,-1.5987211554602254e-14
5.800000000000011,-57.94462890564553,0.09154885245591407,0.5832154889925653,0.32603809164187425,-1.4210854715202004e-14
5.825000000000012,-57.71503346503984,0.09351199744201748,0.5823773157966622,0.3265629701678558,-1.0658141036401503e-14
5.850000000000012,-57.481570168106025,0.09552663960599064,0.5815077281257148,0.3271055887872549,-1.4210854715202004e-14
5.875000000000012,-57.24378260063592,0.09759576062503625,0.580605807221084,0.32766634356134977,-1.0658141036401503e-14
5.900000000000013,-57.00117740409165,0.09972269634717161,0.5796705386200152,0.32824567686653544,-7.105427357601002e-15
5.925000000000013,-56.753219595256304,0.10191116858471268,0.578700801861251,0.3288440818342594,-7.105427357601002e-15
5.9500000000000135,-56.49932720027408,0.10416532222914181,0.5776953587332949,0.3294621073797072,-3.552713678800501e-15
5.975000000000014,-56.23886508437842,0.10648976845845073,0.5766528398164321,0.3301003639135541,0.0
6.000000000000014,-55.97113783505124,0.10888963496745475,0.5755717290198641,0.3307595298486982,-7.105427357601002e-15
6.025000000000015,-55.695381527467525,0.11137062434323138,0.5744503457542237,0.33144035903527114,-7.105427357601002e-15
6.050000000000015,-55.41075416551691,0.11393908193976335,0.5732868243043764,0.33214368928329796,-7.105427357601002e-15
6.075000000000015,-55.11632454774553,0.11660207488815232,0.5720790898740652,0.33287045216433303,-7.105427357601002e-15
6.100000000000016,-54.811059253030336,0.11936748422417805,0.570824830657806,0.3336216843227131,-7.105427357601002e-15
6.125000000000016,-54.49380737285511,0.12224411253973376,0.5695214651502949,0.33439854057567886,0.0
6.150000000000016,-54.16328253204272,0.12524181008947777,0.5681661037214183,0.33520230914198457,0.0
6.175000000000017,-53.81804163296145,0.12837162293544538,0.5667555032553464,0.3360344294139601,3.552713678800501e-15
6.200000000000017,-53.45645962337112,0.13164596752449828,0.5652860133616033,0.33689651278248095,7.105427357601002e-15
6.225000000000017,-53.0766994171088,0.13507883711040225,0.5637535122968443,0.33779036714340765,0.0
6.250000000000018,-52.676675879105154,0.1386860467110126,0.562153330265496,0.3387180258649563,0.0
6.275000000000018,-52.25401250778644,0.1424855249054164,0.5604801571659176,0.3396817821876299,3.552713678800501e-15
6.3000000000000185,-51.80598909031591,0.1464976628218525,0.5587279310784902,0.3406842302743463,-3.552713678800501e-15
6.325000000000019,-51.32947814502838,0.15074573326928836,0.5568897028052879,0.34172831444494045,-3.552713678800501e-15
6.350000000000019,-50.82086736871694,0.15525639628485255,0.5549574705089674,0.3428173885385914,-3.552713678800501e-15
6.3750000000000195,-50.2759645319181,0.16006031161352097,0.5529219768922015,0.3439552878797045,0.0
6.40000000000002,-49.68988025779651,0.16519288407040109,0.5507724593343708,0.345146417017174,0.0
6.42500000000002,-49.056882808232224,0.17069517469185327,0.5484963408956683,0.3463958573168469,-3.552713678800501e-15
6.450000000000021,-48.37021729362476,0.17661501946398703,0.546078847094087,0.34770949968281656,0.0
6.475000000000021,-47.62187950948339,0.18300840869218943,0.5435025299707148,0.3490942092572538,-7.105427357601002e-15
6.500000000000021,-46.802331754574794,0.1899411942246172,0.5407466775963607,0.35055803101956606,-7.105427357601002e-15
6.525000000000022,-45.90014437163498,0.19749120913375454,0.5377865848990888,0.35211044792107304,-3.552713678800501e-15
6.550000000000022,-44.90154228092456,0.20575090504603855,0.5345926629055525,0.35376270672190957,7.105427357601002e-15
6.575000000000022,-43.78983049347449,0.21483063497043517,0.5311293732424728,0.35552823121374755,3.552713678800501e-15
6.600000000000023,-42.54466688530167,0.22486273064257517,0.5273540031643229,0.35742314812279724,7.105427357601002e-15
6.625000000000023,-41.14114556237131,0.23600653424645732,0.5232153627595801,0.3594669575852541,7.105427357601002e-15
6.6500000000000234,-39.54865279996301,0.2484545252587711,0.5186526247451494,0.36168338702165775,3.552713678800501e-15
6.675000000000024,-37.72946608315949,0.2624395929374397,0.5135947931244041,0.3641014726419894,3.552713678800501e-15
6.700000000000024,-35.63709831708958,0.2782432614336495,0.5079617476848185,0.3667569123062467,0.0
6.7250000000000245,-33.21447014432223,0.29620412145561315,0.5016684915070023,0.369693717777482,0.0
6.750000000000025,-30.392174682305004,0.31672458344885257,0.49463492804909226,0.37296614545832507,0.0
6.775000000000025,-27.08747653422299,0.3402719100637592,0.48680340848634407,0.3766407700433916,0.0
6.800000000000026,-23.20542636801476,0.36736579882216897,0.47816368462882003,0.3807983329233226,7.105427357601002e-15
6.825000000000026,-18.644806473857155,0.3985394580560871,0.46877810880801146,0.38553457714915035,7.105427357601002e-15
6.850000000000026,-13.31366108899374,0.43425588134525106,0.4587914333161482,0.3909586200168957,0.0
6.875000000000027,-7.1610982858274825,0.47476218873704246,0.44840988790782543,0.39718659316683935,0.0
6.900000000000027,-0.23036997824127514,0.5198850639799906,0.4378525915212863,0.40432778159163085,0.0
6.925000000000027,7.274332660638428,0.5688203886999195,0.42730178916757633,0.41246153771473915,0.0
6.950000000000028,14.942877181117769,0.6200338495031157,0.41687897120540635,0.4216075420330844,0.0
6.975000000000028,22.196676185524684,0.671403232230089,0.40665025684507466,0.43169962923915306,-1.4210854715202004e-14
7.000000000000028,28.443040517586823,0.72063075310875,0.39664519830063005,0.44257929473395546,1.4210854715202004e-14
7.025000000000029,33.283515018124156,0.7657692266432172,0.3868739487401031,0.4540197551674955,1.4210854715202004e-14
7.050000000000029,36.63685094955853,0.8056015818363482,0.37733773365260054,0.4657732456022079,0.0
7.0750000000000295,38.69697922727505,0.8397144281481238,0.3680339646223264,0.47761831143126743,-1.4210854715202004e-14
7.10000000000003,39.785641264231764,0.8683171653831216,0.35895846447502955,0.4893867049317488,0.0
7.12500000000003,40.215461624926036,0.8919739530186503,0.3501064041982387,0.5009663886037653,0.0
7.1500000000000306,40.22321518067805,0.9113802873039933,0.34147270917525196,0.512290211018277,-1.4210854715202004e-14
7.175000000000031,39.96314659376132,0.9272266516670638,0.33305224669804123,0.5233212500367956,0.0
7.200000000000031,39.52691731490009,0.9401346042691263,0.32483991762558095,0.5340408572642563,1.4210854715202004e-14
7.225000000000032,38.9665586276612,0.9506365224252367,0.3168307022525775,0.544440778018391,1.4210854715202004e-14
7.250000000000032,38.31150653867192,0.959176617166095,0.30901968288862663,0.5545185523733844,1.4210854715202004e-14
7.275000000000032,37.57906140882239,0.9661203565051498,0.30140205435341155,0.5642750060852625,1.4210854715202004e-14
7.300000000000033,36.78017982053117,0.9717660990777299,0.29397312826280053,0.5737129174339727,4.263256414560601e-14
7.325000000000033,35.92250471157581,0.9763563365506066,0.2867283341915105,0.5828363023784309,4.263256414560601e-14
7.350000000000033,35.01190976994748,0.9800876289854598,0.27966321930249083,0.5916500151681203,2.842170943040401e-14
7.375000000000034,34.05328303630663,0.9831190355335458,0.27277344724755637,0.6001595097567867,4.263256414560601e-14
7.400000000000034,33.05092836753684,0.9855791218986251,0.2660547967431932,0.608370685153918,2.842170943040401e-14
7.4250000000000345,32.00877447962613,0.9875717182604596,0.2595031600256415,0.6162897765833872,5.684341886080802e-14
7.450000000000035,30.930485386079347,0.9891806178350828,0.253114541290536,0.6239232732036611,5.684341886080802e-14
7.475000000000035,29.819519013674174,0.9904733938449038,0.24688505517319506,0.6312778523691648,9.947598300641403e-14
7.5000000000000355,28.679157902739682,0.9915044907928265,0.24081092530062465,0.6383603250046823,1.1368683772161603e-13
7.525000000000036,27.512524641493982,0.9923177224914629,0.2348884829331017,0.6451775890203457,1.1368683772161603e-13
7.550000000000036,26.32258898594003,0.9929482873925207,0.22911416570586676,0.6517365889459467,1.2789769243681803e-13
7.575000000000037,25.11217061636353,0.9934243924615274,0.2234845164771064,0.6580442806505462,1.2789769243681803e-13
7.600000000000037,23.883939828663056,0.9937685603541253,0.21799618228561538,0.6641076004015403,1.5631940186722204e-13
7.625000000000037,22.640417507345166,0.9939986808171873,0.2126459134195742,0.6699334377411102,1.7053025658242404e-13
7.650000000000038,21.38397515859676,0.9941288557696502,0.20743056259637327,0.6755286117887606,1.8474111129762605e-13
7.675000000000038,20.116835433001384,0.9941700780880394,0.2023470842521517,0.6808998506558447,1.9895196601282805e-13
7.700000000000038,18.841073350221578,0.9941307764145075,0.19739253393856715,0.686053773704191,1.7053025658242404e-13
7.725000000000039,17.55861830249549,0.9940172520349642,0.1925640678231955,0.6909968764093716,1.5631940186722204e-13
7.750000000000039,16.27125683048459,0.9938340287919384,0.18785894228881736,0.6957355176076824,2.7000623958883807e-13
7.775000000000039,14.980636115515093,0.9935841328881067,0.18327451362563937,0.700275908919174,2.2737367544323206e-13
7.80000000000004,13.688268104832057,0.9932693161228567,0.17880823780918303,0.7046241061498162,2.7000623958883807e-13
7.82500000000004,12.395534173420979,0.9928902334369493,0.1744576703551172,0.7087860024856264,2.4158453015843406e-13
7.8500000000000405,11.103690222095274,0.99244658349654,0.17022046624067744,0.712767323301144,2.984279490192421e-13
7.875000000000041,9.813872113422345,0.9919372193269831,0.16609437988047157,0.7165736224143469,3.410605131648481e-13
7.900000000000041,8.527101352302045,0.9913602346270028,0.16207726514238133,0.7202102796300797,2.7000623958883807e-13
7.925000000000042,7.244290925011894,0.9907130302884861,0.15816707538690677,0.7236824994242462,2.8421709430404007e-13
7.950000000000042,5.966251218201312,0.9899923647624721,0.15436186351063338,0.7269953106312862,3.552713678800501e-13
7.975000000000042,4.693695946915782,0.9891943912044688,0.1506597819715183,0.7301535670076483,4.405364961712621e-13
8.000000000000043,3.4272480277713964,0.9883146837669564,0.1470590827703869,0.733161948553935,3.552713678800501e-13
8.025000000000043,2.1674453395611275,0.9873482549556292,0.14355811735942253,0.7360249634879653,2.984279490192421e-13
8.050000000000043,0.9147463186583138,0.9862895656058024,0.140155336444567,0.7387469507700555,3.268496584496461e-13
8.075000000000044,-0.33046465952152637,0.985132528748042,0.1368492896447081,0.741332083090233,2.984279490192421e-13
8.100000000000044,-1.5678721590790161,0.9838705084024849,0.1336386249664463,0.7437843702347846,3.552713678800501e-13
8.125000000000044,-2.7972248668575292,0.9824963141572163,0.13052208804929022,0.7461076627564176,3.410605131648481e-13
8.150000000000045,-4.018331124733903,0.9810021922372545,0.12749852113258703,0.7483056558783366,2.8421709430404007e-13
8.175000000000045,-5.231054856200138,0.9793798136485498,0.12456686169268065,0.7503818935676615,3.836930773104541e-13
8.200000000000045,-6.4353119342334955,0.9776202598784979,0.12172614069712302,0.7523397727178254,3.481659405224491e-13
8.225000000000046,-7.631067039969901,0.9757140065442433,0.11897548042273579,0.7541825473828956,4.334310688136611e-13
8.250000000000046,-8.818331064709716,0.9736509052965543,0.11631409178650359,0.755913333009177,3.552713678800501e-13
8.275000000000047,-9.997159110986722,0.9714201642048027,0.11374127114329811,0.7575351106110373,3.765876499528531e-13
8.300000000000047,-11.167649151449178,0.9690103267624366,0.11125639651292625,0.7590507308387083,3.197442310920451e-13
8.325000000000047,-12.329941406707778,0.9664092495574521,0.10885892321157925,0.760462917885971,2.4868995751603507e-13
8.350000000000048,-13.484218504622246,0.9636040785442965,0.10654837887993912,0.7617742731852649,2.7000623958883807e-13
8.375000000000048,-14.630706483222257,0.9605812237283597,0.10432435792229615,0.7629872788370429,2.7000623958883807e-13
8.400000000000048,-15.76967669708262,0.9573263319284162,0.10218651539807819,0.7641043007193239,4.192202140984591e-13
8.425000000000049,-16.901448682028,0.9538242571136598,0.10013456043882793,0.7651275912226349,3.623767952376511e-13
8.450000000000049,-18.026394025137865,0.9500590276191839,0.09816824929904108,0.7660592915551291,1.7763568394002505e-13
8.47500000000005,-19.144941275888304,0.9460138093273583,0.09628737818699375,0.7669014335629345,1.8474111129762605e-13
8.50000000000005,-20.257581919790294,0.9416708636650077,0.09449177605976483,0.7676559410120121,3.623767952376511e-13
8.52500000000005,-21.36487741812158,0.93701149901246,0.09278129760259811,0.7683246302803146,2.2737367544323206e-13
8.55000000000005,-22.46746729650872,0.9320160138580479,0.09115581664365766,0.7689092104131094,8.526512829121202e-14
8.57500000000005,-23.566078241483993,0.9266636297713278,0.08961522027805566,0.7694112825002649,-3.552713678800501e-14
8.600000000000051,-24.661534137953506,0.9209324120245668,0.08815940398686903,0.7698323383423487,-1.0658141036401503e-13
8.625000000000052,-25.75476695173738,0.9147991754835992,0.08678826803532622,0.7701737583828137,7.815970093361102e-14
8.650000000000052,-26.846828329402477,0.9082393732397281,0.08550171541796672,0.7704368088966288,-6.394884621840902e-14
8.675000000000052,-27.938901751008217,0.9012269653942955,0.08429965158714796,0.7706226384417999,-5.684341886080802e-14
8.700000000000053,-29.032315027287183,0.8937342654761325,0.08318198615611953,0.7707322735998086,4.263256414560601e-14
8.725000000000053,-30.128552876516643,0.8857317622212442,0.08214863671197861,0.7707666140547894,1.3500311979441904e-13
8.750000000000053,-31.229269240892293,0.8771879149439399,0.08119953481173406,0.7707264270903471,1.8474111129762605e-13
8.775000000000054,-32.33629889770978,0.8680689215757892,0.08033463417240089,0.7706123416188091,2.7000623958883807e-13
8.800000000000054,-33.45166777383141,0.8583384597777602,0.07955392101049688,0.770424841902582,2.4868995751603507e-13
8.825000000000054,-34.577601165679525,0.8479574035297104,0.07885742644505318,0.7701642611839878,4.050093593832571e-13
8.850000000000055,-35.71652878015343,0.8368835205319887,0.07824524085882055,0.7698307755121875,4.050093593832571e-13
8.875000000000055,-36.871085119148105,0.8250711599777893,0.07771753012166094,0.7694243981480148,3.161915174132446e-13
8.900000000000055,-38.04410320316874,0.8124709462635545,0.07727455362358289,0.7689449750448808,2.913225216616411e-13
8.925000000000056,-39.23859893804272,0.7990295026523784,0.07691668414514628,0.7683921820517269,3.801403636316536e-13
8.950000000000056,-40.45774254631198,0.7846892406378515,0.07664442970770799,0.7677655246671587,3.055333763768431e-13
8.975000000000056,-41.70481239676251,0.7693882668217638,0.07645845768431357,0.7670643413953216,1.8829382497642655e-13
9.000000000000057,-42.983125284090804,0.7530604807366117,0.07635962158873137,0.7662878120125869,2.4868995751603507e-13
9.025000000000057,-44.295935801043804,0.7356359654724807,0.07634899104709668,0.7654349723410394,3.268496584496461e-13
9.050000000000058,-45.6462960655661,0.7170418092003874,0.0764278854116399,0.7645047374191554,4.867217739956686e-13
9.075000000000058,-47.03686602536707,0.6972035398198178,0.07659791116983625,0.7634959352225856,5.684341886080801e-13
9.100000000000058,-48.46966440168474,0.6760474050545957,0.07686100254890006,0.7624073532537309,6.181721801112872e-13
9.125000000000059,-49.94575191140571,0.6535037804707952,0.07721946327352622,0.7612378002908107,5.329070518200751e-13
9.150000000000059,-51.46484296817805,0.629512025301034,0.07767600503727207,0.759986185233249,3.623767952376511e-13
9.17500000000006,-53.02485122052118,0.6040271071037419,0.07823377468409701,0.7586516141387163,3.907985046680551e-13
9.20000000000006,-54.62138977117263,0.5770282430202563,0.07889635737328636,0.7572335050477721,3.801403636316536e-13
9.22500000000006,-56.2472699249726,0.5485296037416806,0.07966773760351706,0.7557317178997274,5.435651928564766e-13
9.25000000000006,-57.892072178122824,0.518592733546432,0.08055219519770429,0.7541466937294594,4.476419235288631e-13
9.27500000000006,-59.54189544120327,0.48733970865364584,0.08155411159147298,0.7524795935722377,5.329070518200751e-13
9.300000000000061,-61.179414895713215,0.45496520450015693,0.08267766645252608,0.7507324235673447,5.577760475716786e-13
9.325000000000061,-62.784378796479025,0.42174472509737804,0.0839264194032802,0.7489081294885913,5.968558980384842e-13
9.350000000000062,-64.33463074929945,0.38803561547108034,0.08530279821369603,0.7470106425359462,5.755396159656812e-13
9.375000000000062,-65.80764497807998,0.35426764875037947,0.0868075502931699,0.7450448600382551,6.856737400084967e-13
9.400000000000063,-67.18241875712906,0.32092142805084195,0.08843924860520652,0.7430165507695993,7.176481631177012e-13
9.425000000000063,-68.44142162093989,0.2884956216882257,0.09019396039874257,0.7409321848927537,7.105427357601002e-13
9.450000000000063,-69.57222100025862,0.2574674506799695,0.09206517254622139,0.7387987014794112,7.140954494389007e-13
9.475000000000064,-70.56844322964494,0.22825348747527302,0.09404401727797924,0.7366232387799497,5.258016244624741e-13
9.500000000000064,-71.42989051123105,0.20117833545833982,0.0961197709506773,0.7344128599099928,5.755396159656812e-13
9.525000000000064,-72.1618570443327,0.17645670031493582,0.09828053343463017,0.7321743065744474,4.831690603168681e-13
9.550000000000065,-72.77387790134681,0.15419061301772197,0.10051396210141715,0.7299138058520585,5.009326287108706e-13
9.575000000000065,-73.27823282871871,0.1343797749127378,0.10280794139966251,0.7276369427994668,6.181721801112872e-13
9.600000000000065,-73.68850301880768,0.11694057808836208,0.10515110668134466,0.725348598930038,5.577760475716786e-13
9.625000000000066,-74.01838165408361,0.10172878639947322,0.10753318924403471,0.723052946984208,7.318590178329032e-13
9.650000000000066,-74.28082420188468,0.08856173236411129,0.10994519056546367,0.7207534873814748,5.861977570020827e-13
9.675000000000066,-74.48753278381534,0.07723740083774126,0.11237941856992692,0.7184531109679377,4.014566457044566e-13
9.700000000000067,-74.64871590121325,0.06754925014578007,0.11482942749590415,0.7161541747293951,4.050093593832571e-13
9.725000000000067,-74.77304647723858,0.059296705745080544,0.11728990038751409,0.7138585804641683,4.334310688136611e-13
9.750000000000068,-74.86774545754422,0.05229188091647588,0.1197565050942241,0.7115678498303197,4.902744876744691e-13
9.775000000000068,-74.9387330715739,0.046363324508698456,0.1222257452347073,0.7092831920552228,4.014566457044566e-13
9.800000000000068,-74.99080696580675,0.04135760381049672,0.12469481926849066,0.7070055627040518,4.831690603168681e-13
9.825000000000069,-75.027821411211,0.037139419351972444,0.12716149452707548,0.7047357132855733,5.755396159656812e-13
9.850000000000069,-75.05285313056474,0.033590797377433694,0.12962399879936484,0.7024742322773391,6.394884621840902e-13
9.87500000000007,-75.06834702881805,0.03060975891698053,0.13208092946814945,0.7002215785471083,5.719869022868806e-13
9.90000000000007,-75.07623993326268,0.028108741032982786,0.13453117878990697,0.6979781082791197,4.156675004196586e-13
9.92500000000007,-75.07806317914037,0.02601295071336596,0.136973873288304,0.6957440964921477,4.938272013532696e-13
9.95000000000007,-75.07502622234969,0.02425876277682559,0.13940832508137938,0.6935197541356477,5.542233338928781e-13
9.97500000000007,-75.06808395976816,0.022792225199384182,0.14183399306974703,0.6913052416175585,5.471179065352771e-13
10.000000000000071,-75.0579904574504,0.021567703310985363,0.14425045214220863,0.6891006794797094,5.648814749292796e-13
10.025000000000071,-75.04534156362662,0.020546673858987865,0.14665736882512181,0.6869061568085217,4.547473508864641e-13
10.050000000000072,-75.03060855926006,0.01969666745912735,0.1490544820684404,0.6847217378561311,3.304023721284466e-13
10.075000000000072,-75.01416465408933,0.018990350833648004,0.15144158810292704,0.6825474672519142,5.044853423896711e-13
10.100000000000072,-74.99630581187566,0.01840473660606204,0.15381852851131728,0.680383374105969,5.755396159656812e-13
10.125000000000073,-74.97726710318769,0.017920506995086613,0.15618518083015756,0.6782294752425654,5.790923296444817e-13
10.150000000000073,-74.95723554271756,0.017521437659980765,0.15854145114123339,0.6760857777507323,5.293543381412746e-13
10.175000000000074,-74.93636016932275,0.017193908625149912,0.16088726822603813,0.6739522809988124,4.085620730620576e-13
10.200000000000074,-74.91475996613865,0.01692649028634232,0.16322257894803702,0.6718289782279996,4.476419235288631e-13
10.225000000000074,-74.89253008957948,0.01670959374390149,0.16554734459973566,0.6697158578148988,4.405364961712621e-13
10.250000000000075,-74.86974677424686,0.016535175980942642,0.1678615380084559,0.6676129042735879,5.329070518200751e-13
10.275000000000075,-74.84647120063323,0.016396491625618834,0.17016514123936302,0.6655200990523692,6.821210263296962e-13
10.300000000000075,-74.82275254970116,0.016287884164201363,0.17245814376924146,0.6634374211684612,7.496225862269057e-13
10.325000000000076,-74.79863041933298,0.016204610486480128,0.1747405410318454,0.6613648477145531,7.247535904753022e-13
10.350000000000076,-74.77413673935054,0.016142693542269947,0.17701233325700905,0.6593023542638704,7.460698725481052e-13
10.375000000000076,-74.74929729195912,0.016098798671179543,0.17927352454239112,0.6572499151947049,8.242295734817162e-13
10.400000000000077,-74.72413292121661,0.016070129845340328,0.18152412210977528,0.6552075039509191,9.183764859699295e-13
10.425000000000077,-74.69866049701074,0.01605434264667716,0.1837641357080559,0.6531750932514487,9.041656312547275e-13
10.450000000000077,-74.67289368490277,0.016049471297346282,0.185993577133031,0.6511526552590979,9.521272659185342e-13
10.475000000000078,-74.64684356217607,0.016053867484765262,0.1882124598403913,0.6491401617167787,8.668621376273222e-13
10.500000000000078,-74.6205191118217,0.01606614908113097,0.1904207986332132,0.6471375840576591,9.094947017729282e-13
10.525000000000079,-74.5939276194638,0.016085157160468842,0.1926186094091317,0.6451448934943607,8.43769498715119e-13
10.550000000000079,-74.56707499295891,0.016109919972093933,0.1948059089554151,0.643162061091295,9.965361869035405e-13
10.57500000000008,-74.53996602027146,0.016139622744922,0.19698271478256507,0.6411890578234052,9.752199048307375e-13
10.60000000000008,-74.51260457798408,0.01617358237845179,0.19914904498896388,0.6392258546239201,9.805489753489383e-13
10.62500000000008,-74.48499380024889,0.016211226228705154,0.20130491815059284,0.6372724224232136,9.64561763794336e-13
10.65000000000008,-74.45713621597568,0.01625207432546166,0.20345035323103705,0.6353287321804435,9.876544027065393e-13
10.67500000000008,-74.42903386046608,0.01629572446459637,0.20558536950793746,0.6333947549093208,8.810729923425242e-13
10.700000000000081,-74.40068836644808,0.01634183970948022,0.20770998651280476,0.6314704616990948,1.0018652574217413e-12
10.725000000000081,-74.37210103847211,0.016390137910991864,0.20982422398170938,0.6295558237316312,1.0036416142611415e-12
10.750000000000082,-74.34327291384115,0.01644038291904716,0.2119281018148421,0.6276508122952942,1.0231815394945443e-12
10.775000000000082,-74.31420481262099,0.01649237721164346,0.21402164004332283,0.6257553987962055,9.823253321883385e-13
10.800000000000082,-74.28489737877788,0.016545955711894298,0.21610485880194394,0.6238695547673493,1.0089706847793423e-12
10.825000000000083,-74.25535111409258,0.0166009806007877,0.21817777830678067,0.621993251875902,9.85878045867139e-13
10.850000000000083,-74.22556640618163,0.01665733696460662,0.22024041883680118,0.6201264619290972,7.815970093361102e-13
10.875000000000083,-74.19554355170244,0.016714929142084473,0.22229280071876853,0.6182691568788777,7.815970093361102e-13
10.900000000000084,-74.1652827756138,0.016773677658255153,0.22433494431485743,0.6164213088255447,7.72715225139109e-13
10.925000000000084,-74.13478424719962,0.016833516650285787,0.22636687001251254,0.6145828900205698,9.556799795973347e-13
10.950000000000085,-74.1040480934315,0.016894391705930056,0.2283885982161615,0.6127538728687129,1.078248601515952e-12
10.975000000000085,-74.07307441013891,0.016956258048094815,0.23040014934046385,0.6109342299295595,1.156408302449563e-12
11.000000000000085,-74.04186327136966,0.017019079009779083,0.23240154380483444,0.6091239339185717,1.1226575225009583e-12
11.025000000000086,-74.01041473725358,0.017082824752662047,0.234392802029025,0.6073229577077317,1.085354028873553e-12
11.050000000000086,-73.97872886062589,0.017147471190170138,0.23637394442958573,0.605531274325843,1.0906830993917538e-12
11.075000000000086,-73.94680569262043,0.017212999082180963,0.23834499141705934,0.6037488569585419,1.227462576025573e-12
11.100000000000087,-73.9146452874058,0.01727939327382313,0.24030596339378477,0.6019756789480653,1.184830011879967e-12
11.125000000000087,-73.88224770620693,0.017346642055273004,0.24225688075220933,0.6002117137928107,1.1333156635373598e-12
11.150000000000087,-73.84961302072932,0.01741473662317174,0.2441977638736245,0.5984569351467203,1.2665424264923786e-12
11.175000000000088,-73.81674131608348,0.017483670627405728,0.24612863312725455,0.5967113168185141,1.2114753644709708e-12
11.200000000000088,-73.7836326932894,0.01755343978960852,0.2480495088696398,0.5949748327707952,1.2310152897043736e-12
11.225000000000088,-73.75028727142826,0.017624041581934726,0.24996041144426423,0.593247457119044,1.2754242106893798e-12
11.250000000000089,-73.71670518949635,0.01769547495649445,0.251861361181387,0.5915291641305169,1.2256862191861728e-12
11.27500000000009,-73.68288660800737,0.017767740117378437,0.25375237839804277,0.5898199282230627,1.163513729807164e-12
11.30000000000009,-73.64883171038154,0.01784083832849705,0.2556334833981815,0.5881197239638678,1.199040866595169e-12
11.32500000000009,-73.61454070415344,0.01791477175154073,0.2575046964729237,0.586428526068138,1.2949641359227826e-12
11.35000000000009,-73.58001382202531,0.017989543309279828,0.25936603790090973,0.5847463093977263,1.2647660696529783e-12
11.37500000000009,-73.54525132278826,0.01806515657018529,0.2612175279487262,0.5830730489597118,1.213251721310371e-12
11.400000000000091,-73.51025349213019,0.018141615650992687,0.2630591868713941,0.5814087199049365,1.2327916465437738e-12
11.425000000000091,-73.475020643346,0.01821892513437031,0.26489103491290655,0.5797532975265037,1.2025935802739696e-12
11.450000000000092,-73.43955311796347,0.01829708999930389,0.2667130923068052,0.5781067572582433,1.312727704316785e-12
11.475000000000092,-73.40385128629588,0.01837611556218991,0.2685253792767861,0.5764690746731456,1.3731238368563936e-12
11.500000000000092,-73.36791554793069,0.01845600742694844,0.270327916037328,0.5748402254817683,1.4779288903810084e-12
11.525000000000093,-73.33174633216235,0.01853677144273405,0.2721207227943353,0.5732201855306189,1.5134560271690134e-12
11.550000000000093,-73.2953440983757,0.01861841366804865,0.2739038197457912,0.5716089308005141,1.6626700016786344e-12
11.575000000000093,-73.25870933638566,0.018700940340249113,0.27567722708241554,0.5700064374049181,1.6502355038028327e-12
11.600000000000094,-73.22184256673826,0.018784357849601755,0.2774409649883235,0.5684126815882623,1.8101076193488552e-12
11.625000000000094,-73.18474434097647,0.018868672717169428,0.27919505364168135,0.5668276397242475,1.9984014443252818e-12
11.650000000000095,-73.14741524187484,0.018953891575929478,0.28093951321535704,0.5652512883141292,2.0108359422010835e-12
11.675000000000095,-73.10985588364554,0.019040021154615564,0.2826743638775619,0.5636836039849877,1.8776091792460647e-12
11.700000000000095,-73.07206691211822,0.019127068263855893,0.28439962579248224,0.5621245634879848,1.8047785488306545e-12
11.725000000000096,-73.03404900489599,0.01921503978424757,0.2861153191208986,0.5605741436966056,1.8456347561368602e-12
11.750000000000096,-72.99580287148919,0.019303942656063118,0.28782146402079084,0.5590323216048891,1.758593271006248e-12
11.775000000000096,-72.95732925342833,0.01939378387033287,0.2895180806479282,0.557499074325646,1.8705037518884637e-12
11.800000000000097,-72.91862892435775,0.019484570461086897,0.29120518915644295,0.5559743790886659,1.787014980436652e-12
11.825000000000097,-72.87970269011085,0.01957630949857394,0.29288280969938635,0.5544582132389131,1.8980372828991676e-12
11.850000000000097,-72.84055138876795,0.019669008083303217,0.29455096242926676,0.5529505542347133,1.935340776526573e-12
11.875000000000098,-72.80117589069751,0.019762673340778993,0.2962096674985687,0.5514513796459294,1.9770851622524788e-12
11.900000000000098,-72.76157709858143,0.019857312416818,0.2978589450602526,0.5499606671521294,1.795008586213953e-12
11.925000000000098,-72.72175594742495,0.019952932473356843,0.29949881526823463,0.548478394540745,1.8616219676914625e-12
11.950000000000099,-72.6817134045517,0.020049540684670977,0.3011292982778461,0.5470045397052214,1.921129921811371e-12
11.9750000000001,-72.6414504695842,0.020147144233938905,0.302750414246273,0.5455390806431607,1.8545165403338615e-12
12.0000000000001,-72.60096817441031,0.0202457503100956,0.3043621833329742,0.544081995454456,1.8669510382096632e-12
12.0250000000001,-72.56026758313588,0.02034536610492778,0.3059646257000793,0.5426332623394202,1.737276988933445e-12
12.0500000000001,-72.51934979202377,0.020445998810370944,0.3075577615127654,0.5411928595969067,1.8145485114473558e-12
12.0750000000001,-72.47821592941956,0.02054765561597438,0.3091416109396131,0.539760765622424,1.7177370637000422e-12
12.100000000000101,-72.43686715566417,0.020650343706505474,0.31071619415294155,0.5383369589062454,1.5498713423767185e-12
12.125000000000101,-72.39530466299342,0.02075407025966916,0.31228153132912284,0.5369214180315114,1.4690471061840071e-12
12.150000000000102,-72.35352967542481,0.02085884244392209,0.3138376426488758,0.5355141216723277,1.3802292642139946e-12
12.175000000000102,-72.31154344863154,0.020964667416364217,0.31538454829753915,0.5341150485918584,1.3242740237728867e-12
12.200000000000102,-72.26934726980402,0.021071552320693295,0.31692226846532434,0.5327241776404145,1.326050380612287e-12
12.225000000000103,-72.22694245749875,0.021179504285209927,0.3184508233475484,0.5313414877535374,1.2319034681240737e-12
12.250000000000103,-72.18433036147489,0.021288530420862897,0.3199702331448468,0.5299669579500801,1.1723955140041653e-12
12.275000000000103,-72.14151236251844,0.021398637819326036,0.321480518063367,0.5286005673302834,1.2674306049120787e-12
12.300000000000104,-72.09848987225419,0.02150983355109935,0.32298169831494233,0.5272422950738498,1.3447021274259896e-12
12.325000000000104,-72.05526433294546,0.02162212466362825,0.324473794117247,0.5258921204380147,1.3606893389805919e-12
12.350000000000104,-72.01183721728174,0.02173551817943586,0.3259568256939327,0.5245500227556146,1.5507595207964187e-12
12.375000000000105,-71.9682100281543,0.021850021094264083,0.32743081327474644,0.5232159814331542,1.77280412572145e-12
12.400000000000105,-71.92438429841977,0.02196564037521997,0.3288957770956309,0.5218899759488713,1.8243184740640572e-12
12.425000000000106,-71.88036159065179,0.022082382958924552,0.33035173739880686,0.5205719858508008,1.8323120798413584e-12
12.450000000000106,-71.83614349688088,0.022200255749661724,0.3317987144328387,0.5192619907548377,1.8758328224066645e-12
12.475000000000106,-71.79173163832243,0.022319265617525397,0.3332367284526831,0.5179599703428003,1.7577050925865478e-12
12.500000000000107,-71.74712766509307,0.02243941939656341,0.33466579971972116,0.5166659043604929,1.779909553079051e-12
12.525000000000107,-71.70233325591532,0.022560723882917078,0.3360859485017749,0.5153797726157692,1.7266188478970435e-12
12.550000000000107,-71.65735011781071,0.022683185832955553,0.3374971950731084,0.5141015549765969,1.7754686609805503e-12
12.575000000000108,-71.6121799857814,0.02280681196140443,0.3388995597144132,0.5128312313691237,1.8491874698156607e-12
12.600000000000108,-71.56682462248041,0.022931608939468256,0.3402930627127803,0.5115687817757442,2.001065979584382e-12
12.625000000000108,-71.52128581787055,0.02305758339294674,0.34167772436165683,0.5103141862331708,2.1262991367621e-12
12.650000000000109,-71.47556538887207,0.023184741900344776,0.34305356496079004,0.509067424830506,2.0463630789890885e-12
12.675000000000109,-71.42966517899922,0.02331309099097633,0.3444206048161575,0.5078284777073188,2.05613304160579e-12
12.70000000000011,-71.38358705798579,0.023442637143062585,0.3457788642398852,0.5065973250517241,2.1511681325137033e-12
12.72500000000011,-71.33733292139974,0.023573386781824694,0.3471283635501528,0.5053739470984671,2.1804780203638074e-12
12.75000000000011,-71.29090469024692,0.02370534627757169,0.3484691230710878,0.5041583241270122,2.2524204723595176e-12
12.77500000000011,-71.24430431056425,0.023838521943784174,0.34980116313264803,0.5029504364596373,2.3305801732931286e-12
12.80000000000011,-71.1975337530022,0.023972920035194457,0.3511245040704936,0.5017502644595332,2.495781359357352e-12
12.825000000000111,-71.15059501239693,0.024108546745863917,0.3524391662258487,0.5005577885289101,2.3065993559612252e-12
12.850000000000112,-71.10349010733196,0.024245408207258446,0.3537451699453533,0.49937298910711114,2.376765451117535e-12
12.875000000000112,-71.05622107968985,0.024383510486322882,0.355042535580906,0.4981958466687324,2.3225865675158275e-12
12.900000000000112,-71.00878999419368,0.024522859583555365,0.35633128348949755,0.4970263417217516,2.4629187578284473e-12
12.925000000000113,-70.96119893793876,0.024663461431082667,0.3576114340330368,0.49586445480566504,2.6698643296185764e-12
12.950000000000113,-70.91345001991455,0.024805321890737513,0.35888300757816805,0.4947101664896336,2.723155034800584e-12
12.975000000000113,-70.865545370517,0.024948446752139083,0.36014602449608135,0.4935634573706386,2.6343371928305714e-12
13.000000000000114,-70.81748714105149,0.025092841730777745,0.36140050516231603,0.49242430807164744,2.7116087153444823e-12
13.025000000000114,-70.76927750322655,0.025238512466105315,0.3626464699565576,0.49129269923979063,2.702726931147481e-12
13.050000000000114,-70.72091864863849,0.025385464519632004,0.36388393926242857,0.4901686115445496,2.7267077484793845e-12
13.075000000000115,-70.67241278824714,0.02553370337303134,0.3651129334672739,0.48905202567595696,2.8901325777042075e-12
13.100000000000115,-70.62376215184294,0.025683234426254385,0.36633347296194124,0.48794292234280917,2.8119728767705965e-12
13.125000000000115,-70.5749689875054,0.025834062995654553,0.3675455781405565,0.4868412822708924,2.8279600883251987e-12
13.150000000000116,-70.52603556105342,0.025986194312124393,0.36874926940029507,0.48574708620122214,2.738254067935486e-12
13.175000000000116,-70.47696415548737,0.02613963351924575,0.3699445671411493,0.48466031488829747,2.6485480475457734e-12
13.200000000000117,-70.42775707042331,0.026294385671454677,0.3711314917656924,0.48358094909836996,2.7107205369247822e-12
13.225000000000117,-70.37841662151955,0.02645045573222257,0.37231006367883906,0.48250896960772865,2.7959856652159942e-12
13.250000000000117,-70.32894513989567,0.026607848572254976,0.37348030328760395,0.48144435720100115,2.7968738436356944e-12
13.275000000000118,-70.27934497154432,0.026766568967709563,0.3746422310008571,0.4803870926694716,2.801314735734195e-12
13.300000000000118,-70.22961847673604,0.02692662159843474,0.3757958672290777,0.4793371568094163,2.8377300509419e-12
13.325000000000118,-70.17976802941722,0.02708801104623048,0.3769412323841063,0.47829453042045744,2.7782220968219917e-12
13.350000000000119,-70.12979601660152,0.02725074179313282,0.37807834687889524,0.47725919430393576,2.7187141427020833e-12
13.375000000000119,-70.07970483775499,0.02741481821972367,0.37920723112725835,0.4762311292613027,2.801314735734195e-12
13.40000000000012,-70.02949690417512,0.027580244603467467,0.38032790554361967,0.47521031609253234,2.6556534749033744e-12
13.42500000000012,-69.97917463836404,0.02774702511707621,0.38144039054276185,0.47419673559455466,2.6894042548519792e-12
13.45000000000012,-69.9287404733962,0.02791516382690453,0.382544706539574,0.4731903685597098,2.7000623958883807e-12
13.47500000000012,-69.87819685228067,0.02808466469137634,0.38364087394879987,0.4721911957742244,2.632560835991171e-12
13.50000000000012,-69.82754622731842,0.028255531559444727,0.3847289131847859,0.47119919801671073,2.6965096822095802e-12
13.525000000000121,-69.77679105945491,0.028427768169086653,0.38580884466123,0.47021435605668893,2.6334490144108713e-12
13.550000000000122,-69.72593381762796,0.028601378145834074,0.38688068879093046,0.4692366506531337,2.7142732506035827e-12
13.575000000000122,-69.67497697811162,0.028776365001343136,0.3879444659855361,0.468266062553045,2.6343371928305714e-12
13.600000000000122,-69.62392302385584,0.028952732132003035,0.3890001966552972,0.4673025724900443,2.8315128020039992e-12
13.625000000000123,-69.57277444382267,0.029130482817586154,0.39004790120881716,0.4663461611829967,2.758682171588589e-12
13.650000000000123,-69.52153373231887,0.02930962021994112,0.3910876000528056,0.46539680933465943,2.630784479151771e-12
13.675000000000123,-69.47020338832557,0.029490147381730353,0.39211931359183266,0.46445449763035745,2.7746693831431912e-12
13.700000000000124,-69.41878591482497,0.029672067225213736,0.39314306222808465,0.46351920673668695,2.7124968937641825e-12
13.725000000000124,-69.36728381812452,0.02985538255107997,0.3941588663611209,0.462590917300247,2.617461802856269e-12
13.750000000000124,-69.31569960717896,0.030040096037327248,0.3951667463876322,0.4616696099464003,2.502886786714953e-12
13.775000000000125,-69.26403579291028,0.03022621023819477,0.3961667227012005,0.4607552652780633,2.3288038164537284e-12
13.800000000000125,-69.2122948875261,0.030413727583146647,0.39715881569206024,0.4598478638745268,2.5277557824665564e-12
13.825000000000125,-69.16047940383667,0.03060265037590981,0.39814304574686077,0.4589473862903067,2.5579538487363607e-12
13.850000000000126,-69.10859185457089,0.030792980793567345,0.3991194332484306,0.4580538130540267,2.652988939644274e-12
13.875000000000126,-69.05663475169142,0.030984720885708823,0.4000879985755423,0.45716712466733245,2.668087972779176e-12
13.900000000000126,-69.00461060570952,0.031177872573639093,0.4010487621026793,0.4562873016038383,2.8039792709932954e-12
13.925000000000127,-68.95252192499966,0.03137243764964698,0.40200174419980345,0.45541432430810697,2.7839952565500425e-12
13.950000000000127,-68.90037121511432,0.031568417776335324,0.40294696523212337,0.4545481731946628,2.6414426201881724e-12
13.975000000000128,-68.84816097809924,0.03176581448601378,0.40388444555986425,0.45368882864703897,2.4522606167920458e-12
14.000000000000128,-68.7958937118095,0.031964629180155704,0.40481420553803793,0.4528362710168593,2.5641710976742615e-12
14.025000000000128,-68.7435719092266,0.03216486312892053,0.4057362655162136,0.45199048062295527,2.631228568361621e-12
14.050000000000129,-68.69119805777709,0.0323665174707429,0.40665064583828897,0.4511514377505183,2.5366375666635577e-12
14.075000000000129,-68.63877463865266,0.03256959321198983,0.40755736684226146,0.45031912265028845,2.4655832930875476e-12
14.10000000000013,-68.58630412613255,0.03277409122668717,0.40845644885999943,0.44949351553777916,2.5304203177256568e-12
14.12500000000013,-68.53378898690795,0.032980012256316485,0.4093479122170131,0.44867459659253944,2.5481838861196593e-12
14.15000000000013,-68.48123167940928,0.03318735690968364,0.4102317772322248,0.447862345957453,2.602362769721367e-12
14.17500000000013,-68.42863465313623,0.03339612566286007,0.41110806421773843,0.4470567437380756,2.524203068787756e-12
14.20000000000013,-68.37600034799108,0.033606318859197834,0.4119767934786078,0.44625777000201006,2.55440113505756e-12
14.225000000000131,-68.32333119361559,0.033817936709419585,0.4128379853126034,0.44546540477832064,2.6210145165350696e-12
14.250000000000131,-68.2706296087316,0.03403097929178429,0.41369166000997804,0.4446796280569856,2.644995333866973e-12
14.275000000000132,-68.21789800048586,0.034245446552329674,0.41453783785322934,0.4439004197883895,2.668087972779176e-12
14.300000000000132,-68.16513876379922,0.034461338305192324,0.4153765391168608,0.44312775988285524,2.5988100560425664e-12
14.325000000000133,-68.11235428072052,0.034678654233006166,0.4162077840671395,0.4423616282102157,2.538413923502958e-12
14.350000000000133,-68.05954691978548,0.0348973938873802,0.4170315929618509,0.441602004599426,2.5517365997984598e-12
14.375000000000133,-68.00671903538085,0.035117556689456146,0.4178479860500501,0.4408488688382161,2.7631230636870896e-12
14.400000000000134,-67.9538729671142,0.03533914193054663,0.418656983571809,0.4401022006727843,2.744471316873387e-12
14.425000000000134,-67.90101103918934,0.03556214877285462,0.41945860575795957,0.4393619798075319,2.90878432451791e-12
14.450000000000134,-67.84813555978815,0.03578657625027456,0.42025287282983176,0.43862818590483865,2.844835478299501e-12
14.475000000000135,-67.79524882045845,0.036012423269275694,0.42103980499898674,0.43790079858488046,2.7355895326763857e-12
14.500000000000135,-67.7423530955088,0.03623968860986812,0.42181942246694454,0.43717979742548796,2.858158154595003e-12
14.525000000000135,-67.68945064141,0.03646837092665177,0.42259174542490535,0.43646516196204743,3.008260307524324e-12
14.550000000000136,-67.63654369620382,0.036698468749948726,0.42335679405346466,0.4357568716874433,2.9052316108391096e-12
14.575000000000136,-67.5836344789191,0.03692998048701914,0.4241145885223214,0.4350549060520431,2.7275959268990846e-12
14.600000000000136,-67.53072518899559,0.03716290442336087,0.4248651489899788,0.43435924446372404,2.8528290840768022e-12
14.625000000000137,-67.47781800571553,0.037397238724092896,0.42560849560343694,0.4336698662879423,2.8181901257084974e-12
14.650000000000137,-67.42491508764341,0.03763298143542278,0.4263446484978779,0.4329867508478443,2.9345414986892138e-12
14.675000000000137,-67.37201857207407,0.0378701304861979,0.4270736277963413,0.4323098774244205,2.8670399387920042e-12
14.700000000000138,-67.31913057448932,0.03810868368954063,0.4277954536093909,0.43163922525670106,2.8599345114344032e-12
14.725000000000138,-67.26625318802337,0.038348638744567086,0.42851014603477194,0.4309747735419944,2.7213786779611837e-12
14.750000000000139,-67.21338848293718,0.03858999323818944,0.4292177251570574,0.43031650143616756,2.8537172624965024e-12
14.775000000000139,-67.16053850610196,0.03883274464700145,0.42991821104728445,0.42966438805396884,2.809308341511496e-12
14.80000000000014,-67.10770528049208,0.03907689033924686,0.43061162376257917,0.4290184124693926,2.9176661087149114e-12
14.82500000000014,-67.05489080468749,0.03932242757687037,0.43129798334576996,0.4283785537160861,2.9025670755800093e-12
14.85000000000014,-67.00209705238575,0.039569353517650584,0.4319773098249889,0.427744790787798,2.930100606590713e-12
14.87500000000014,-66.9493259719241,0.03981766521741457,0.4326496232132603,0.4271171026388689,2.9052316108391096e-12
14.90000000000014,-66.89657948581136,0.04006735963233339,0.4333149435080763,0.426495468184763,2.8768099014087056e-12
14.925000000000141,-66.84385949027013,0.040318433621297965,0.4339732906909593,0.4258798663026417,2.829736445164599e-12
14.950000000000141,-66.79116785478925,0.0405708839483746,0.43462468472700977,0.4252702758319774,2.864375403532904e-12
14.975000000000142,-66.73850642168665,0.040824707285339455,0.43526914556444024,0.4246666755752093,2.8554936193359026e-12
15.000000000000142,-66.68587700568281,0.041079900214291074,0.4359066931340941,0.42406904429843906,2.7764457399825915e-12
15.025000000000142,-66.63328139348485,0.04133645923034025,0.43653734734894895,0.4234773607321671,2.7746693831431912e-12
15.050000000000143,-66.58072134338137,0.0415943807443762,0.4371611281036047,0.4228916035720688,2.6290081223123707e-12
15.075000000000143,-66.52819858484816,0.04185366108590812,0.43777805527375474,0.4223117514798108,2.6849633627534786e-12
15.100000000000144,-66.47571481816475,0.04211429650598119,0.43838814871564086,0.4217377830839063,2.7338131758369855e-12
15.125000000000144,-66.4232717140421,0.04237628318016589,0.43899142826549115,0.42116967698060953,2.644107155447273e-12
15.150000000000144,-66.37087091326123,0.042639617211619546,0.4395879137389401,0.42060741173484895,2.5082158572331537e-12
15.175000000000145,-66.31851402632294,0.04290429463421899,0.44017762493043083,0.4200509658811987,2.509992214072554e-12
15.200000000000145,-66.26620263310873,0.04317031141576315,0.4407605816125995,0.41950031792488807,2.469136006766348e-12
15.225000000000145,-66.21393828255285,0.043437663461244336,0.4413368035356401,0.41895544634284776,2.4211743721025414e-12
15.250000000000146,-66.1617224923255,0.04370634661618697,0.4419063104266508,0.4184163295847941,2.247091401841317e-12
15.275000000000146,-66.10955674852725,0.043976356670052494,0.44246912198896077,0.41788294607434884,2.220446049250313e-12
15.300000000000146,-66.05744250539465,0.044247689359709116,0.44302525790143676,0.41735527421019586,2.325251102774928e-12
15.325000000000147,-66.00538118501687,0.04452034037296506,0.44357473781776985,0.4168332923672727,2.1795898419441073e-12
15.350000000000147,-65.95337417706367,0.04479430535216394,0.44411758136574125,0.4163169788979974,2.3430146711689304e-12
15.375000000000147,-65.90142283852423,0.045069579897840904,0.4446538081464676,0.4158063121335301,2.2506441155201173e-12
15.400000000000148,-65.84952849345719,0.04534615957243805,0.44518343773362457,0.41530127038506826,2.2168933355715126e-12
15.425000000000148,-65.79769243275159,0.04562403990407789,0.4457064896726492,0.4148018319451756,2.1582735598713043e-12
15.450000000000149,-65.74591591389864,0.04590321639039308,0.4462229834799202,0.4143079750891438,2.2239987629291136e-12
15.475000000000149,-65.69420016077443,0.046183684502411414,0.44673293864191593,0.41381967807638653,2.092548356813495e-12
15.50000000000015,-65.64254636343321,0.04646543968849422,0.44723637461435023,0.4133369191518654,2.170708057747106e-12
15.52500000000015,-65.59095567791138,0.04674847737832696,0.44773331082128487,0.4128596765475468,2.2648549702353193e-12
15.55000000000015,-65.53942922604188,0.047032792986960545,0.44822376665421937,0.41238792848388967,2.3447910280083306e-12
15.57500000000015,-65.48796809527896,0.04731838191890185,0.4487077614711573,0.411921653171363,2.263078613395919e-12
15.60000000000015,-65.43657333853318,0.04760523957225198,0.449185314595649,0.41146082881199275,2.119193709404499e-12
15.625000000000151,-65.38524597401636,0.04789336134289103,0.44965644531581006,0.4110054336009377,1.9841905896100798e-12
15.650000000000151,-65.33398698509647,0.04818274262870772,0.4501211728833163,0.4105554457280934,2.161826273550105e-12
15.675000000000152,-65.2827973201623,0.0484733788338727,0.4505795165123737,0.4101108433797234,2.042810365310288e-12
15.700000000000152,-65.23167789249746,0.048765265373153996,0.45103149537866394,0.40967160474011816,2.120970066243899e-12
15.725000000000152,-65.1806295801638,0.04905839767627341,0.4514771286182651,0.4092377079932792,2.1014301410104963e-12
15.750000000000153,-65.12965322589393,0.04935277119230252,0.45191643532654735,0.4088091313246301,2.112088282046898e-12
15.775000000000153,-65.07874963699263,0.04964838139409694,0.4523494345570429,0.40838585292275176,1.957545237019076e-12
15.800000000000153,-65.02791958524676,0.04994522378276775,0.45277614532029076,0.4079678509811425,2.0268231537556858e-12
15.825000000000154,-64.97716380684378,0.05024329389218878,0.45319658658265566,0.40755510370000203,2.099653784171096e-12
15.850000000000154,-64.92648300229816,0.05054258729353872,0.4536107772651206,0.40714758928803846,2.183142555622908e-12
15.875000000000155,-64.87587783638591,0.05084309959987692,0.45401873624205386,0.4067452859642983,2.0659030042224913e-12
15.900000000000155,-64.82534893808652,0.05114482647075184,0.45442048233994875,0.40634817196001843,2.0339285811132868e-12
15.925000000000155,-64.77489690053226,0.0514477636168412,0.4548160343361374,0.4059562255204992,2.0676793610618915e-12
15.950000000000156,-64.72452228096449,0.051751906804622966,0.45520541095747713,0.4055694249069991,2.1387336346379016e-12
15.975000000000156,-64.67422560069669,0.05205725186107626,0.4555886308790103,0.40518774839864913,2.0694557179012918e-12
16.000000000000156,-64.62400734508377,0.0523637946784115,0.45596571272259623,0.4048111742943874,2.0303758674344863e-12
16.025000000000155,-64.57386796349756,0.05267153121882904,0.45633667505551584,0.4044396809149127,2.000177801164682e-12
16.050000000000153,-64.52380786930787,0.05298045751930568,0.4567015363890487,0.40407324660465693,2.097877427331696e-12
16.075000000000152,-64.473827439869,0.05329056969640866,0.4570603151770217,0.4037118497337755,1.91491267287347e-12
16.10000000000015,-64.42392701651116,0.05360186395113647,0.45741302981432974,0.40335546870015576,1.8420820424580597e-12
16.12500000000015,-64.37410690453657,0.053914336573786366,0.4577596986354276,0.40300408193144244,1.8403056856186595e-12
16.150000000000148,-64.3243673732198,0.054227983948848264,0.45810033991279325,0.4026576678870796,1.6608936448392342e-12
16.175000000000146,-64.27470865581188,0.054542802559924775,0.4584349718553622,0.4023162050603692,1.7568169141668477e-12
16.200000000000145,-64.22513094954797,0.0548587889946775,0.45876361260693205,0.4019796719805454,1.822542117224657e-12
16.225000000000144,-64.17563441565801,0.05517593994979953,0.4590862802445378,0.4016480472148642,1.9451107391432743e-12
16.250000000000142,-64.12621917937993,0.05549425223601445,0.4594029927767971,0.40132130937070815,1.936228954946273e-12
16.27500000000014,-64.07688532997517,0.05581372278310204,0.45971376814222487,0.4009994370977059,1.7816859099184512e-12
16.30000000000014,-64.02763292074587,0.05613434864495116,0.46001862420751793,0.40068240908986585,1.7887913372760522e-12
16.325000000000138,-63.97846196905337,0.05645612700464038,0.4603175787658078,0.4003702040877239,1.8101076193488552e-12
16.350000000000136,-63.929372456337546,0.05677905517954702,0.4606106495348827,0.40006280088050505,1.9255708139098715e-12
16.375000000000135,-63.88036432813655,0.05710313062648537,0.46089785415537726,0.3997601783082983,1.964650664376677e-12
16.400000000000134,-63.83143749410643,0.0574283509468752,0.46117921018893054,0.3994623152642449,2.0836665726164938e-12
16.425000000000132,-63.78259182804013,0.05775471389194141,0.46145473511631063,0.39916919069673956,2.0179413695586845e-12
16.45000000000013,-63.73382716788545,0.05808221736794635,0.4617244463355064,0.3988807836116444,1.9237944570704713e-12
16.47500000000013,-63.68514331576135,0.05841085944145603,0.46198836115978553,0.3985970730745161,1.993072373807081e-12
16.500000000000128,-63.63654003797219,0.05874063834464177,0.46224649681571794,0.3983180382128447,2.0126122990404838e-12
16.525000000000126,-63.58801706501929,0.059071552480619245,0.4624988704411647,0.39804365821830634,1.872280108727864e-12
16.550000000000125,-63.53957409160934,0.05940360042882644,0.4627454990832313,0.397773912349027,1.7603696278456482e-12
16.575000000000124,-63.49121077665905,0.059736780950442936,0.4629863996961844,0.3975087799318597,1.7550405573274475e-12
16.600000000000122,-63.44292674329552,0.06007109299385257,0.4632215891393323,0.39724824036467404,1.794120407794253e-12
16.62500000000012,-63.39472157885175,0.06040653570015191,0.46345108417486747,0.3969922731186582,1.7479351299698465e-12
16.65000000000012,-63.34659483485669,0.060743108408707266,0.46367490146567064,0.39674085774063383,1.7852386235972517e-12
16.675000000000118,-63.29854602701929,0.06108081066276287,0.4638930575730759,0.3964939738553836,1.7763568394002505e-12
16.700000000000117,-63.250574635205886,0.06141964221510342,0.4641055689545956,0.3962516011679922,1.623590151211829e-12
16.725000000000115,-63.20268010341029,0.06175960303377401,0.46431245196160414,0.39601371946620034,1.751487843648647e-12
16.750000000000114,-63.154861839716034,0.06210069330786107,0.46451372283698017,0.39578030862277275,1.9628743075372768e-12
16.775000000000112,-63.1071192162501,0.06244291345333774,0.46470939771270514,0.39555134859787977,2.085442929455894e-12
16.80000000000011,-63.059451569127354,0.06278626411897771,0.4648994926074185,0.39532681944149356,2.0055068716828828e-12
16.82500000000011,-63.01185819838524,0.06313074619234159,0.46508402342392696,0.3951067012957991,1.9593215938584763e-12
16.850000000000108,-62.96433836790782,0.06347636080584,0.46526300594666786,0.39489097439762055,2.133404564119701e-12
16.875000000000107,-62.91689130533862,0.06382310934287826,0.4654364558391244,0.3946796190808632,2.0445867221496883e-12
16.900000000000105,-62.86951620198148,0.06417099344408712,0.465604388641192,0.39447261577897225,1.9255708139098715e-12
16.925000000000104,-62.8222122126887,0.06452001501364504,0.46576681976649426,0.3942699450274084,1.9042545318370685e-12
16.950000000000102,-62.774978455735685,0.06487017622569703,0.4659237644996465,0.39407158746614157,1.9273471707492718e-12
16.9750000000001,-62.72781401268145,0.06522147953087593,0.46607523799346634,0.39387752384216274,1.858069254012662e-12
17.0000000000001,-62.680717928213994,0.06557392766293199,0.4662212552661286,0.3936877350120158,1.8172130467064562e-12
17.025000000000098,-62.63368920997991,0.06592752364547698,0.46636183119826363,0.3935022019443496,1.8243184740640572e-12
17.050000000000097,-62.5867268283973,0.06628227079884937,0.4664969805299964,0.39332090572249084,1.730171561575844e-12
17.075000000000095,-62.539829716451145,0.06663817274710747,0.46662671785792537,0.3931438275470401,1.7212897773788427e-12
17.100000000000094,-62.4929967694703,0.06699523342515773,0.4667510576320385,0.3929709487384905,1.6715517858756357e-12
17.125000000000092,-62.446226844885196,0.06735345708602576,0.46687001415256446,0.3928022507398718,1.7852386235972517e-12
17.15000000000009,-62.39951876196523,0.06771284830827788,0.4669836015667566,0.3926377151194198,1.9415580254644738e-12
17.17500000000009,-62.352871301535046,0.06807341200360167,0.46709183386560793,0.39247732357327325,2.014388655879884e-12
17.200000000000088,-62.30628320566855,0.068435153424554,0.4671947248804939,0.3923210579281991,2.0179413695586845e-12
17.225000000000087,-62.25975317735978,0.06879807817248561,0.4672922882797413,0.3921689001443483,2.161826273550105e-12
17.250000000000085,-62.21327988016947,0.06916219220565194,0.4673845375651194,0.39202083231804297,2.1955770534987096e-12
17.275000000000084,-62.166861937846335,0.06952750184751988,0.4674714860682519,0.39187683668459694,2.255973186038318e-12
17.300000000000082,-62.12049793392178,0.06989401379528093,0.4675531469469458,0.39173689562117164,2.183142555622908e-12
17.32500000000008,-62.074186411277104,0.07026173512858161,0.4676295331814339,0.3916009916496686,2.071232074740692e-12
17.35000000000008,-62.027925871681774,0.07063067331848247,0.4677006575705291,0.3914691074396613,2.0019541580040823e-12
17.375000000000078,-61.98171477530168,0.07100083623665757,0.4677665327276849,0.3913412258113674,2.0374812947920873e-12
17.400000000000077,-61.93555154017601,0.07137223216484674,0.4678271710769609,0.3912173297386647,1.9060308886764687e-12
17.425000000000075,-61.88943454166135,0.07174486980457377,0.4678825848488877,0.3910974023521521,1.978861519091879e-12
17.450000000000074,-61.84336211184183,0.07211875828714381,0.46793278607622796,0.3909814269422585,1.9166890297128703e-12
17.475000000000072,-61.79733253890355,0.07249390718393448,0.4679777865896305,0.39086938696240164,1.9415580254644738e-12
17.50000000000007,-61.75134406647209,0.07287032651699514,0.468017598013171,0.3907612660322002,2.0694557179012918e-12
17.52500000000007,-61.70539489291138,0.0732480267699702,0.4680522317597769,0.3906570479407413,2.1032064978498966e-12
17.550000000000068,-61.659483170582256,0.07362701889936235,0.46808169902653063,0.3905567166499066,2.0321522242738865e-12
17.575000000000067,-61.61360700505922,0.07400731434615278,0.4681060107898466,0.3904602562977597,1.84385839929746e-12
17.600000000000065,-61.56776445430341,0.07438892504779623,0.4681251778005169,0.39036765120199857,1.7639223415244487e-12
17.625000000000064,-61.52195352779001,0.07477186345060922,0.46813921057861974,0.39027888586347553,1.8811618929248652e-12
17.650000000000063,-61.476172185588304,0.07515614252257104,0.4681481194082861,0.3901939449697891,1.8189894035458565e-12
17.67500000000006,-61.43041833739217,0.07554177576655771,0.46815191433231723,0.3901128133989506,1.9380053117856733e-12
17.70000000000006,-61.384689841499025,0.07592877723403033,0.4681506051466481,0.39003547622312995,1.9806378759312793e-12
17.72500000000006,-61.33898450373505,0.07631716153919987,0.4681442013946493,0.3899619187124841,1.9486634528220748e-12
17.750000000000057,-61.29330007632429,0.07670694387369209,0.4681327123612616,0.38989212633907266,2.0872192862952943e-12
17.775000000000055,-61.247634256699385,0.07709814002173664,0.4681161470669546,0.38982608478086495,2.0108359422010835e-12
17.800000000000054,-61.20198468625122,0.07749076637590632,0.46809451426150384,0.38976377992584293,1.9877433032888803e-12
17.825000000000053,-61.15634894901507,0.07788483995343325,0.46806782241757683,0.3897051978762052,1.9522161665008753e-12
17.85000000000005,-61.11072457029027,0.07828037841313,0.46803607972412076,0.38965032495267654,1.964650664376677e-12
17.87500000000005,-61.06510901519073,0.07867740007294555,0.4679992940795431,0.3895991476989286,2.0481394358284888e-12
17.90000000000005,-61.019499687122995,0.07907592392818671,0.46795747308467606,0.3895516528861174,2.0552448631860898e-12
17.925000000000047,-60.97389392618891,0.07947596967043802,0.4679106240355151,0.38950782751754287,1.8918200339612667e-12
17.950000000000045,-60.928289007509335,0.0798775577072138,0.46785875391572224,0.3894676588334368,1.9131363160340698e-12
17.975000000000044,-60.88268213946553,0.08028070918237885,0.46780186938888324,0.38943113431588605,1.744382416291046e-12
18.000000000000043,-60.83707046185436,0.08068544599737494,0.4677399767905077,0.3893982416938963,1.6413537196058314e-12
18.02500000000004,-60.79145104395352,0.08109179083329325,0.4676730821197612,0.3893689689486049,1.6324719354088302e-12
18.05000000000004,-60.745820882492666,0.08149976717383416,0.46760119103091663,0.3893433043186489,1.6058265828178264e-12
18.07500000000004,-60.70017689952602,0.0819093993291984,0.4675243088245126,0.3893212363056964,1.5649703755116207e-12
18.100000000000037,-60.65451594020206,0.08232071246095564,0.467442440438206,0.38930275368014966,1.5827339439056232e-12
18.125000000000036,-60.60883477042531,0.08273373260793916,0.46735559043730335,0.3892878454870272,1.6893153542696382e-12
18.150000000000034,-60.56313007440533,0.08314848671321776,0.46726376300495837,0.38927650105203526,1.8047785488306545e-12
18.175000000000033,-60.5173984520874,0.08356500265219875,0.4671669619320183,0.38926870998783647,1.6697754290362354e-12
18.20000000000003,-60.47163641645941,0.0839833092619189,0.4670651906065044,0.3892644622005267,1.531219595563016e-12
18.22500000000003,-60.42584039072891,0.0844034363715831,0.46695845200270875,0.38926374789632934,1.4601653219870059e-12
18.25000000000003,-60.380006705364,0.08482541483441408,0.4668467486698892,0.38926655758851836,1.3642420526593924e-12
18.275000000000027,-60.33413159499157,0.08524927656087956,0.4667300827205446,0.38927288210458133,1.3713474800169934e-12
18.300000000000026,-60.28821119514565,0.08567505455336732,0.4666084558182499,0.3892827125936343,1.4175327578413999e-12
18.325000000000024,-60.24224153885863,0.08610278294238241,0.4664818691650296,0.38929604053410066,1.3891110484109959e-12
18.350000000000023,-60.196218553087355,0.08653249702434487,0.4663503234882489,0.3893128577416681,1.4779288903810084e-12
18.37500000000002,-60.15013805496584,0.08696423330107089,0.46621381902699804,0.3893331563775361,1.5134560271690134e-12
18.40000000000002,-60.10399574787579,0.08739802952102502,0.46607235551794635,0.3893569289569702,1.3926637620897964e-12
18.42500000000002,-60.057787217325554,0.08783392472243608,0.46592593218063943,0.3893841683581767,1.552535877635819e-12
18.450000000000017,-60.01150792662763,0.08827195927837493,0.46577454770221294,0.38941486783151535,1.6839862837514374e-12
18.475000000000016,-59.9651532123643,0.08871217494389769,0.46561820022149386,0.38944902100906653,1.708855279503041e-12
18.500000000000014,-59.91871827963012,0.0891546149053645,0.46545688731245893,0.38948662191457056,1.715960706860642e-12
18.525000000000013,-59.87219819703961,0.08959932383205024,0.4652906059670186,0.3895276649737587,1.815436689867056e-12
18.55000000000001,-59.825587891487494,0.09004634793017063,0.46511935257709225,0.3895721450250957,1.7195134205394424e-12
18.57500000000001,-59.778882142648264,0.09049573499945451,0.46494312291593903,0.3896200573309547,1.6413537196058314e-12
18.60000000000001,-59.73207557720081,0.0909475344924013,0.46476191211870693,0.3896713975892476,1.5702994460298214e-12
18.625000000000007,-59.68516266276317,0.09140179757637089,0.46457571466215963,0.3897261619455331,1.5347723092418164e-12
18.650000000000006,-59.638137701521345,0.09185857719866253,0.4643845243435388,0.389784347005629,1.5205614545266144e-12
18.675000000000004,-59.59099482353519,0.09231792815474886,0.4641883342585175,0.38984594984875387,1.5418777365994174e-12
18.700000000000003,-59.54372797970321,0.09277990715984179,0.463987136778197,0.38991096804122677,1.616484723854228e-12
18.725,-59.496330934366995,0.0932445729239781,0.46378092352509614,0.3899793996507538,1.6981971384666394e-12
18.75,-59.44879725753469,0.09371198623082462,0.4635696853480816,0.39005124326133345,1.7337242752546445e-12
18.775,-59.40112031670163,0.09418221002041564,0.4633534122961802,0.3901264979888136,1.7408297026122455e-12
18.799999999999997,-59.35329326824468,0.09465530947604912,0.46313209359121565,0.39020516349713513,1.708855279503041e-12
18.824999999999996,-59.30530904836534,0.09513135211558292,0.462905717599204,0.3902872400152997,1.758593271006248e-12
18.849999999999994,-59.257160363555016,0.09561040788738838,0.4626742718004417,0.3903727283551008,1.822542117224657e-12
18.874999999999993,-59.208839680553915,0.09609254927123546,0.46243774275821337,0.3904616299296604,1.9895196601282805e-12
18.89999999999999,-59.16033921577316,0.09657785138440222,0.46219611608604366,0.39055394677281535,1.8616219676914625e-12
18.92499999999999,-59.11165092414762,0.09706639209332103,0.461949376413411,0.39064968155940155,1.765698698363849e-12
18.94999999999999,-59.06276648738459,0.09755825213109534,0.4616975073498377,0.3907488376264849,1.7621459846850485e-12
18.974999999999987,-59.01367730157114,0.09805351522124366,0.46144049144726346,0.3908514189955939,1.8189894035458565e-12
18.999999999999986,-58.96437446410009,0.09855226820805216,0.46117831016060445,0.39095743039601033,1.808331262509455e-12
19.024999999999984,-58.91484875987194,0.09905460119394399,0.4609109438063936,0.39106687728917805,1.8758328224066645e-12
19.049999999999983,-58.865090646726856,0.09956060768430207,0.46063837151938974,0.39117976589429543,1.893596390800667e-12
19.07499999999998,-58.81509024005748,0.10007038474021318,0.4603605712070374,0.39129610321515984,1.9753088054130785e-12
19.09999999999998,-58.764837296549715,0.10058403313963495,0.460077519501649,0.3914158970683373,1.8189894035458565e-12
19.12499999999998,-58.71432119699477,0.10110165754752318,0.4597891917101746,0.39153915611273643,1.943334382303874e-12
19.149999999999977,-58.66353092811142,0.10162336669549658,0.45949556176141304,0.3916658898806695,1.971756091734278e-12
19.174999999999976,-58.61245506331289,0.10214927357165819,0.4591966021505093,0.39179610881049076,2.0179413695586845e-12
19.199999999999974,-58.56108174234772,0.10267949562123893,0.4588922838805719,0.3919298242809069,1.9966250874858815e-12
19.224999999999973,-58.509398649738536,0.10321415495877849,0.45858257640123185,0.3920670486470624,1.829647544582258e-12
19.24999999999997,-58.457392991936906,0.10375337859261297,0.4582674475439518,0.3922077952785089,1.723066134218243e-12
19.27499999999997,-58.40505147310571,0.10429729866249718,0.45794686345388136,0.39235207859917615,1.687538997430238e-12
19.29999999999997,-58.352360269433795,0.10484605269125359,0.45762078851803756,0.3924999141294693,1.538325022920617e-12
19.324999999999967,-58.299305001879944,0.10539978385140902,0.45728918528957524,0.3926513185306282,1.3180567748349858e-12
19.349999999999966,-58.245870707234786,0.10595864124785573,0.45695201440789307,0.39280630965149277,1.2612133559741778e-12
19.374999999999964,-58.19204180738042,0.10652278021765554,0.4566092345143021,0.3929649065778296,1.2505552149377763e-12
19.399999999999963,-58.13780207661748,0.10709236264819537,0.45626080216296305,0.3931271296843869,1.1084466677857563e-12
19.42499999999996,-58.083134606918655,0.1076675573149997,0.4559066717267766,0.3932930006898566,1.2008172234345693e-12
19.44999999999996,-58.02802177095576,0.10824854024061258,0.45554679529788433,0.3934625427149376,1.2434497875801753e-12
19.47499999999996,-57.97244518273474,0.10883549507607727,0.4551811225824132,0.3936357803437068,1.2185807918285718e-12
19.499999999999957,-57.91638565565843,0.1094286135066697,0.4548096007890663,0.3938127396885234,1.3749001936957939e-12
19.524999999999956,-57.85982315782185,0.11002809568367998,0.45443217451113016,0.393993448458707,1.3393730569077889e-12
19.549999999999955,-57.80273676432725,0.11063415068418939,0.45404878560143536,0.3941779360332503,1.5347723092418164e-12
19.574999999999953,-57.74510460638776,0.11124699700095643,0.45365937303976717,0.3943662335378496,1.4743761767022079e-12
19.59999999999995,-57.68690381696773,0.11186686306470922,0.4532638727921831,0.3945583739265558,1.4743761767022079e-12
19.62499999999995,-57.62811047268508,0.1124939878013419,0.45286221766164747,0.3947543920683769,1.545430450278218e-12
19.64999999999995,-57.568699531676245,0.11312862122673416,0.4524543371293423,0.39495432483918863,1.4388490399142029e-12
19.674999999999947,-57.50864476709636,0.11377102508215552,0.45204015718596086,0.39515821121933953,1.3216094885137863e-12
19.699999999999946,-57.44791869589724,0.11442147351348382,0.45161960015222735,0.39536609239737125,1.2967404927621828e-12
19.724999999999945,-57.38649250249188,0.11508025379776203,0.4511925844878212,0.3955780118803085,1.3820056210533949e-12
19.749999999999943,-57.32433595687695,0.11574766712094302,0.45075902458781053,0.39579401561101524,1.4281908988778014e-12
19.77499999999994,-57.26141732674369,0.11642402941103083,0.45031883056561883,0.39601415209315455,1.5205614545266144e-12
19.79999999999994,-57.19770328306171,0.11710967223122473,0.4498719080214595,0.3962384725243398,1.623590151211829e-12
19.82499999999994,-57.13315879856966,0.11780494373811123,0.4494181577950742,0.39646703093811586,1.5845103007450234e-12
19.849999999999937,-57.06774703855,0.11851020971043702,0.44895747570150313,0.3966998843554679,1.4779288903810084e-12
19.874999999999936,-57.00142924320283,0.11922585465453533,0.44848975224849236,0.3969370929466197,1.6200374375330284e-12
19.899999999999935,-56.934164600863284,0.11995228299307878,0.4480148723340121,0.39717872020395434,1.5987211554602254e-12
19.924999999999933,-56.86591011122943,0.1206899203444981,0.4475327149222092,0.39742483312696764,1.595168441781425e-12
19.949999999999932,-56.796620437680296,0.12143921490114905,0.44704315269595235,0.3976755024202545,1.5631940186722204e-12
19.97499999999993,-56.72624774766626,0.12220063891513662,0.44654605168394507,0.39793080270562214,1.644906433284632e-12
19.99999999999993,-56.654741540045066,0.12297469030162929,0.4460412708601755,0.3981908127495329,1.602273869139026e-12
20.024999999999928,-56.58204845811437,0.12376189437052691,0.4455286617132432,0.3984556157071996,1.6129320101754274e-12
20.049999999999926,-56.508112086954355,0.12456280569849988,0.44500806778284757,0.3987252993847882,1.6697754290362354e-12
20.074999999999925,-56.43287273353969,0.12537801015470934,0.4444793241604345,0.3989999565213315,1.5987211554602254e-12
20.099999999999923,-56.35626718790617,0.126208127094968,0.44394225695067735,0.3992796850921248,1.538325022920617e-12
20.124999999999922,-56.27822846346133,0.12705381174072883,0.4433966826901067,0.3995645886355573,1.538325022920617e-12
20.14999999999992,-56.198685514306966,0.12791575776112088,0.4428424077187966,0.39985477660554525,1.531219595563016e-12
20.17499999999992,-56.117562927190995,0.12879470007831376,0.4422792275005582,0.4001503647519612,1.5276668818842154e-12
20.199999999999918,-56.03478058542241,0.12969141791881977,0.4417069258865725,0.4004514755317212,1.4566126083082054e-12
20.224999999999916,-55.95025330176113,0.1306067381359718,0.44112527431681303,0.40075823855348297,1.6129320101754274e-12
20.249999999999915,-55.86389041692851,0.1315415388317898,0.4405340309529445,0.40107079105924315,1.5987211554602254e-12
20.274999999999913,-55.7755953599678,0.13249675330982083,0.4399329397356339,0.4013892784464976,1.6129320101754274e-12
20.299999999999912,-55.68526516620846,0.13347337439436444,0.4393217293583571,0.40171385483505323,1.595168441781425e-12
20.32499999999991,-55.59278994804547,0.13447245915584727,0.43870011214881105,0.40204468368306273,1.545430450278218e-12
20.34999999999991,-55.4980523131232,0.1354951340870677,0.4380677828479334,0.40238193845740033,1.5134560271690134e-12
20.374999999999908,-55.40092672380081,0.13654260078068586,0.4374244172752619,0.4027258033641193,1.4210854715202004e-12
20.399999999999906,-55.301278790957234,0.13761614216479867,0.43676967086791346,0.40307647414544184,1.4317436125566019e-12
20.424999999999905,-55.198964494251335,0.13871712936084038,0.43610317707879365,0.4034341589505412,1.5845103007450234e-12
20.449999999999903,-55.093829319865236,0.13984702923653955,0.4354245456177273,0.40379907928830266,1.687538997430238e-12
20.474999999999902,-54.98570730550223,0.14100741273642178,0.4347333605169872,0.404171471071314,1.7124079931818414e-12
20.4999999999999,-54.874419980954684,0.14219996408358465,0.4340291780001369,0.404551585761554,1.7621459846850485e-12
20.5249999999999,-54.75977519086754,0.14342649095943807,0.4333115241301405,0.40493969162965593,1.6910917111090384e-12
20.549999999999898,-54.641565784357034,0.14468893578309522,0.4325798922092459,0.40533607514124365,1.708855279503041e-12
20.574999999999896,-54.51956815385178,0.14598938822946883,0.43183373989914037,0.4057410424857134,1.84385839929746e-12
20.599999999999895,-54.39354060284467,0.14733009914529582,0.4310724860251965,0.4061549212650114,1.8545165403338615e-12
20.624999999999893,-54.26322151910535,0.14871349604578024,0.4302955070231504,0.40657806236248406,1.7976731214730535e-12
20.649999999999892,-54.12832732621797,0.15014220040191126,0.4295021329801284,0.4070108420148235,1.787014980436652e-12
20.67499999999989,-53.98855018197063,0.15161904696050016,0.4286916432143789,0.40745366411357237,1.637801005927031e-12
20.69999999999989,-53.843555387002894,0.15314710537645299,0.42786326132914804,0.4079069627666813,1.580957587066223e-12
20.724999999999888,-53.69297846106004,0.1547297044807985,0.4270161496655857,0.4083712051553456,1.673328142715036e-12
20.749999999999886,-53.53642183701591,0.15637045955978676,0.42614940306705024,0.40884689472692104,1.6484591469634324e-12
20.774999999999885,-53.37345111427794,0.1580733030814868,0.42526204185228283,0.409334574771302,1.63069557856943e-12
20.799999999999883,-53.20359080299159,0.15984251937860172,0.4243530038771437,0.4098348324359415,1.7479351299698465e-12
20.824999999999882,-53.02631947826642,0.16168278388193708,0.4234211355433189,0.41034830324395816,1.801225835151854e-12
20.84999999999988,-52.84106424901924,0.16359920760085808,0.42246518158685525,0.41087567619081317,1.9042545318370685e-12
20.87499999999988,-52.647194428436606,0.16559738766851254,0.4214837734486097,0.41141769950824025,1.8403056856186595e-12
20.899999999999878,-52.4440142718377,0.1676834649146921,0.4204754159915335,0.411975187199941,1.8403056856186595e-12
20.924999999999876,-52.2307546220474,0.1698641896030008,0.41943847228469505,0.4125490264726037,1.794120407794253e-12
20.949999999999875,-52.00656327124727,0.1721469966776897,0.41837114611925985,0.41314018620880283,1.6271428648906294e-12
20.974999999999874,-51.77049381038613,0.17454009211671828,0.4172714618550458,0.4137497266561896,1.7266188478970435e-12
20.999999999999872,-51.52149269101384,0.17705255229068206,0.41613724111496003,0.4143788105412501,1.865174681370263e-12
21.02499999999987,-51.258384167869906,0.17969443859373813,0.41496607574514205,0.41502871585720674,2.071232074740692e-12
21.04999999999987,-50.979852721233364,0.18247693005673069,0.41375529633672503,0.41570085062619105,2.1245227799226996e-12
21.074999999999868,-50.684422472829034,0.18541247719177303,0.41250193545556807,0.4163967699978967,2.298605750183924e-12
21.099999999999866,-50.370433004127676,0.18851498097285527,0.41120268454280506,0.4171181961234196,2.284394895468722e-12
21.124999999999865,-50.03601085637633,0.19180000165451355,0.40985384322412527,0.41786704133755354,2.3945290195115376e-12
21.149999999999864,-49.67903583171452,0.19528500310145674,0.40845125949074157,0.41864543530006304,2.568611989772762e-12
21.174999999999862,-49.29710101698983,0.19898963948350315,0.4069902588806257,0.41945575689224174,2.568611989772762e-12
21.19999999999986,-48.887465207558165,0.20293609262566456,0.4054655603855197,0.420300671846764,2.597033699203166e-12
21.22499999999986,-48.44699610695771,0.2071494700418116,0.4038711763303129,0.4211831773157161,2.7782220968219917e-12
21.249999999999858,-47.97210230781077,0.2116582757745816,0.4022002929155737,0.4221066548652897,2.7711166694643907e-12
21.274999999999856,-47.45865160646252,0.21649496866459755,0.40044512749413075,0.42307493374013605,2.7959856652159942e-12
21.299999999999855,-46.90187265571594,0.22169662561602474,0.3985967580094233,0.42409236668290473,2.8173019472887972e-12
21.324999999999854,-46.296236306550014,0.22730573081549607,0.39664491945154967,0.4251639211449351,2.7569058147491887e-12
21.349999999999852,-45.63531222941628,0.23337111562488094,0.39457776188097354,0.42629528940424977,2.8492763703980017e-12
21.37499999999985,-44.911595556092145,0.23994907778482044,0.3923815649042076,0.42749302193818556,2.7320368189975852e-12
21.39999999999985,-44.11629739972109,0.24710471213811885,0.39004040515236243,0.4287646893953341,2.5579538487363607e-12
21.424999999999848,-43.239092321346305,0.25491348731020896,0.387535777549143,0.43011907967266005,2.3803181647963356e-12
21.449999999999847,-42.267815375349855,0.2634631017767149,0.3848461801012521,0.43156643788733706,2.547295707699959e-12
21.474999999999845,-41.188101776749164,0.2728556450626698,0.38194668916873986,0.4331187583186099,2.383870878475136e-12
21.499999999999844,-39.98296438798178,0.2832100693635725,0.3788085832990778,0.4347901384126691,2.3447910280083306e-12
21.524999999999842,-38.63230970416024,0.29466493315609593,0.37539912682134663,0.43659720515170536,2.3234747459355276e-12
21.54999999999984,-37.11240453543585,0.30738129378875223,0.3716817091448292,0.4385596224752073,2.234656903965515e-12
21.57499999999984,-35.39532765874106,0.3215454722421695,0.36761665839693713,0.4407006832169235,2.19912976717751e-12
21.599999999999838,-33.44848062024764,0.3373711470026415,0.36316319731725905,0.44304797718110195,2.163602630389505e-12
21.624999999999837,-31.234300880586815,0.3550997955670215,0.3582831251897803,0.44563410378973567,2.2453150450019166e-12
21.649999999999835,-28.710434961853505,0.37499782404870863,0.3529467363266748,0.4484973563191039,2.1813661987835076e-12
21.674999999999834,-25.83081001528923,0.39734777040334246,0.3471409483560538,0.4516822363981818,2.1884716261411086e-12
21.699999999999832,-22.548306790992804,0.42242982927987527,0.3408783435482052,0.4552395538730284,2.2239987629291136e-12
21.72499999999983,-18.820069195167804,0.4504890603487965,0.3342039999851976,0.4592257272104122,2.1316282072803006e-12
21.74999999999983,-14.61675278783976,0.4816840870949898,0.3271958158631381,0.46370074456249816,2.0463630789890885e-12
21.774999999999828,-9.93681266274335,0.5160167657197554,0.3199554750519351,0.468724146250008,2.1813661987835076e-12
21.799999999999827,-4.825463595617102,0.5532512388805526,0.3125918273525049,0.47434849738815016,2.2950530365051236e-12
21.824999999999825,0.6056510840588585,0.5928446736296257,0.3052032581900997,0.48061035971774596,2.2026824808563106e-12
21.849999999999824,6.167350507515251,0.6339244565523448,0.2978661436818053,0.48751990859590316,2.2168933355715126e-12
21.874999999999822,11.603013090944874,0.6753450251250426,0.29063214733702675,0.49505186526989625,2.0889956431346945e-12
21.89999999999982,16.627672021123193,0.7158319759054587,0.2835320869945737,0.5031414515782261,2.1032064978498966e-12
21.92499999999982,20.988362837168108,0.7541789206761618,0.2765821955014307,0.5116883642828995,2.2595258997171186e-12
21.949999999999818,24.52101413613976,0.7894306905037942,0.2697897437588375,0.5205688457268052,2.2026824808563106e-12
21.974999999999817,27.177125507618534,0.8209909177106577,0.2631569471205528,0.5296522418401548,2.1032064978498966e-12
21.999999999999815,29.011145636568695,0.8486313262939623,0.25668330612945994,0.538816573280696,2.0889956431346945e-12
22.024999999999814,30.141813096798764,0.872424740855618,0.2503668971563331,0.5479588734356494,2.0605739337042905e-12
22.049999999999812,30.709728772454206,0.8926452303242941,0.24420505851954125,0.5569991045032158,1.9753088054130785e-12
22.07499999999981,30.84680369637302,0.9096728243896398,0.23819475438167062,0.5658790667363295,2.0463630789890885e-12
22.09999999999981,30.661474392615112,0.9239217893692905,0.23233277169377803,0.574558673488419,2.0037305148434825e-12
22.124999999999808,30.235883136210198,0.9357954180349674,0.22661583013477757,0.5830115799453461,1.9326762412674725e-12
22.149999999999807,29.62933516947991,0.9456621134366584,0.22104064540553323,0.5912212924636837,1.8189894035458565e-12
22.174999999999805,28.883722412143612,0.9538456832046949,0.21560396654352126,0.5991781561227512,1.7905676941154525e-12
22.199999999999804,28.028629967573206,0.9606239251077192,0.21030259824708167,0.606877203045194,1.6342482922482304e-12
22.224999999999802,27.085315324657014,0.9662314720194154,0.20513341433122817,0.6143166841115266,1.5774048733874224e-12
22.2499999999998,26.069513800562614,0.9708644679025309,0.20009336586594859,0.621497087579304,1.5774048733874224e-12
22.2749999999998,24.993304448671132,0.9746857396709997,0.1951794861119322,0.6284204840858066,1.6058265828178264e-12
22.299999999999798,23.866310359747118,0.9778297926804767,0.1903888935306025,0.6350900834804378,1.6768808563938364e-12
22.324999999999797,22.696458384639886,0.9804073305710935,0.18571879364362265,0.6415099275210098,1.6910917111090384e-12
22.349999999999795,21.490458503725097,0.9825091984206724,0.18116648021338136,0.6476846700758511,1.7337242752546445e-12
22.374999999999794,20.25410866301603,0.9842097476412744,0.17672933603150418,0.653619414661609,1.7195134205394424e-12
22.399999999999793,18.992492055731493,0.985569666962338,0.17240483349010527,0.659319590589673,1.7905676941154525e-12
22.42499999999979,17.710108257454127,0.9866383416107417,0.16819053504173617,0.6647908560182592,1.7479351299698465e-12
22.44999999999979,16.41096352247717,0.9874558062805664,0.16408409361144186,0.6700390204741435,1.9184653865522705e-12
22.47499999999979,15.098635652417443,0.9880543541018402,0.16008325299751772,0.6750699819998246,1.9042545318370685e-12
22.499999999999787,13.776322833101085,0.9884598574851564,0.1561858482801641,0.6798896756685988,1.9895196601282805e-12
22.524999999999785,12.446882190405418,0.9886928494696015,0.15238980624546933,0.6845040311955338,2.0179413695586845e-12
22.549999999999784,11.112861601407532,0.9887694070544711,0.14869314582373394,0.6889189379968793,1.7905676941154525e-12
22.574999999999783,9.776526945102054,0.988701871427574,0.14509397853469067,0.6931402164564714,1.9895196601282805e-12
22.59999999999978,8.439886146243769,0.9884994342019362,0.1415905089268216,0.6971735944297623,2.1458390619955026e-12
22.62499999999978,7.104710852575152,0.9881686137744284,0.13818103499319107,0.7010246882048249,2.0463630789890885e-12
22.64999999999978,5.7725562671843305,0.9877136416842892,0.1348639485416679,0.7046989872755397,1.9042545318370685e-12
22.674999999999777,4.4447794596355905,0.9871367753022865,0.1316377354928954,0.7082018423837554,1.9184653865522705e-12
22.699999999999775,3.1225563562332352,0.9864385502359708,0.12850097607477234,0.7115384563659382,2.1600499167107046e-12
22.724999999999774,1.806897533066337,0.9856179834067051,0.12545234487749463,0.7147138774028166,2.0889956431346945e-12
22.749999999999773,0.49866288764949185,0.9846727357594135,0.12249061072841283,0.7177329943222429,2.3732127374387346e-12
22.77499999999977,-0.8014247651257711,0.9835992419342605,0.11961463634119306,0.7206005336487944,1.9895196601282805e-12
22.79999999999977,-2.0927671464319193,0.9823928128978946,0.11682337768921972,0.7233210581303678,1.8971491044794675e-12
22.82499999999977,-3.3748790032147324,0.9810477164464771,0.11411588304913209,0.7258989665034186,1.6768808563938364e-12
22.849999999999767,-4.647377630727103,0.9795572396075419,0.11149129165722295,0.7283384942853923,1.8900436771218665e-12
22.874999999999766,-5.909973432272676,0.9779137362438906,0.10894883191963611,0.7306437154059187,2.1245227799226996e-12
22.899999999999764,-7.162461527424153,0.9761086625673785,0.10648781911747095,0.7328185445079303,2.0179413695586845e-12
22.924999999999763,-8.404714426300703,0.9741326027757654,0.10410765255071873,0.7348667397664382,2.2239987629291136e-12
22.94999999999976,-9.636675793280919,0.9719752866082092,0.10180781207116478,0.7367919060865684,2.2879476091475226e-12
22.97499999999976,-10.858355328565947,0.9696256002544051,0.09958785396475675,0.7385974985539778,2.1742607714259066e-12
22.99999999999976,-12.069824799881216,0.9670715917317438,0.09744740615917774,0.7402868260202592,2.2808421817899216e-12
23.024999999999757,-13.27121525877818,0.9643004715497445,0.09538616275304578,0.7418630547137531,2.6432189770275727e-12
23.049999999999756,-14.462715475866904,0.961298609199427,0.0934038778896067,0.7433292117726997,2.4442670110147446e-12
23.074999999999754,-15.644571626263636,0.9580515257276093,0.09150035902993255,0.7446881886032766,2.5792701308091637e-12
23.099999999999753,-16.817088250023605,0.9545438823752621,0.08967545971790768,0.7459427439702142,2.5792701308091637e-12
23.12499999999975,-17.980630501922906,0.9507594649705954,0.08792907197048792,0.7470955067328023,2.2595258997171186e-12
23.14999999999975,-19.135627690426826,0.9466811634700621,0.08626111846997282,0.7481489781446542,2.5082158572331537e-12
23.17499999999975,-20.282578087053835,0.9422909457357567,0.08467154477777392,0.7491055336420194,2.3447910280083306e-12
23.199999999999747,-21.422054964903765,0.9375698243311581,0.08316031182824431,0.7499674240531508,2.4371615836571436e-12
23.224999999999746,-22.55471379939907,0.932497814818031,0.08172738899303565,0.7507367761705985,2.2879476091475226e-12
23.249999999999744,-23.681300535975257,0.9270538837587616,0.0803727480276009,0.7514155926396375,2.4797941478027496e-12
23.274999999999743,-24.802660799217684,0.9212158843879467,0.07909635821867224,0.7520057511295795,2.5650592760939617e-12
23.29999999999974,-25.919749886167864,0.9149604777366205,0.07789818304246292,0.7525090027706742,2.4300561562995426e-12
23.32499999999974,-27.033643352987745,0.9082630368992177,0.07677817861691585,0.7529269698578472,2.4797941478027496e-12
23.34999999999974,-28.14554796762793,0.9010975321605504,0.07573629418815475,0.7532611428438732,2.7498003873915877e-12
23.374999999999737,-29.256812758882003,0.8934363948893971,0.07477247483384061,0.7535128766690902,2.4868995751603507e-12
23.399999999999736,-30.368939839591388,0.8852503585101152,0.07388666649868347,0.753683386502981,2.4797941478027496e-12
23.424999999999734,-31.483594611821204,0.8765082755543464,0.07307882340576485,0.7537737430057995,2.3945290195115376e-12
23.449999999999733,-32.602614864883385,0.8671769108663285,0.07234891781855594,0.7537848672572612,2.3945290195115376e-12
23.47499999999973,-33.72801814050527,0.8572207126176826,0.07169695207002508,0.7537175255461097,2.469136006766348e-12
23.49999999999973,-34.86200654752169,0.8466015650599104,0.07112297273426361,0.7535723242716876,2.5011104298755527e-12
23.52499999999973,-36.00696794255311,0.8352785301507151,0.07062708679894546,0.7533497052797506,2.2168933355715126e-12
23.549999999999727,-37.165472032165574,0.8232075896659613,0.07020947970832347,0.7530499420434588,1.9966250874858815e-12
23.574999999999726,-38.34025947382852,0.8103414055938983,0.06987043518846955,0.7526731372108816,2.170708057747106e-12
23.599999999999724,-39.53422143695708,0.7966291250725005,0.06961035683745591,0.752219222176335,1.929123527588672e-12
23.624999999999723,-40.750366317250275,0.782016267584079,0.06942979155589674,0.7516879594971819,2.3590018827235326e-12
23.64999999999972,-41.99176937830839,0.7664447473983182,0.06932945499182575,0.7510789491705694,2.6965096822095802e-12
23.67499999999972,-43.26150005452526,0.7498531042490683,0.06931025924915214,0.7503916400014073,2.4726887204451486e-12
23.69999999999972,-44.562520571139885,0.7321770407298445,0.0693733431121547,0.749625347521414,2.4087398742267396e-12
23.724999999999717,-45.897548589751075,0.713350396244495,0.06952010489337677,0.7487792801351423,2.1174173525650986e-12
23.749999999999716,-47.26887607159616,0.6933067238375714,0.06975223760745963,0.7478525753318425,2.1103119252074976e-12
23.774999999999714,-48.67813695658224,0.671981675026344,0.07007176535892412,0.7468443478496162,1.964650664376677e-12
23.799999999999713,-50.12601831795669,0.6493164322902553,0.0704810784276784,0.7457537515235743,1.9664270212160773e-12
23.82499999999971,-51.61191437370268,0.62526244654432,0.07098296236501393,0.7445800560817991,1.850963826655061e-12
23.84999999999971,-53.13353132066958,0.5997877164305276,0.07158061337520884,0.743322739246655,1.7905676941154525e-12
23.87499999999971,-54.686464552759396,0.572884755546102,0.07227762846370159,0.7419815930376881,1.801225835151854e-12
23.899999999999707,-56.26378893548253,0.5445801909281864,0.07307795479795681,0.7405568410882049,1.602273869139026e-12
23.924999999999706,-57.85572628593984,0.5149455778983855,0.0739857795988604,0.7390492611199361,1.5472068071176182e-12
23.949999999999704,-59.44947787659814,0.4841084794553214,0.07500534158452875,0.7374603036841877,1.8776091792460647e-12
23.974999999999703,-61.02932524731677,0.4522621781090758,0.07614065008193177,0.7357921953253376,2.19735341033811e-12
23.9999999999997,-62.57709744198724,0.4196717073757422,0.07739511085778719,0.7340480121630603,2.2097879082139116e-12
24.0249999999997,-64.07306383195328,0.3866734909126051,0.07877107933246218,0.732231709430121,2.2097879082139116e-12
24.0499999999997,-65.49723257770948,0.3536661397507496,0.08026938933864851,0.7303480946583208,1.9539925233402755e-12
24.074999999999697,-66.8309256870374,0.32109119806130554,0.0818889312231836,0.7284027375562638,2.247091401841317e-12
24.099999999999696,-68.05839469146045,0.2894048318576948,0.0836263653471467,0.726401817963263,2.247091401841317e-12
24.124999999999694,-69.16818267401665,0.2590440700209763,0.08547604548740138,0.7243519232397554,2.0268231537556858e-12
24.149999999999693,-70.15396657907715,0.23039322467551426,0.08743018889173043,0.7222598156209652,1.84385839929746e-12
24.17499999999969,-71.01473108195081,0.2037565526152445,0.0894792757168316,0.7201321956113047,1.70174985214544e-12
24.19999999999969,-71.75429046537525,0.1793417296101367,0.09161260950883007,0.717975487493862,1.4637180356658064e-12
24.22499999999969,-72.38032293876768,0.1572558774213072,0.09381894099224612,0.7157956674355924,1.1244338793403585e-12
24.249999999999687,-72.9031605130432,0.1375128859065165,0.09608705795991132,0.7135981454417364,1.2292389328649733e-12
24.274999999999686,-73.33457318501928,0.12004869047441412,0.09840626924777778,0.7113877025336617,1.6253665080512292e-12
24.299999999999685,-73.68672190570427,0.10474046195165054,0.10076674701240686,0.709168476621849,1.6040502259784262e-12
24.324999999999683,-73.97136922910815,0.09142614224683436,0.10315972511442882,0.7069439859701002,1.2825296380469808e-12
24.34999999999968,-74.1993617679825,0.07992186600765844,0.10557757424959353,0.7047171778702737,1.55964130499342e-12
24.37499999999968,-74.3803500756108,0.07003600690380692,0.10801378497145799,0.7024904912656954,1.8633983245308627e-12
24.39999999999968,-74.52268990425591,0.06157954494226478,0.11046289057940636,0.700265924432687,2.275513111271721e-12
24.424999999999677,-74.63346666143477,0.05437305872630305,0.11292035704973244,0.6980451015078489,2.284394895468722e-12
24.449999999999676,-74.71859347077569,0.04825093940747138,0.11538246027697333,0.6958293340485251,2.19735341033811e-12
24.474999999999675,-74.7829456196668,0.043063495094055736,0.117846164127263,0.6936196756803346,2.1440627051561023e-12
24.499999999999673,-74.83050618304277,0.0386775604716359,0.12030900726721232,0.6914169691863923,1.8118839761882555e-12
24.52499999999967,-74.86450738287154,0.034976117515881505,0.1227690027014426,0.6892218862097885,2.0374812947920873e-12
24.54999999999967,-74.88755935078653,0.03185731342138629,0.12522455128622728,0.6870349601937883,2.1085355683680973e-12
24.57499999999967,-74.90176269927895,0.02923315375027694,0.12767436888364728,0.6848566133880797,2.092548356813495e-12
24.599999999999667,-74.90880421569783,0.02702806092374841,0.13011742596664594,0.6826871787969819,1.7976731214730535e-12
24.624999999999666,-74.91003661603516,0.025177421452381502,0.1325528981188621,0.6805269179039576,1.893596390800667e-12
24.649999999999665,-74.90654407763661,0.023626197110929063,0.13498012580043856,0.6783760349209266,1.7426060594516457e-12
24.674999999999663,-74.89919553883608,0.022327641864842315,0.13739858183987172,0.6762346882086637,1.8527401834944612e-12
24.699999999999662,-74.88868773196825,0.021242144075909818,0.13980784527779413,0.6741029994120566,1.7905676941154525e-12
24.72499999999966,-74.87557974720545,0.020336199242160367,0.14220758038056877,0.671981060759563,1.8189894035458565e-12
24.74999999999966,-74.86032069482013,0.019581509830864294,0.14459751983136696,0.669868940893436,2.0179413695586845e-12
24.774999999999658,-74.84327179210267,0.01895420383692052,0.1469774512797697,0.6677666895270339,2.0019541580040823e-12
24.799999999999656,-74.82472397404474,0.018434161248322416,0.1493472065820799,0.6656743411671854,2.3714363805993344e-12
24.824999999999655,-74.8049119256552,0.01800443672437741,0.15170665319241086,0.6635919180918598,2.2932766796657233e-12
24.849999999999653,-74.78402526195302,0.017650766877471073,0.15405568727063498,0.6615194327347708,2.533084852984757e-12
24.874999999999652,-74.76221743852567,0.017361151186918892,0.15639422815993945,0.6594568895975217,2.8208546609675977e-12
24.89999999999965,-74.73961285825204,0.017125496497892943,0.15872221395687508,0.6574042867851246,2.8883562208648073e-12
24.92499999999965,-74.71631254481464,0.01693531610090979,0.16103959795315168,0.6553616172410017,3.014477556462225e-12
24.949999999999648,-74.69239867735527,0.01678347544459596,0.1633463457735099,0.653328869741917,2.7835511673401925e-12
24.974999999999646,-74.66793821973484,0.01666397754620265,0.16564243306992424,0.6513060297008716,2.929212428171013e-12
24.999999999999645,-74.64298582943746,0.016571782098368668,0.1679278436609593,0.649293079816161,2.993161274389422e-12
25.024999999999643,-74.61758619276142,0.016502653112403322,0.17020256802778713,0.6472900005969959,3.071320975323033e-12
25.049999999999642,-74.591775902542,0.01645303068427078,0.17246660209637735,0.6452967707899212,2.9753977059954195e-12
25.07499999999964,-74.56558497061111,0.016419923122337907,0.17471994624965648,0.643313367725369,2.7409186031945865e-12
25.09999999999964,-74.53903804819177,0.01640081624217615,0.17696260452477108,0.6413397675998009,2.6503244043851737e-12
25.124999999999638,-74.51215541239853,0.016393597121365795,0.17919458395959256,0.6393759457058091,2.7533531010703882e-12
25.149999999999636,-74.48495376512878,0.016396490024978873,0.18141589405975755,0.6374218766200932,2.8101965199311962e-12
25.174999999999635,-74.45744688122085,0.01640800256873669,0.18362654636323147,0.635477534357277,2.8190783041281975e-12
25.199999999999633,-74.42964613530108,0.01642688048976707,0.18582655408391693,0.6335428924959727,2.8066438062523957e-12
25.224999999999632,-74.40156093083,0.016452069651743718,0.1880159318194466,0.6316179242822525,3.062439191126032e-12
25.24999999999963,-74.37319905016265,0.016482684128522797,0.19019469531118788,0.6297026027146975,3.4017233474514796e-12
25.27499999999963,-74.34456694070582,0.01651797939396885,0.1923628612467985,0.6277969006143923,3.701927653310122e-12
25.299999999999628,-74.31566994928158,0.016557329800514456,0.1945204470975223,0.6259007906825969,3.460343123151688e-12
25.324999999999626,-74.28651251443722,0.016600209659475264,0.19666747098390078,0.6240142455483098,3.467448550509289e-12
25.349999999999625,-74.2570983245475,0.016646177345982716,0.1988039515647685,0.6221372378075266,3.510081114654895e-12
25.374999999999623,-74.22743044804194,0.016694861943798222,0.20092990794536306,0.6202697400556596,3.7623237858497305e-12
25.399999999999622,-74.19751144087579,0.016745952022957727,0.2030453596011538,0.6184117249143162,3.815614491031738e-12
25.42499999999962,-74.16734343539004,0.016799186208478388,0.20515032631462018,0.6165631650534162,3.9399594697897555e-12
25.44999999999962,-74.13692821392344,0.016854345253198507,0.20724482812271736,0.614724033209449,4.222400207254395e-12
25.474999999999618,-74.10626726990904,0.016911245373875627,0.20932888527317653,0.6128943022005283,4.222400207254395e-12
25.499999999999616,-74.07536185867974,0.01696973264833396,0.21140251818812172,0.6110739449387852,4.083844373781176e-12
25.524999999999615,-74.0442130397969,0.017029678303911354,0.21346574743375485,0.6092629344405456,3.9399594697897555e-12
25.549999999999613,-74.01282171238365,0.017090974754700033,0.21551859369508292,0.6074612438346574,4.302336265027407e-12
25.574999999999612,-73.98118864467557,0.017153532267941286,0.21756107775484068,0.605668846369273,4.5137227289160364e-12
25.59999999999961,-73.9493144987823,0.01721727615912389,0.2195932204759099,0.6038857154173365,4.565237077258644e-12
25.62499999999961,-73.91719985147643,0.017282144431440827,0.22161504278665706,0.6021118244809844,4.543920795185841e-12
25.649999999999608,-73.88484521168054,0.017348085788774302,0.2236265656687103,0.6003471471950336,4.423128530106624e-12
25.674999999999606,-73.85225103520555,0.017415057962722174,0.22562781014677802,0.5985916573296988,4.158451361035986e-12
25.699999999999605,-73.81941773719645,0.017483026303699103,0.2276187972801782,0.5968453287926614,4.0962788716569776e-12
25.724999999999604,-73.7863457026628,0.017551962594136626,0.2295995481558033,0.5951081356305882,3.872457909892546e-12
25.749999999999602,-73.75303529540618,0.01762184404851414,0.23157008388229072,0.5933800520301844,4.1673331452329876e-12
25.7749999999996,-73.71948686560356,0.017692652470584075,0.2335304255852068,0.5916610523188514,4.163780431554187e-12
25.7999999999996,-73.68570075626172,0.017764373542882406,0.23548059440308375,0.589951110965007,4.1247005810873816e-12
25.824999999999598,-73.65167730872174,0.017836996227586045,0.23742061148417462,0.5882502025781192,4.1389114358025836e-12
25.849999999999596,-73.61741686736255,0.01791051226111258,0.2393504979838134,0.5865583019084938,3.817390847871138e-12
25.874999999999595,-73.58291978362817,0.01798491572765851,0.2412702750622847,0.5848753838468509,3.6131098113401094e-12
25.899999999999594,-73.54818641948248,0.018060202699224627,0.2431799638831233,0.5832014234237214,3.531397396727698e-12
25.924999999999592,-73.51321715037872,0.018136370931653895,0.2450795856117754,0.5815363958086865,3.7339020764193265e-12
25.94999999999959,-73.4780123678167,0.018213419607868132,0.2469691614145652,0.5798802763094834,3.47455397786689e-12
25.97499999999959,-73.44257248154884,0.018291349120885942,0.2488487124579177,0.5782330403709934,3.588240815588506e-12
25.999999999999588,-73.40689792148683,0.018370160890377896,0.2507182599077972,0.57659466357413,3.346656285430072e-12
26.024999999999586,-73.37098913935208,0.018449857207501665,0.25257782492932673,0.5749651216346369,3.772981926886132e-12
26.049999999999585,-73.33484661010658,0.018530441103589642,0.2544274286865586,0.5733443904018101,3.824496275228739e-12
26.074999999999584,-73.29847083319511,0.01861191623895952,0.2562670923423715,0.5717324458571519,3.888445121447148e-12
26.099999999999582,-73.26186233362479,0.018694286808705458,0.258096837058472,0.5701292641129657,3.986144747614162e-12
26.12499999999958,-73.22502166290415,0.018777557462821597,0.25991668399548284,0.5685348214108976,3.9968028886505635e-12
26.14999999999958,-73.18794939986044,0.018861733238425528,0.2617266543131024,0.566949094120432,4.0039083160081645e-12
26.174999999999578,-73.15064615135095,0.01894681950219933,0.26352676917032103,0.5653720587373455,4.369837824924616e-12
26.199999999999577,-73.11311255288203,0.019032821901460703,0.2653170497256847,0.5638036918821241,4.522604513113038e-12
26.224999999999575,-73.07534926914711,0.019119746322524812,0.26709751713759433,0.5622439702983472,4.654054919228656e-12
26.249999999999574,-73.03735699449365,0.019207598855226764,0.2688681925646337,0.5606928708510421,4.799716180059477e-12
26.274999999999572,-72.99913645332718,0.01929638576265072,0.270629097165918,0.5591503705250116,4.797051644800376e-12
26.29999999999957,-72.96068840045974,0.019386113455260343,0.27238025210145755,0.5576164464231371,4.8121506779352785e-12
26.32499999999957,-72.92201362140865,0.01947678846875027,0.2741216785325309,0.5560910757646603,4.872546810474887e-12
26.349999999999568,-72.88311293265087,0.01956841744504412,0.2758533976220628,0.554574235883444,4.8832049515112885e-12
26.374999999999567,-72.84398718183742,0.019661007115953456,0.27757543053500366,0.5530659042262154,5.150546655841026e-12
26.399999999999565,-72.8046372479716,0.019754564289087284,0.27928779843870655,0.5515660583507919,5.167422045815329e-12
26.424999999999564,-72.76506404155435,0.019849095835665177,0.2809905225032992,0.5500746759242922,5.019096249725408e-12
26.449999999999562,-72.7252685046996,0.019944608679940527,0.2826836239020489,0.5485917347213323,4.877875880993088e-12
26.47499999999956,-72.68525161122183,0.02004110978998568,0.28436712381171725,0.5471172126222091,4.6487258487104555e-12
26.49999999999956,-72.64501436669818,0.020138606169628932,0.2860410434129043,0.5456510876110716,4.487965554744733e-12
26.524999999999558,-72.60455780850674,0.020237104851365578,0.28770540389037946,0.5441933377740804,4.5918824298496475e-12
26.549999999999557,-72.56388300584257,0.020336612890092424,0.2893602264333985,0.5427439412975574,4.371614181764016e-12
26.574999999999555,-72.52299105971287,0.020437137357538392,0.29100553223600556,0.541302876466126,4.6558312760680565e-12
26.599999999999554,-72.4818831029123,0.020538685337283116,0.2926413424973194,0.5398701216608409,4.843236922624783e-12
26.624999999999552,-72.44056029997974,0.020641263920272154,0.2942676784218024,0.5384456553573118,4.878764059412788e-12
26.64999999999955,-72.3990238471369,0.020744880200751183,0.2958845612195131,0.5370294561238171,5.084821452783217e-12
26.67499999999955,-72.35727497221004,0.020849541272553555,0.29749201210634063,0.5356215026194122,5.0466297807361116e-12
26.699999999999548,-72.31531493453505,0.020955254225685466,0.2990900523042211,0.5342217735920303,4.9613646524448995e-12
26.724999999999547,-72.27314502484674,0.021062026143161522,0.300678703041336,0.5328302478765775,5.143441228483425e-12
26.749999999999545,-72.2307665651526,0.021169864098050703,0.30225798555229205,0.5314469043930224,5.3725912607660575e-12
26.774999999999544,-72.18818090859175,0.021278775150698762,0.3038279210782828,0.5300717221444804,5.679012815562601e-12
26.799999999999542,-72.14538943927914,0.021388766346098334,0.3053885308672312,0.5287046802152935,5.53157519789238e-12
26.82499999999954,-72.1023935721357,0.021499844711382363,0.3069398361739143,0.5273457577691066,5.779376976988715e-12
26.84999999999954,-72.05919475270439,0.021612017253420216,0.30848185826006913,0.5259949340469393,5.7838178690872155e-12
26.874999999999538,-72.01579445695273,0.021725290956499044,0.3100146183944807,0.5246521883652551,5.6736837450444e-12
26.899999999999537,-71.97219419106186,0.021839672780075578,0.31153813785305173,0.5233175001140279,5.345057729755354e-12
26.924999999999535,-71.92839549120241,0.021955169656585914,0.31305243791885484,0.5219908487548061,5.502265310042276e-12
26.949999999999534,-71.8843999232974,0.022071788489302753,0.3145575398821668,0.5206722138187749,5.7553961596568115e-12
26.974999999999532,-71.84020908277239,0.02218953615023125,0.31605346504048576,0.5193615749048179,5.852207607404125e-12
26.99999999999953,-71.79582459429298,0.022308419478036003,0.3175402346985317,0.5180589116775766,5.629274824059394e-12
27.02499999999953,-71.75124811148982,0.022428445275992973,0.31901787016822997,0.5167642038655106,5.764277943853813e-12
27.049999999999528,-71.70648131667136,0.022549620309961174,0.3204863927686787,0.5154774312589577,5.624833931960893e-12
27.074999999999527,-71.66152592052454,0.022671951306369773,0.3219458238261005,0.5141985737081942,5.444533712761768e-12
27.099999999999525,-71.6163836618033,0.02279544495021707,0.32339618467377856,0.5129276111214963,5.597300400950189e-12
27.124999999999524,-71.57105630700538,0.022920107883078536,0.32483749665197786,0.5116645234632032,5.448086426440568e-12
27.149999999999523,-71.5255456500373,0.023045946701121457,0.32626978110785165,0.510409290751782,5.595524044110789e-12
27.17499999999952,-71.47985351186786,0.023172967953124436,0.3276930593953339,0.509161893057895,5.488942633746774e-12
27.19999999999952,-71.43398174017003,0.023301178138500255,0.329107352875018,0.5079223105024705,5.267786207241443e-12
27.22499999999952,-71.38793220895165,0.023430583705321074,0.33051268291402247,0.5066905232547761,5.188738327888132e-12
27.249999999999517,-71.34170681817496,0.023561191048345167,0.33190907088584337,0.505466511530497,5.410782932813163e-12
27.274999999999515,-71.29530749336492,0.02369300650704469,0.3332965381701952,0.504250255589818,5.6763482803035e-12
27.299999999999514,-71.24873618520684,0.023826036363634288,0.3346751061528396,0.5030417357355107,5.623057575121493e-12
27.324999999999513,-71.20199486913313,0.02396028684110042,0.3360447962254025,0.501840932311027,5.7411853049416095e-12
27.34999999999951,-71.1550855448994,0.02409576410123155,0.3374056297851813,0.5006478256985973,5.332623231879552e-12
27.37499999999951,-71.10801023615024,0.024232474242649543,0.3387576282349408,0.4994623963173364,5.3859139370615594e-12
27.39999999999951,-71.06077098997447,0.024370423298842602,0.34010081298270034,0.4982846246213561,5.167422045815329e-12
27.424999999999507,-71.01336987645048,0.02450961723620036,0.34143520544151057,0.49711449109788564,5.013767179207207e-12
27.449999999999505,-70.96580898818135,0.024650061952051758,0.3427608270292224,0.49595197626540044,4.8547832420808845e-12
27.474999999999504,-70.91809043982023,0.024791763272706505,0.344077699168247,0.4947970606717595,4.739320047519868e-12
27.499999999999503,-70.87021636758608,0.0249347269515009,0.3453858432853083,0.4936497248923525,4.498623695781134e-12
27.5249999999995,-70.82218892876983,0.02507895866684899,0.34668528081118816,0.49250994952825655,4.784617146924575e-12
27.5499999999995,-70.77401030123133,0.025224464020300062,0.3479760331804645,0.491377715204404,4.742872761198669e-12
27.5749999999995,-70.72568268288701,0.02537124853460345,0.3492581218312431,0.49025300256776083,4.532374475729739e-12
27.599999999999497,-70.67720829118878,0.0255193176517819,0.3505315682048839,0.48913579228551746,4.6558312760680565e-12
27.624999999999496,-70.62858936259394,0.025668676731214528,0.3517963937457213,0.4880260650432913,4.914291196200793e-12
27.649999999999494,-70.57982815202676,0.025819331047730716,0.3530526199007799,0.48692380154334286,4.46664927267193e-12
27.674999999999493,-70.53092693233152,0.02597128578971609,0.3543002681194855,0.4858289825028049,4.371614181764016e-12
27.69999999999949,-70.48188799371748,0.026124546057231964,0.35553935985337215,0.4847415886519263,4.226841099352896e-12
27.72499999999949,-70.43271364319581,0.026279116860149547,0.3567699165557854,0.48366160073233044,4.150457755258685e-12
27.74999999999949,-70.38340620400895,0.026435003116300326,0.35799195968158243,0.4825889994952893,4.129141473185882e-12
27.774999999999487,-70.33396801505226,0.02659220964964396,0.3592055106868294,0.48152376570001315,4.352962434950314e-12
27.799999999999486,-70.28440143028853,0.026750741188455187,0.360410591028496,0.4804658801119577,4.440892098500626e-12
27.824999999999484,-70.23470881815527,0.026910602363531183,0.3616072221641484,0.47941532350114785,4.616751425601251e-12
27.849999999999483,-70.18489256096537,0.02707179770642083,0.36279542555164035,0.47837207664052006,4.9666937229631e-12
27.87499999999948,-70.13495505430096,0.027234331647677423,0.3639752226488026,0.4773361203042829,4.937383835112996e-12
27.89999999999948,-70.08489870640109,0.027398208515136326,0.3651466349131319,0.47630743526629715,4.616751425601251e-12
27.92499999999948,-70.03472593754316,0.027563432532219132,0.36630968380147866,0.4752860022984756,4.980904577678302e-12
27.949999999999477,-69.9844391794186,0.02773000781626588,0.3674643907697351,0.47427180216920356,4.919620266718994e-12
27.974999999999476,-69.93404087450291,0.027897938376896844,0.3686107772725222,0.4732648156417806,5.022648963404208e-12
27.999999999999474,-69.88353347542032,0.0280672281144056,0.3697488647628781,0.4722650234728838,5.0457416023164114e-12
28.024999999999473,-69.83291944430346,0.02823788081818482,0.3708786746919457,0.4712724064110541,5.285549775635445e-12
28.04999999999947,-69.7822012521481,0.02840990016518647,0.372000228508662,0.47028694519520514,5.396572078097961e-12
28.07499999999947,-69.73138137816343,0.028583289718418017,0.3731135476594477,0.4693086205531562,5.297096095091547e-12
28.09999999999947,-69.6804623091181,0.028758052925476223,0.37421865358789835,0.4683374132001894,5.162092975297128e-12
28.124999999999467,-69.62944653868209,0.028934193117120123,0.3753155677344764,0.4673733038376321,5.3788085097039584e-12
28.149999999999466,-69.57833656676507,0.02911171350588486,0.37640431153620507,0.46641627315146483,5.043077067057311e-12
28.174999999999464,-69.52713489885123,0.0292906171847379,0.3774849064263638,0.4654663018109556,4.82014428371258e-12
28.199999999999463,-69.47584404533094,0.02947090712577932,0.37855737383418536,0.46452337046732095,4.744649118038069e-12
28.22499999999946,-69.42446652082963,0.029652586178987646,0.37962173518455494,0.4635874597524148,4.4853010194856324e-12
28.24999999999946,-69.373004843534,0.029835657071012982,0.38067801189771105,0.4626585502774452,4.334310688136611e-12
28.27499999999946,-69.3214615345161,0.030020122404018863,0.38172622538894885,0.46173662263172005,4.050093593832571e-12
28.299999999999457,-69.26983911705527,0.030205984654574497,0.38276639706832516,0.46082165738142206,4.156675004196586e-12
28.324999999999456,-69.21814011595852,0.030393246172598913,0.38379854834036586,0.45991363506841354,4.027000954920368e-12
28.349999999999454,-69.16636705687948,0.030581909180358545,0.38482270060377544,0.4590125362090721,3.732125719579926e-12
28.374999999999453,-69.11452246563633,0.030771975771519813,0.38583887525114857,0.45811834129315704,3.383959779057477e-12
28.39999999999945,-69.06260886752884,0.030963447910258127,0.38684709366868414,0.45723103078270766,3.460343123151688e-12
28.42499999999945,-69.01062878665508,0.031156327430424874,0.3878473772359009,0.45635058511097387,3.353761712787673e-12
28.44999999999945,-68.95858474522785,0.03135061603477381,0.38883974732535564,0.45547698468137937,3.0055957722652238e-12
28.474999999999447,-68.90647926289138,0.03154631529424825,0.389824225302363,0.45461020986651834,3.090860900556436e-12
28.499999999999446,-68.85431485603834,0.03174342664733055,0.39080083252471726,0.45375024100718603,3.0961899710746366e-12
28.524999999999444,-68.8020940371277,0.03194195139945511,0.39176959034241593,0.4528970584114435,3.3288927170360694e-12
28.549999999999443,-68.74981931400366,0.03214189072248643,0.3927305200973849,0.45205064235371756,3.1530333899354446e-12
28.57499999999944,-68.6974931892159,0.03234324565426334,0.39368364312320503,0.45121097307393576,3.0304647680168273e-12
28.59999999999944,-68.64511815934159,0.03254601709821076,0.39462898074484,0.4503780307766976,3.12105896682624e-12
28.62499999999944,-68.5926967143093,0.032750205823020295,0.39556655427836546,0.44955179563048164,3.149480676256644e-12
28.649999999999437,-68.5402313367253,0.032955812462400716,0.39649638503069884,0.4487322477668898,3.1956659540810506e-12
28.674999999999436,-68.48772450120242,0.03316283751489957,0.39741849429933,0.4479193672799286,3.3217872896784684e-12
28.699999999999434,-68.43517867369182,0.03337128134379703,0.3983329033720523,0.44711313422532817,3.47633033470629e-12
28.724999999999433,-68.38259631081799,0.03358114417707303,0.39923963352669356,0.44631352861989915,3.348432642269472e-12
28.74999999999943,-68.32997985921725,0.03379242610744872,0.4001387060308476,0.44552053044092815,3.2365221613872563e-12
28.77499999999943,-68.27733175488008,0.034005127092503175,0.4010301421416048,0.44473411962561205,3.341327214911871e-12
28.79999999999943,-68.2246544224976,0.034219246954866396,0.40191396310528216,0.44395427607053106,3.3519853559482726e-12
28.824999999999427,-68.17195027481236,0.034434785382489286,0.40279019015715256,0.443180979631162,3.0020430585864233e-12
28.849999999999426,-68.11922171197395,0.03465174192899164,0.4036588445211726,0.4424142101214305,2.7977620220553945e-12
28.874999999999424,-68.06647112089954,0.03487011601408873,0.40451994740970876,0.44165394731330404,2.6574298317427747e-12
28.899999999999423,-68.01370087463971,0.03508990692409733,0.4053735200232616,0.440900170936425,2.8457236567192012e-12
28.92499999999942,-67.96091333174988,0.03531111381252175,0.40621958355018767,0.4401528606777842,2.708944180085382e-12
28.94999999999942,-67.9081108356675,0.035533735700720506,0.4070581591664186,0.43941199618143595,2.7959856652159942e-12
28.97499999999942,-67.8552957140955,0.03575777147865424,0.40788926803517717,0.4386775570482534,2.7249313916399842e-12
28.999999999999417,-67.802470278392,0.03598321990571518,0.40871293130668995,0.43794952283572586,2.8244073746463982e-12
29.024999999999416,-67.74963682296672,0.03621007961163878,0.40952917011789575,0.43722787305779715,2.6361135496699717e-12
29.049999999999415,-67.69679762468444,0.03643834909749774,0.41033800559215006,0.4365125871847458,2.518873998269555e-12
29.074999999999413,-67.64395494227537,0.03666802673677879,0.4111394588389246,0.43580364464310695,2.5419666371817584e-12
29.09999999999941,-67.59111101575326,0.03689911077654239,0.41193355095350187,0.43510102481563634,2.355449169044732e-12
29.12499999999941,-67.53826806584095,0.037131599338665625,0.4127203030166639,0.4344047070413158,2.3092638912203256e-12
29.14999999999941,-67.48542829340401,0.037365490421168226,0.4134997360943752,0.4337146706154013,2.3021584638627246e-12
29.174999999999407,-67.43259387889243,0.037600781899622016,0.414271871237459,0.43303089478951284,2.559730205575761e-12
29.199999999999406,-67.37976698179072,0.03783747152864343,0.4150367294812669,0.43235335877176645,2.5224267119483557e-12
29.224999999999405,-67.32694974007669,0.03807555694346934,0.4157943318453409,0.43168204172694835,2.8563817977556027e-12
29.249999999999403,-67.27414426968889,0.03831503566161578,0.41654469933306776,0.43101692277673137,2.7835511673401925e-12
29.2749999999994,-67.22135266400332,0.03855590508461951,0.41728785293132487,0.43035798099993317,2.6698643296185764e-12
29.2999999999994,-67.16857699331914,0.03879816249986203,0.418023813610118,0.4297051954328166,2.7462476737127872e-12
29.3249999999994,-67.11581930435393,0.039041805082475796,0.41875260232220896,0.4290585450694319,2.9753977059954195e-12
29.349999999999397,-67.06308161974857,0.03928682989733209,0.41947424000273453,0.42841800886200093,3.0180302701410255e-12
29.374999999999396,-67.01036593758185,0.03953323390111025,0.42018874756881475,0.42778356572134263,3.289812866569264e-12
29.399999999999395,-66.95767423089507,0.0397810139444475,0.4208961459191508,0.4271551945173404,3.398170633772679e-12
29.424999999999393,-66.90500844722673,0.04003016677416901,0.421596455933612,0.4265328740794507,3.4656721936698887e-12
29.44999999999939,-66.85237050815763,0.04028068903559731,0.42228969847281117,0.42591658319725245,3.163691530971846e-12
29.47499999999939,-66.79976230886616,0.040532577274940494,0.42297589437766836,0.42530630062103814,3.3217872896784684e-12
29.49999999999939,-66.74718571769432,0.04078582794175835,0.423655064468962,0.42470200506244454,3.419486915845482e-12
29.524999999999388,-66.69464257572434,0.04104043739150561,0.42432722954686736,0.4241036751951248,3.439026841078885e-12
29.549999999999386,-66.64213469636614,0.04129640188815143,0.4249924103904819,0.42351128965546003,3.5278446830488974e-12
29.574999999999385,-66.58966386495564,0.041553717606874076,0.42565062775733686,0.42292482704331086,3.524291969370097e-12
29.599999999999383,-66.5372318383641,0.04181238063682994,0.4263019023828948,0.4223442659228087,3.5917935292673064e-12
29.624999999999382,-66.48484034461849,0.04207238698399572,0.4269462549800327,0.42176958482318583,3.462119479991088e-12
29.64999999999938,-66.43249108253316,0.04233373257408273,0.4275837062385102,0.4212007622396444,3.744560217455728e-12
29.67499999999938,-66.38018572135256,0.04259641325552213,0.42821427682442254,0.4206377766342639,3.780087354243733e-12
29.699999999999378,-66.3279259004053,0.042860424802519934,0.4288379873796375,0.4200806064369462,3.6131098113401094e-12
29.724999999999376,-66.27571322876967,0.04312576291818054,0.429454858521217,0.41952923004639897,3.8689051962137455e-12
29.749999999999375,-66.2235492849503,0.04339242323769746,0.4300649108408213,0.4189836258311551,3.749889287973929e-12
29.774999999999373,-66.17143561656636,0.043660401331610005,0.43066816490409715,0.4184437721306297,3.4994229736184934e-12
29.799999999999372,-66.11937374005116,0.04392969270912449,0.43126464125004826,0.4179096472562129,3.7623237858497305e-12
29.82499999999937,-66.06736514036308,0.04420029282149863,0.43185436039038855,0.41738122949239814,3.9186431877169525e-12
29.84999999999937,-66.01541127070794,0.04447219706548769,0.43243734280887713,0.4168584970979462,3.860023412016744e-12
29.874999999999368,-65.96351355227277,0.044745400786850915,0.43301360896063545,0.41634142830708326,3.716138508025324e-12
29.899999999999366,-65.91167337397083,0.045019899283916795,0.4335831792714456,0.4158300013307335,3.788969138440734e-12
29.924999999999365,-65.85989209219808,0.04529568781120567,0.43414607413702966,0.41532419435778506,4.016342813883966e-12
29.949999999999363,-65.80817103060079,0.045572761583108176,0.43470231392231046,0.4148239855563891,3.673505943879718e-12
29.974999999999362,-65.75651147985437,0.04585111577761792,0.43525191896065185,0.41432935307529123,3.2951419370874646e-12
29.99999999999936,-65.70491469745335,0.04613074554011697,0.4357949095530802,0.41384027504519494,3.502975687297294e-12
30.02499999999936,-65.8992027376279,0.04633781293133329,0.4363433123864116,0.41334879257904217,3.282707439211663e-12
30.049999999999358,-66.08548455004858,0.04641186983334058,0.4369085450687887,0.4128473820301424,3.3093527918026666e-12
30.074999999999356,-66.2641693123804,0.04637148396876119,0.43748975356845626,0.4123366456721527,3.1601388172930456e-12
30.099999999999355,-66.43563691373714,0.04623333288804033,0.43808613263818047,0.4118171500077687,3.3590907833058736e-12
30.124999999999353,-66.60023903755577,0.04601234470233098,0.43869692167441793,0.4112894286509086,3.5917935292673064e-12
30.149999999999352,-66.75830073447132,0.045721835663015506,0.4393214009055274,0.41075398500119054,3.4496849821152864e-12
30.17499999999935,-66.91012229279808,0.04537364307722516,0.43995888791666077,0.4102112947001273,3.3093527918026666e-12
30.19999999999935,-67.05598125689694,0.0449782524596473,0.44060873450659593,0.40966180786846884,3.396394276933279e-12
30.224999999999348,-67.19613448115535,0.04454491816525089,0.4412703238629445,0.40910595113127046,3.6290970228947117e-12
30.249999999999346,-67.33082013887373,0.04408177702949443,0.4419430680362662,0.4085441294420788,3.810285420513537e-12
30.274999999999345,-67.46025963108266,0.04359595476856986,0.44262640569006484,0.4079767277205957,3.943512183468556e-12
30.299999999999343,-67.5846593606557,0.04309366506970618,0.44331980010189354,0.4074041123197346,3.82982534574694e-12
30.324999999999342,-67.70421235268698,0.042580301438017255,0.4440227373904002,0.4068266323384921,3.922195901395753e-12
30.34999999999934,-67.81909971369889,0.042060521968889986,0.44473472494371413,0.4062446207968229,3.936406756110955e-12
30.37499999999934,-67.92949193055227,0.041538327289794744,0.445455290025804,0.4056583956879697,3.90087961932295e-12
30.399999999999338,-68.03555001561165,0.04101713196813023,0.4461839785390812,0.40506826092264353,4.195754854663392e-12
30.424999999999336,-68.13742650835447,0.040499829716898784,0.44692035392339624,0.4044745071782217,4.085620730620576e-12
30.449999999999335,-68.23526634570037,0.03998885275145266,0.4476639961735401,0.4038774126648287,4.305888978706207e-12
30.474999999999334,-68.32920761428053,0.03948622566134922,0.4484145009593227,0.40327724381886243,4.341416115494212e-12
30.499999999999332,-68.41938219799722,0.03899361416398878,0.4491714788341833,0.4026742559332784,4.281019982954604e-12
30.52499999999933,-68.50591633379611,0.03851236910315688,0.4499345545200542,0.40206869373277115,4.575895218295045e-12
30.54999999999933,-68.58893108778693,0.038043566047415156,0.45070336625782353,0.40146079190092226,4.700240197053063e-12
30.574999999999328,-68.66854276285032,0.03758804083170909,0.4514775652142083,0.40085077556541576,4.369837824924616e-12
30.599999999999326,-68.744863247768,0.037146421371550546,0.45225681493716124,0.400238860746566,4.352074256530614e-12
30.624999999999325,-68.81800031678867,0.03671915606344425,0.45304079085309007,0.3996252547736473,4.1886494273057906e-12
30.649999999999324,-68.88805788744338,0.03630653906845187,0.4538291798001797,0.3990101566728583,4.078515303262975e-12
30.674999999999322,-68.95513624338811,0.03590873275839208,0.45462167959298605,0.3983937575301879,3.936406756110955e-12
30.69999999999932,-69.0193322280965,0.03552578758652372,0.4554179986142246,0.39777624083196284,4.1744385725905886e-12
30.72499999999932,-69.0807394143632,0.035157659626939765,0.45621785543032567,0.39715778278544145,3.8902214782865485e-12
30.749999999999318,-69.13944825381046,0.034804226009535685,0.4570209784278774,0.39653855262146837,3.9612757518625585e-12
30.774999999999316,-69.1955462099167,0.03446529846048218,0.45782710546854444,0.39591871288090597,3.936406756110955e-12
30.799999999999315,-69.24911787749957,0.034140635141761425,0.45863598356044294,0.39529841968630897,3.943512183468556e-12
30.824999999999314,-69.30024509108235,0.033829950967619815,0.4594473685442831,0.3946778230000989,3.8689051962137455e-12
30.849999999999312,-69.34900702414176,0.03353292656082056,0.4602610247928641,0.39405706687031905,3.61666252501891e-12
30.87499999999931,-69.39548028087181,0.03324921599739808,0.46107672492273805,0.39343628966490396,3.5420555377640994e-12
30.89999999999931,-69.43973898179118,0.03297845347525266,0.46189424951704766,0.3928156242952753,3.5704772471945034e-12
30.924999999999308,-69.48185484426685,0.03272025902939582,0.46271338685870195,0.3921951984299732,3.517186542012496e-12
30.949999999999307,-69.52189725881378,0.03247424340496452,0.4635339326731819,0.39157513469894817,3.5917935292673064e-12
30.974999999999305,-69.55993336185612,0.03224001218825945,0.4643556898803757,0.39095555088906575,3.481659405224491e-12
30.999999999999304,-69.59602810549167,0.03201716928600963,0.4651784683549311,0.3903365601313187,3.346656285430072e-12
31.024999999999302,-69.6302443246849,0.0318053198338,0.4660020846946819,0.38971827108019075,3.3288927170360694e-12
31.0499999999993,-69.66264280221951,0.031604072606088836,0.46682636199676597,0.38910078808557397,3.3431035717512714e-12
31.0749999999993,-69.69328233166564,0.03141304199245488,0.46765112964109745,0.3884842113576071,2.9665159217984183e-12
31.099999999999298,-69.72221977855651,0.031231849597611515,0.46847622308089626,0.38786863712477193,3.1512570330960443e-12
31.124999999999297,-69.74951013992175,0.031060125516269053,0.4693014836400068,0.3872541577855598,3.083755473198835e-12
31.149999999999295,-69.77520660228714,0.030897509328074724,0.4701267583167655,0.3866408620539973,3.225864020350855e-12
31.174999999999294,-69.79936059822182,0.030743650852573558,0.47095189959419487,0.3860288350993025,3.4923175462608924e-12
31.199999999999292,-69.82202186149192,0.0305982106993705,0.47177676525632023,0.3854181586799264,3.5846881019097054e-12
31.22499999999929,-69.84323848086295,0.030460860644395835,0.47260121821041695,0.38480891127221784,3.218758592993254e-12
31.24999999999929,-69.86305695258142,0.03033128385934315,0.4734251263150087,0.38420116819394057,2.8812507935072063e-12
31.274999999999288,-69.88152223155707,0.03020917501792465,0.47424836221344463,0.38359500172285593,2.4868995751603507e-12
31.299999999999287,-69.8986777812615,0.03009424029953735,0.4750708031728919,0.382990481210577,2.4655832930875476e-12
31.324999999999285,-69.9145656223549,0.029986197308221652,0.4758923309285858,0.38238767319188827,2.2382096176443156e-12
31.349999999999284,-69.92922638005052,0.0298847749223897,0.47671283153318444,0.38178664148971797,2.0463630789890885e-12
31.374999999999282,-69.94269933022535,0.0297897130886751,0.4775321952110808,0.3811874473159405,1.673328142715036e-12
31.39999999999928,-69.95502244428548,0.029700762571380632,0.47835031621752727,0.38059014936817936,1.5916157281026244e-12
31.42499999999928,-69.96623243279514,0.02961768466735092,0.4791670927024325,0.37999480392277424,1.3358203432289883e-12
31.449999999999278,-69.97636478787942,0.029540250894649622,0.47998242657869394,0.37940146492406834,1.2505552149377763e-12
31.474999999999277,-69.98545382441172,0.029468242662153542,0.4807962233949304,0.3788101840701659,1.4743761767022079e-12
31.499999999999275,-69.99353271999881,0.02940145092607003,0.48160839221248497,0.37822101089530447,1.3073986337985843e-12
31.524999999999274,-70.00063355377758,0.02933967583842097,0.4824188454865685,0.377633992848979,1.0587086762825493e-12
31.549999999999272,-70.00678734403915,0.029282726391700466,0.4832274989514181,0.37704917537195165,1.3606893389805919e-12
31.57499999999927,-70.0120240846976,0.029230420063189363,0.4840342715093477,0.37646660196927306,1.5489831639570184e-12
31.59999999999927,-70.01637278062178,0.029182582461784914,0.4848390851235698,0.3758863142804386,1.5560885913146194e-12
31.624999999999268,-70.01986148185004,0.029139046979666072,0.4856418647146707,0.37530835214679553,1.659117287999834e-12
31.649999999999267,-70.02251731670896,0.029099654450653885,0.48644253806062315,0.3747327536763145,1.6910917111090384e-12
31.674999999999265,-70.02436652385785,0.029064252816732344,0.4872410357002251,0.3741595553058326,1.978861519091879e-12
31.699999999999264,-70.02543448328215,0.02903269680385972,0.48803729083985303,0.3735887918608723,1.9539925233402755e-12
31.724999999999262,-70.02574574625913,0.029004847607916124,0.4888312392634235,0.3730204966131343,1.943334382303874e-12
31.74999999999926,-70.02532406432013,0.02898057259139338,0.4896228192454573,0.37245470133576125,1.7124079931818414e-12
31.77499999999926,-70.02419241723419,0.028959744991232016,0.4904119714671454,0.37189143635646243,1.4743761767022079e-12
31.799999999999258,-70.02237304003785,0.028942243638042504,0.49119863893531523,0.3713307306085875,1.4743761767022079e-12
31.824999999999257,-70.01988744913655,0.028927952686808898,0.4919827669042029,0.3707726116802335,1.7763568394002505e-12
31.849999999999255,-70.01675646750304,0.02891676135905894,0.49276430279993494,0.37021710586146533,1.9113599591946695e-12
31.874999999999254,-70.01300024899817,0.028908563696391797,0.4935431961476295,0.36966423818972727,2.19912976717751e-12
31.899999999999253,-70.00863830183944,0.028903258325179912,0.4943193985010274,0.3691140324935193,2.2595258997171186e-12
31.92499999999925,-70.0036895112427,0.028900748232202452,0.4950928633745668,0.36856651143440955,2.4229507289419416e-12
31.94999999999925,-69.9981721612619,0.028900940550921718,0.49586354617781736,0.36802169654745015,2.6005864128819667e-12
31.97499999999925,-69.99210395585182,0.02890374635807907,0.4966314041521929,0.36747960828006276,2.6219026949547697e-12
31.999999999999247,-69.98550203917807,0.028909080480261598,0.4973963963098637,0.366940266029455,2.476241434123949e-12
32.024999999999245,-69.97838301519874,0.02891686131007299,0.49815848337479124,0.36640368817862856,2.6076918402395677e-12
32.049999999999244,-69.97076296654119,0.02892701063153115,0.49891762772581244,0.36586989213103543,2.206235194535111e-12
32.07499999999924,-69.96265747269726,0.028939453454309323,0.49967379334170076,0.36533889434393824,2.1458390619955026e-12
32.09999999999924,-69.95408162755983,0.028954117856436413,0.5004269457481351,0.36481071036052604,2.4158453015843406e-12
32.12499999999924,-69.94505005632286,0.028970934835074486,0.5011770519665096,0.3642853548408368,2.547295707699959e-12
32.14999999999924,-69.93557693176679,0.028989838164996822,0.5019240804645186,0.3637628415915347,2.518873998269555e-12
32.17499999999924,-69.92567598995052,0.029010764264397425,0.5026680011084549,0.3632431835945881,2.4655832930875476e-12
32.199999999999235,-69.91536054533063,0.029033652067672402,0.5034087851171595,0.3627263930348927,2.518873998269555e-12
32.224999999999234,-69.90464350532804,0.02905844290482431,0.5041464050175655,0.36221248132688205,2.398081733190338e-12
32.24999999999923,-69.89353738436174,0.029085080387152424,0.5048808346017778,0.3617014591401669,2.4016344468691386e-12
32.27499999999923,-69.88205431736853,0.029113510298904296,0.5056120488856359,0.3611933364242408,2.5792701308091637e-12
32.29999999999923,-69.87020607282732,0.029143680494576964,0.5063400240687047,0.3606881224322905,2.7142732506035827e-12
32.32499999999923,-69.8580040653059,0.02917554080156938,0.5070647374956438,0.36018582574414626,2.7853275241795927e-12
32.34999999999923,-69.84545936754758,0.029209042927900778,0.5077861676189058,0.35968645428840623,2.9736213491560193e-12
32.374999999999226,-69.83258272211435,0.029244140374723115,0.5085042939627156,0.3591900153637678,2.8137492336099967e-12
32.399999999999224,-69.8193845526032,0.02928078835336853,0.509219097088285,0.35869651565959754,2.9594104944408173e-12
32.42499999999922,-69.80587497445093,0.029318943706685755,0.5099305585602194,0.35820596127576904,2.7320368189975852e-12
32.44999999999922,-69.79206380534302,0.02935856483443168,0.5106386609140714,0.3577183577417982,2.7959856652159942e-12
32.47499999999922,-69.77796057524102,0.029399611622496578,0.5113433876250033,0.35723371003530335,2.8528290840768022e-12
32.49999999999922,-69.76357453604292,0.029442045375752967,0.5120447230775168,0.35675202259981614,2.9416469260468148e-12
32.52499999999922,-69.74891467088995,0.029485828754329455,0.5127426525362118,0.3562732993619695,2.9345414986892138e-12
32.549999999999216,-69.73398970313326,0.02953092571312158,0.5134371621175383,0.35579754374808586,3.0482283364108298e-12
32.574999999999214,-69.71880810497322,0.029577301444362103,0.5141282387625058,0.3553247587001897,2.9700686354772188e-12
32.59999999999921,-69.70337810578354,0.029624922323082923,0.5148158702103144,0.3548549466914663,2.7675639557855902e-12
32.62499999999921,-69.68770770013224,0.029673755855310173,0.5155000449728768,0.35438810974118823,2.476241434123949e-12
32.64999999999921,-69.67180465551077,0.029723770628843047,0.5161807523101982,0.35392424942913014,2.4868995751603507e-12
32.67499999999921,-69.65567651978246,0.029774936266475278,0.5168579822065834,0.3534633669094911,2.6716406864579767e-12
32.69999999999921,-69.6393306283608,0.029827223381526224,0.517531725347642,0.3530054629243437,2.582822844487964e-12
32.724999999999206,-69.62277411112784,0.02988060353555611,0.518201973098063,0.3525505378166281,2.6858515411731787e-12
32.749999999999204,-69.60601389910254,0.029935049198147122,0.518868717480132,0.35209859154270745,2.3945290195115376e-12
32.7749999999992,-69.58905673086852,0.029990533708638897,0.5195319511529631,0.3516496236845026,2.597033699203166e-12
32.7999999999992,-69.5719091587705,0.03004703123971324,0.5201916673924226,0.3512036334612208,2.19912976717751e-12
32.8249999999992,-69.5545775548879,0.030104516762729006,0.5208478600717174,0.35076061974069445,2.1032064978498966e-12
32.8499999999992,-69.53706811679437,0.03016296601471378,0.5215005236426254,0.35032058105034397,2.071232074740692e-12
32.8749999999992,-69.51938687311122,0.030222355466924318,0.5221496531173473,0.3498835155877796,2.000177801164682e-12
32.899999999999196,-69.50153968886254,0.030282662294892713,0.5227952440509535,0.3494494212310546,1.893596390800667e-12
32.924999999999194,-69.48353227063964,0.030343864349880102,0.5234372925244095,0.3490182955485838,1.7337242752546445e-12
32.94999999999919,-69.465370171582,0.030405940131664137,0.5240757951281573,0.34859013580873904,1.6697754290362354e-12
32.97499999999919,-69.44705879618155,0.030468868762590612,0.5247107489462322,0.3481649389891339,1.6058265828178264e-12
32.99999999999919,-69.42860340491728,0.030532629962823726,0.5253421515408992,0.34774270178560934,1.552535877635819e-12
33.02499999999919,-69.41000911872624,0.030597204026732994,0.5259700009377886,0.3473234206209305,1.659117287999834e-12
33.04999999999919,-69.39128092331737,0.030662571800358522,0.5265942956115127,0.34690709165320593,1.9539925233402755e-12
33.074999999999186,-69.37242367333407,0.030728714659899438,0.5272150344717504,0.3464937107840389,2.000177801164682e-12
33.099999999999184,-69.35344209637104,0.03079561449117357,0.5278322168497784,0.34608327366642067,1.858069254012662e-12
33.12499999999918,-69.33434079685115,0.03086325366999923,0.5284458424854379,0.3456757757123751,1.5774048733874224e-12
33.14999999999918,-69.3151242597674,0.03093161504345272,0.5290559115145188,0.34527121210036354,1.538325022920617e-12
33.17499999999918,-69.29579685429513,0.031000681911957817,0.5296624244565489,0.34486957778245825,1.2825296380469808e-12
33.19999999999918,-69.27636283727942,0.03107043801216583,0.5302653822029721,0.3444708674912933,1.4850343177386094e-12
33.22499999999918,-69.25682635660219,0.031140867500587123,0.5308647860057046,0.34407507574680024,1.3855583347321954e-12
33.249999999999176,-69.23719145443368,0.03121195493793718,0.5314606374660535,0.34368219686273666,1.5418777365994174e-12
33.274999999999174,-69.2174620703726,0.03128368527416224,0.5320529385239875,0.3432922249530143,1.6484591469634324e-12
33.29999999999917,-69.19764204447901,0.03135604383411143,0.5326416914477464,0.3429051539378348,1.4850343177386094e-12
33.32499999999917,-69.17773512020399,0.03142901630382415,0.5332268988237785,0.3425209775496386,1.3464784842653899e-12
33.34999999999917,-69.15774494722007,0.031502588717403114,0.5338085635469939,0.3421396893388749,1.4814816040598089e-12
33.37499999999917,-69.13767508415586,0.03157674744444501,0.5343866888113243,0.3417612826795973,1.3464784842653899e-12
33.39999999999917,-69.11752900123865,0.03165147917800229,0.5349612781005773,0.34138575077489286,1.2434497875801753e-12
33.424999999999166,-69.09731008284831,0.03172677092305091,0.535532335179576,0.3410130866621488,1.2470025012589758e-12
33.449999999999164,-69.07702162998571,0.03180260998544023,0.5360998640855752,0.3406432832181638,1.3393730569077889e-12
33.47499999999916,-69.05666686265893,0.03187898396130255,0.5366638691199428,0.34027633316410794,1.4104273304837989e-12
33.49999999999916,-69.03624892219024,0.031955880726900816,0.5372243548400991,0.33991222907033763,1.0729195309977513e-12
33.52499999999916,-69.0157708734467,0.03203328842889427,0.5377813260517051,0.3395509633610693,1.0622613899613498e-12
33.54999999999916,-68.99523570699728,0.03211119547500278,0.5383347878010909,0.33919252831891794,1.1866063687193673e-12
33.57499999999916,-68.97464634119918,0.03218959052505159,0.5388847453679165,0.3388369160893035,1.3429257705865894e-12
33.599999999999156,-68.9540056242158,0.0322684624823791,0.5394312042580579,0.3384841186847312,1.3571366253017914e-12
33.624999999999154,-68.9333163359691,0.03234780048559134,0.5399741701967092,0.3381341279889487,1.0871303857129533e-12
33.64999999999915,-68.91258119002843,0.0324275939006474,0.5405136491216963,0.3377869357609849,9.769962616701378e-13
33.67499999999915,-68.8918028354385,0.03250783231326102,0.5410496471769922,0.337442533639074,9.201528428093297e-13
33.69999999999915,-68.87098385848827,0.032588505521604194,0.54158217070643,0.337100913144469,9.556799795973347e-13
33.72499999999915,-68.85012678442332,0.032669603529299415,0.5421112262476048,0.3367620656851475,1.0231815394945443e-12
33.74999999999915,-68.8292340791034,0.032751116538687786,0.5426368205259599,0.33642598255941436,9.201528428093297e-13
33.774999999999146,-68.80830815060732,0.032833034944360844,0.5431589604490508,0.33609265495940366,7.425171588693047e-13
33.799999999999145,-68.787351350787,0.032915349326944614,0.5436776531009807,0.33576207397448377,7.318590178329032e-13
33.82499999999914,-68.76636597677258,0.03299805044712486,0.5441929057370027,0.3354342305945684,4.618527782440651e-13
33.84999999999914,-68.7453542724301,0.033081129239903084,0.5447047257782829,0.33510911571333685,5.115907697472721e-13
33.87499999999914,-68.72431842977386,0.03316457680907335,0.5452131208068187,0.3347867201313663,3.339550858072471e-13
33.89999999999914,-68.70326059033455,0.03324838442191043,0.5457180985605088,0.3344670345591787,4.973799150320701e-13
33.92499999999914,-68.68218284648519,0.03333254350406022,0.5462196669283683,0.3341500496202054,4.476419235288631e-13
33.949999999999136,-68.66108724272608,0.033417045634623894,0.5467178339458854,0.3338357558536716,4.902744876744691e-13
33.974999999999135,-68.63997577693027,0.033501882541427455,0.5472126077905143,0.3335241437174039,6.323830348264892e-13
33.99999999999913,-68.618850401551,0.03358704609646906,0.5477039967773012,0.33321520359056245,4.689582056016661e-13
34.02499999999913,-68.59771302479236,0.03367252831153644,0.5481920093546374,0.33290892577630055,6.110667527536862e-13
34.04999999999913,-68.57656551174449,0.033758321333987505,0.5486766541001376,0.3326053005043541,4.121147867408581e-13
34.07499999999913,-68.55540968548465,0.03384441744268715,0.5491579397166371,0.3323043179335627,5.755396159656812e-13
34.09999999999913,-68.53424732814504,0.033930809044093964,0.5496358750283065,0.3320059681543245,3.197442310920451e-13
34.124999999999126,-68.51308018194896,0.034017488668490546,0.550110468976878,0.3317102411909872,2.4868995751603507e-13
34.149999999999125,-68.49190995021607,0.03410444896635155,0.5505817306179818,0.33141712700417675,1.7763568394002505e-13
34.17499999999912,-68.47073829833784,0.034191682704843816,0.5510496691175876,0.33112661549306577,2.4158453015843406e-13
34.19999999999912,-68.44956685472444,0.03427918276445325,0.5515142937485487,0.33083869649758363,2.2737367544323206e-13
34.22499999999912,-68.42839721172382,0.0343669421357332,0.5519756138872454,0.3305533598005696,1.4921397450962104e-13
34.24999999999912,-68.40723092651398,0.034454953916169546,0.5524336390103246,0.3302705951298712,3.197442310920451e-13
34.27499999999912,-68.38606952196939,0.034543211307157644,0.5528883786915325,0.32999039216038906,2.6290081223123707e-13
34.299999999999116,-68.36491448750246,0.03463170761108681,0.5533398425986374,0.32971274051606975,2.7711166694643907e-13
34.324999999999115,-68.34376727988075,0.03472043622852787,0.5537880404904407,0.3294376297718488,4.973799150320701e-14
34.34999999999911,-68.3226293240209,0.0348093906555198,0.5542329822138722,0.32916504945554437,3.552713678800501e-14
34.37499999999911,-68.30150201375996,0.034898564480951445,0.5546746777011676,0.3288949890497036,-7.105427357601002e-14
34.39999999999911,-68.28038671260502,0.0349879513840346,0.5551131369671264,0.3286274379934032,-4.050093593832571e-13
34.42499999999911,-68.25928475446159,0.035077545131864785,0.5555483701064463,0.32836238568400505,-2.984279490192421e-13
34.44999999999911,-68.2381974443417,0.03516733957706635,0.5559803872911334,0.3280998214788681,0.0
34.474999999999106,-68.21712605905228,0.03525732865551858,0.5564091987679844,0.32783973469701877,-2.0605739337042905e-13
34.499999999999105,-68.19607184786447,0.0353475063841596,0.5568348148561398,0.3275821146207793,-2.984279490192421e-13
34.5249999999991,-68.17503603316449,0.03543786685886508,0.5572572459447056,0.32732695049735716,5.684341886080802e-14
34.5499999999991,-68.15401981108664,0.03552840425239891,0.5576765024904408,0.32707423154039506,2.1316282072803006e-14
34.5749999999991,-68.13302435212913,0.03561911281243289,0.5580925950155097,0.32682394693148353,2.1316282072803006e-13
34.5999999999991,-68.11205080175311,0.035709986859633044,0.558505534105297,0.3265760858216367,1.7763568394002505e-13
34.6249999999991,-68.09110028096569,0.03580102078580968,0.5589153304062828,0.32633063733273254,2.8421709430404007e-13
34.649999999999096,-68.07017388688712,0.035892209052129045,0.5593219946239767,0.32608759055891823,4.689582056016661e-13
34.674999999999095,-68.04927269330304,0.035983546187384086,0.5597255375209091,0.3258469345679821,2.6290081223123707e-13
34.69999999999909,-68.02839775120192,0.03607502678632204,0.5601259699146781,0.3256086584026922,3.765876499528531e-13
34.72499999999909,-68.00755008929845,0.03616664550802682,0.5605233026760493,0.32537275108210373,3.339550858072471e-13
34.74999999999909,-67.98673071454301,0.03625839707435402,0.560917546727109,0.32513920160283427,1.4210854715202004e-13
34.77499999999909,-67.96594061261807,0.03635027626841663,0.5613087130394672,0.3249079989403098,2.842170943040401e-14
34.79999999999909,-67.94518074842144,0.03644227793311949,0.56169681263251,0.32467913204998045,-7.105427357601002e-14
34.824999999999086,-67.92445206653724,0.03653439696974075,0.5620818565717003,0.324452589868508,9.947598300641403e-14
34.849999999999085,-67.90375549169471,0.03662662833655853,0.5624638559669238,0.3242283613149252,3.623767952376511e-13
34.87499999999908,-67.8830919292152,0.03671896704752104,0.5628428219708814,0.32400643529176787,4.121147867408581e-13
34.89999999999908,-67.8624622654479,0.0368114081709587,0.563218765777524,0.3237868006861803,-7.105427357601002e-15
34.92499999999908,-67.84186736819457,0.03690394682833659,0.563591698620531,0.3235694463709954,-7.105427357601002e-15
34.94999999999908,-67.82130808712347,0.03699657819304577,0.5639616317718293,0.3233543612057886,-2.0605739337042905e-13
34.97499999999908,-67.80078525417302,0.03708929748923209,0.5643285765401528,0.3231415340379083,4.263256414560601e-14
34.999999999999076,-67.78029968394544,0.03718209999066108,0.5646925442696402,0.32293095370348146,-2.8421709430404007e-13
35.024999999999075,-67.75985217409053,0.037274981019617556,0.5650535463384723,0.3227226090283964,1.2079226507921703e-13
35.04999999999907,-67.7394435056801,0.03736793594583886,0.5654115941575436,0.3225164888292625,3.623767952376511e-13
35.07499999999907,-67.71907444357322,0.03746096018548027,0.5657666991691722,0.3223125819143479,6.821210263296962e-13
35.09999999999907,-67.6987457367725,0.037554049200111655,0.5661188728458426,0.3221108770844955,5.755396159656812e-13
35.12499999999907,-67.67845811877177,0.03764719849574404,0.5664681266889832,0.3219113631340174,1.8474111129762605e-13
35.14999999999907,-67.65821230789543,0.03774040362188522,0.566814472227776,0.3217140288515696,2.6290081223123707e-13
35.174999999999066,-67.63800900762949,0.03783366017062322,0.5671579210179992,0.3215188630210055,-1.4210854715202004e-14
35.199999999999065,-67.61784890694494,0.03792696377573669,0.5674984846408996,0.32132585442221084,2.3447910280083306e-13
35.22499999999906,-67.59773268061319,0.038020310111831275,0.5678361747020958,0.32113499183191835,-5.684341886080802e-14
35.24999999999906,-67.57766098951423,0.03811369489350106,0.568171002830511,0.32094626402450455,-2.6290081223123707e-13
35.27499999999906,-67.55763448093744,0.03820711387451413,0.5685029806773336,0.3207596597727679,-2.6290081223123707e-13
35.29999999999906,-67.53765378887539,0.03830056284702152,0.568832119915006,0.32057516784868906,-6.181721801112872e-13
35.32499999999906,-67.5177195343108,0.038394037640788664,0.5691584322362403,0.3203927770241739,-7.887024366937112e-13
35.349999999999056,-67.49783232549682,0.03848753412244857,0.56948192935306,0.32021247607177933,-5.542233338928781e-13
35.374999999999055,-67.47799275823081,0.038581048194775994,0.5698026229958671,0.32003425376542244,-6.465938895416912e-13
35.399999999999054,-67.45820141612191,0.038674575795981894,0.5701205249125352,0.3198580988810736,-5.044853423896711e-13
35.42499999999905,-67.43845887085239,0.03876811289902745,0.5704356468675243,0.31968400019743337,-5.613287612504791e-13
35.44999999999905,-67.41876568243308,0.03886165551095698,0.5707480006410219,0.3195119464965943,-8.739675649849232e-13
35.47499999999905,-67.39912239945303,0.03895519967224919,0.5710575980281046,0.31934192656468713,-5.044853423896711e-13
35.49999999999905,-67.37952955932353,0.03904874145618601,0.5713644508379233,0.3191739291925123,-3.268496584496461e-13
35.52499999999905,-67.35998768851651,0.03914227696823855,0.5716685708929095,0.3190079431761572,-2.913225216616411e-13
35.549999999999045,-67.34049730279781,0.03923580234546953,0.5719699700280025,0.31884395731759885,-5.115907697472721e-13
35.574999999999044,-67.32105890745508,0.03932931375595171,0.5722686600898976,0.3186819604252929,-1.2789769243681803e-13
35.59999999999904,-67.30167299752063,0.03942280739820169,0.5725646529363136,0.3185219413147492,-7.105427357601002e-14
35.62499999999904,-67.28234005798939,0.03951627950062872,0.5728579604352798,0.31836388880909394,-3.339550858072471e-13
35.64999999999904,-67.26306056403205,0.039609726320997886,0.5731485944644421,0.3182077917396188,-3.552713678800501e-13
35.67499999999904,-67.24383498120348,0.03970314414590733,0.5734365669103874,0.31805363894631755,-4.334310688136611e-13
35.69999999999904,-67.2246637656466,0.03979652929027901,0.5737218896679854,0.31790141927841015,-5.044853423896711e-13
35.724999999999035,-67.20554736429175,0.03988987809686253,0.5740045746397486,0.31775112159485475,-5.755396159656812e-13
35.749999999999034,-67.18648621505177,0.03998318693575168,0.5742846337352085,0.3176027347648477,-5.258016244624741e-13
35.77499999999903,-67.16748074701285,0.04007645220391336,0.5745620788703083,0.3174562476683121,-3.623767952376511e-13
35.79999999999903,-67.14853138062112,0.04016967032472827,0.5748369219668119,0.31731164919637495,-3.979039320256561e-13
35.82499999999903,-67.12963852786541,0.04026283774754334,0.5751091749517288,0.3171689282518329,-2.0605739337042905e-13
35.84999999999903,-67.11080259245587,0.04035595094723523,0.575378849756753,0.31702807374960756,-4.334310688136611e-13
35.87499999999903,-67.09202396999888,0.04044900642378478,0.5756459583177181,0.31688907461718974,-2.7000623958883807e-13
35.899999999999025,-67.07330304816816,0.04054200070186199,0.5759105125740659,0.31675191979507344,-1.9895196601282805e-13
35.924999999999024,-67.05464020687221,0.040634930330421204,0.5761725244683289,0.3166165982371796,-7.105427357601002e-14
35.94999999999902,-67.0360358184182,0.04072779188230633,0.5764320059456273,0.3164830989112698,1.1368683772161603e-13
35.97499999999902,-67.01749024767231,0.04082058195386563,0.5766889689531781,0.31635141079935025,-2.1316282072803006e-14
35.99999999999902,-66.99900385221675,0.04091329716457592,0.5769434254398181,0.31622152289806604,-2.5579538487363607e-13
36.02499999999902,-66.98057698250328,0.04100593415667592,0.5771953873555389,0.31609342421908615,-1.6342482922482304e-13
36.04999999999902,-66.96220998200371,0.04109848959480847,0.5774448666510342,0.3159671037894792,-2.2026824808563106e-13
36.074999999999015,-66.94390318735697,0.04119096016567131,0.5776918752772592,0.31584255065208017,-2.3447910280083306e-13
36.099999999999014,-66.92565692851315,0.04128334257767634,0.5779364251850013,0.3157197538658484,-4.192202140984591e-13
36.12499999999901,-66.90747152887457,0.04137563356061703,0.5781785283244626,0.3155987025062168,-4.476419235288631e-13
36.14999999999901,-66.88934730543374,0.04146782986534376,0.5784181966448523,0.31547938566543277,-1.9895196601282805e-13
36.17499999999901,-66.8712845689085,0.04155992826344697,0.5786554420939911,0.3153617924528908,4.973799150320701e-14
36.19999999999901,-66.85328362387418,0.0416519255469478,0.5788902766179252,0.3152459119954568,-1.4210854715202004e-13
36.22499999999901,-66.83534476889312,0.041743818527996183,0.5791227121605504,0.3151317334377848,-1.7763568394002505e-13
36.249999999999005,-66.81746829664134,0.04183560403857609,0.5793527606632464,0.3150192459426255,7.105427357601002e-15
36.274999999999004,-66.79965449403252,0.04192727893021779,0.5795804340645201,0.31490843869112756,4.973799150320701e-14
36.299999999999,-66.78190364233946,0.04201884007371699,0.5798057442996591,0.3147993008831313,1.7053025658242404e-13
36.324999999999,-66.7642160173128,0.042110284358860675,0.5800287033003937,0.3146918217374549,1.2789769243681803e-13
36.349999999999,-66.74659188929742,0.04220160869415948,0.580249322994567,0.31458599049217395,3.055333763768431e-13
36.374999999999,-66.72903152334617,0.0422928100065865,0.5804676153058151,0.31448179640489327,3.126388037344441e-13
36.399999999999,-66.7115351793313,0.04238388524132233,0.5806835921532548,0.31437922875301266,5.329070518200751e-13
36.424999999998995,-66.69410311205355,0.04247483136150625,0.580897265451179,0.31427827683398535,6.465938895416912e-13
36.449999999998994,-66.67673557134873,0.042565645347993446,0.5811086471087609,0.31417892996557023,6.252776074688882e-13
36.47499999999899,-66.65943280219219,0.04265632419911808,0.5813177490297647,0.3140811774860774,9.166001291305292e-13
36.49999999999899,-66.64219504480097,0.04274686493046218,0.5815245831122654,0.3139850087546076,9.166001291305292e-13
36.52499999999899,-66.6250225347338,0.04283726457463017,0.581729161248374,0.31389041315128546,7.247535904753022e-13
36.54999999999899,-66.60791550298887,0.042927520181028925,0.5819314953239711,0.31379738007748653,1.0729195309977513e-12
36.57499999999899,-66.59087417609953,0.04301762881565336,0.5821315972184467,0.3137058989560587,1.1084466677857563e-12
36.599999999998985,-66.5738987762279,0.043107587560877327,0.5823294788044464,0.3136159592315376,1.0800249583553523e-12
36.624999999998984,-66.55698952125648,0.04319739351524981,0.5825251519476251,0.3135275503703564,1.4210854715202004e-12
36.64999999999898,-66.54014662487762,0.04328704379329629,0.5827186285064055,0.31344066186105013,1.3855583347321954e-12
36.67499999999898,-66.52337029668121,0.04337653552532523,0.582909920331744,0.31335528321445455,1.1439738045737613e-12
36.69999999999898,-66.50666074224027,0.04346586585723958,0.5830990392669017,0.31327140396389974,1.1866063687193673e-12
36.72499999999898,-66.49001816319473,0.04355503195035321,0.5832859971472208,0.3131890136653984,1.1368683772161603e-12
36.74999999999898,-66.47344275733332,0.04364403098121227,0.5834708057999084,0.31310810189782934,1.1439738045737613e-12
36.774999999998975,-66.45693471867358,0.04373286014142133,0.5836534770438229,0.3130286582631156,1.3784529073745944e-12
36.799999999998974,-66.44049423754014,0.043821516637474266,0.5838340226892679,0.3129506723863982,1.3429257705865894e-12
36.82499999999897,-66.42412150064115,0.043909997690589835,0.58401245453779,0.3128741339162047,1.2931877790833823e-12
36.84999999999897,-66.40781669114301,0.04399830053655188,0.5841887843819821,0.31279903252461355,1.2079226507921703e-12
36.87499999999897,-66.39157998874336,0.04408642242555414,0.5843630240052907,0.3127253579074134,1.3855583347321954e-12
36.89999999999897,-66.37541156974237,0.04417436062204951,0.5845351851818287,0.3126530997842586,1.4424017535930034e-12
36.92499999999897,-66.35931160711239,0.04426211240460385,0.5847052796761917,0.3125822478988198,1.3855583347321954e-12
36.949999999998965,-66.34328027056594,0.04434967506575414,0.5848733192432795,0.3125127920189307,1.4992451724538114e-12
36.974999999998964,-66.32731772662211,0.04443704591187112,0.5850393156281208,0.31244472193673056,1.0942358130705543e-12
36.99999999999896,-66.31142413867134,0.044524222263026145,0.5852032805657033,0.31237802746880267,1.0871303857129533e-12
37.02499999999896,-66.29559966703866,0.044611201452862445,0.5853652257808054,0.31231269845630877,8.029132914089132e-13
37.04999999999896,-66.27984446904539,0.044697980828470575,0.5855251629878345,0.3122487247651199,8.739675649849232e-13
37.07499999999896,-66.26415869906931,0.044784557750268135,0.5856831038906664,0.31218609628594324,8.668621376273222e-13
37.09999999999896,-66.24854250860336,0.04487092959188366,0.5858390601824895,0.31212480293444556,1.0729195309977513e-12
37.124999999998956,-66.23299604631285,0.04495709374004467,0.5859930435456523,0.31206483465137275,1.2860823517257813e-12
37.149999999998954,-66.2175194580912,0.04504304759446987,0.5861450656515135,0.3120061814026663,1.4921397450962104e-12
37.17499999999895,-66.20211288711431,0.04512878856776543,0.5862951381602957,0.311948833179576,1.8118839761882555e-12
37.19999999999895,-66.18677647389343,0.045214314085325336,0.586443272720942,0.3118927799987697,1.5774048733874224e-12
37.22499999999895,-66.17151035632676,0.04529962158523586,0.5865894809709753,0.3118380119024394,1.6555645743210334e-12
37.24999999999895,-66.15631466974958,0.04538470851818395,0.5867337745363604,0.3117845189584048,1.9255708139098715e-12
37.27499999999895,-66.14118954698304,0.04546957234736974,0.5868761650313692,0.31173229126021323,1.9753088054130785e-12
37.299999999998946,-66.12613511838173,0.04555421054842294,0.5870166640584472,0.31168131892723705,2.2595258997171186e-12
37.324999999998944,-66.11115151187973,0.04563862060932327,0.5871552832080839,0.3116315921047679,2.2382096176443156e-12
37.34999999999894,-66.0962388530356,0.045722800030324834,0.5872920340586841,0.3115831009641082,2.5224267119483557e-12
37.37499999999894,-66.08139726507594,0.04580674632388437,0.587426928176443,0.31153583570266014,2.6219026949547697e-12
37.39999999999894,-66.06662686893766,0.04589045701459348,0.5875599771152216,0.31148978654401166,2.3163693185779266e-12
37.42499999999894,-66.05192778330918,0.0459739296391147,0.5876911924164251,0.3114449437380202,2.5508484213787597e-12
37.44999999999894,-66.03730012467022,0.046057161746121546,0.5878205856088835,0.31140129756089363,2.7924329515371937e-12
37.474999999998936,-66.02274400733049,0.04614015089624232,0.5879481682087329,0.3113588383152692,2.8776980798284058e-12
37.499999999998934,-66.0082595434671,0.046222894662007866,0.5880739517192991,0.31131755633028974,3.055333763768431e-12
37.52499999999893,-65.99384684316091,0.04630539062780313,0.5881979476309833,0.3112774419616776,3.154809746774845e-12
37.54999999999893,-65.97950601443158,0.04638763638982257,0.5883201674211482,0.3112384855918069,3.0198066269804258e-12
37.57499999999893,-65.96523716327155,0.04646962955602939,0.5884406225540061,0.31120067762977294,3.0269120543380268e-12
37.59999999999893,-65.95104039367887,0.04655136774611858,0.5885593244805083,0.3111640085114602,3.161915174132446e-12
37.62499999999893,-65.93691580768888,0.046632848591483804,0.5886762846382357,0.3111284686996078,2.9487523534044158e-12
37.649999999998926,-65.92286350540482,0.04671406973518803,0.5887915144512904,0.3110940486838736,2.7853275241795927e-12
37.674999999998924,-65.90888358502735,0.04679502883193799,0.5889050253301883,0.31106073898089587,2.4229507289419416e-12
37.69999999999892,-65.89497614288292,0.04687572354806239,0.5890168286717526,0.31102853013435366,2.6787461138155777e-12
37.72499999999892,-65.88114127345115,0.04695615156149392,0.5891269358590088,0.31099741271502523,2.4513724383723456e-12
37.74999999999892,-65.8673790693911,0.04703631056175505,0.5892353582610793,0.3109673773208449,2.5792701308091637e-12
37.77499999999892,-65.85368962156659,0.047116198249947505,0.5893421072330799,0.31093841457695814,2.7640112421067897e-12
37.79999999999892,-65.84007301907033,0.04719581233874557,0.589447194116016,0.3109105151357756,2.9984903449076228e-12
37.824999999998916,-65.82652934924721,0.0472751505523931,0.5895506302366798,0.3108836696770251,3.11928260998684e-12
37.849999999998914,-65.81305869771646,0.04735421062670426,0.5896524269075477,0.31085786890780254,3.169020601490047e-12
37.87499999999891,-65.79966114839284,0.047432990309068036,0.5897525954266786,0.31083310356262167,2.7924329515371937e-12
37.89999999999891,-65.78633678350695,0.04751148735845644,0.5898511470776115,0.31080936440346213,2.7782220968219917e-12
37.92499999999891,-65.77308568362442,0.0475896995454364,0.5899480931292648,0.31078664221981656,2.4655832930875476e-12
37.94999999999891,-65.7599079276642,0.04766762465218539,0.5900434448358337,0.3107649278287366,2.5224267119483557e-12
37.97499999999891,-65.74680359291601,0.0477452604725108,0.5901372134366899,0.31074421207487773,2.5508484213787597e-12
37.999999999998906,-65.73377275505666,0.047822604811872914,0.5902294101562794,0.31072448583054296,2.3305801732931286e-12
38.024999999998904,-65.72081548816564,0.047899655487411624,0.5903200462040218,0.3107057399957257,2.3874235921539366e-12
38.0499999999989,-65.70793186473962,0.0479764103279768,0.590409132774208,0.31068796549815175,2.7711166694643907e-12
38.0749999999989,-65.69512195570618,0.048052867174162364,0.590496681045899,0.3106711532933202,2.5082158572331537e-12
38.0999999999989,-65.68238583043664,0.048129023878343974,0.5905827021828235,0.31065529436454375,2.6076918402395677e-12
38.1249999999989,-65.6697235567579,0.04820487830472039,0.5906672073332754,0.3106403797229882,2.6219026949547697e-12
38.1499999999989,-65.65713520096354,0.04828042832935845,0.5907502076300112,0.3106264004077112,2.4868995751603507e-12
38.174999999998896,-65.64462082782394,0.048355671840241726,0.5908317141901465,0.31061334748570046,2.4726887204451486e-12
38.199999999998894,-65.63218050059572,0.048430606737322766,0.5909117381150522,0.3106012120519111,2.4442670110147446e-12
38.22499999999889,-65.61981428103013,0.04850523093257894,0.59099029049025,0.31058998522930287,2.4797941478027496e-12
38.24999999999889,-65.60752222938078,0.0485795423500719,0.5910673823853073,0.3105796581688766,2.3234747459355276e-12
38.27499999999889,-65.59530440441046,0.04865353892601062,0.5911430248537313,0.3105702220497103,2.1245227799226996e-12
38.29999999999889,-65.5831608633972,0.048727218608818026,0.5912172289328622,0.3105616680789947,2.0889956431346945e-12
38.32499999999889,-65.57109166213951,0.04880057935920115,0.5912900056437659,0.31055398749206886,1.9895196601282805e-12
38.349999999998886,-65.55909685496083,0.04887361915022488,0.5913613659911253,0.3105471715524549,1.8829382497642655e-12
38.374999999998884,-65.5471764947132,0.04894633596738918,0.5914313209631314,0.3105412115518931,1.7408297026122455e-12
38.39999999999888,-65.53533063278017,0.04901872780870988,0.5914998815313723,0.3105360988103763,1.4068746168049984e-12
38.42499999999888,-65.52355931907897,0.04909079268480295,0.5915670586507222,0.31053182467618445,1.2292389328649733e-12
38.44999999999888,-65.51186260206187,0.04916252861897226,0.5916328632592284,0.31052838052591897,1.2221335055073723e-12
38.47499999999888,-65.50024052871684,0.04923393364730077,0.5916973062779977,0.310525757764537,1.3926637620897964e-12
38.49999999999888,-65.48869314456753,0.04930500581874525,0.5917603986110813,0.31052394782538567,1.4210854715202004e-12
38.524999999998876,-65.47722049367243,0.04937574319523436,0.5918221511453589,0.31052294217023646,1.4921397450962104e-12
38.549999999998875,-65.46582261862339,0.04944614385177015,0.59188257475042,0.3105227322893195,1.1795009413617663e-12
38.57499999999887,-65.45449956054338,0.04951620587653296,0.5919416802784461,0.310523309701358,8.455458555545192e-13
38.59999999999887,-65.44325135908367,0.04958592737098969,0.5919994785640892,0.310524665953603,5.044853423896711e-13
38.62499999999887,-65.43207805242018,0.04965530645000541,0.5920559804243506,0.31052679262186816,4.192202140984591e-13
38.64999999999887,-65.42097967724928,0.04972434124195829,0.5921111966584568,0.3105296813105647,-2.1316282072803006e-14
38.67499999999887,-65.40995626878285,0.049793029888857795,0.5921651380477347,0.31053332365273684,1.5631940186722204e-13
38.699999999998866,-65.39900786074274,0.049861370546466194,0.592217815355485,0.3105377113100974,1.7763568394002505e-13
38.724999999998865,-65.38813448535456,0.0499293613844233,0.5922692393268537,0.3105428359730638,3.765876499528531e-13
38.74999999999886,-65.37733617334082,0.0499970005863744,0.592319420688702,0.31054868936079444,2.6290081223123707e-13
38.77499999999886,-65.36661295391352,0.05006428635010137,0.5923683701494747,0.31055526322122534,4.760636329592671e-13
38.79999999999886,-65.35596485476599,0.05013121688765698,0.5924160983990664,0.31056254933110766,4.050093593832571e-13
38.82499999999886,-65.3453919020643,0.05019779042550231,0.592462616108686,0.3105705394960452,4.973799150320701e-13
38.84999999999886,-65.33489412043794,0.050264005204647196,0.5925079339307197,0.31057922555053274,3.765876499528531e-13
38.874999999998856,-65.32447153296994,0.050329859480793826,0.5925520624985915,0.310588599357995,6.181721801112872e-13
38.899999999998855,-65.31412416118647,0.05039535152448329,0.5925950124266225,0.31059865281082577,7.815970093361102e-13
38.92499999999885,-65.30385202504586,0.050460479621245155,0.5926367943098871,0.3106093778304282,7.034373084024992e-13
38.94999999999885,-65.29365514292698,0.050525242071749965,0.5926774187240686,0.31062076636725544,7.034373084024992e-13
38.97499999999885,-65.28353353161721,0.05058963719196463,0.5927168962253115,0.31063281040085194,5.471179065352771e-13
38.99999999999885,-65.27348720629976,0.050653663313310754,0.5927552373500725,0.31064550193989565,4.050093593832571e-13
39.02499999999885,-65.26351618054055,0.05071731878282571,0.5927924526149692,0.31065883302224073,6.394884621840902e-13
39.049999999998846,-65.2536204662745,0.05078060196332656,0.5928285525166261,0.31067279571496137,8.171241461241152e-13
39.074999999998845,-65.24380007379139,0.05084351123357667,0.59286354753152,0.310687382114396,6.963318810448982e-13
39.09999999999884,-65.23405501172117,0.050906044988455065,0.5928974481158211,0.3107025843461927,4.902744876744691e-13
39.12499999999884,-65.22438528701882,0.0509682016391284,0.5929302647052332,0.3107183945653551,2.7000623958883807e-13
39.14999999999884,-65.2147909049487,0.05102997961322553,0.5929620077148318,0.31073480495628963,1.0658141036401503e-13
39.17499999999884,-65.20527186906848,0.05109137735501468,0.5929926875388989,0.31075180773285305,1.7053025658242404e-13
39.19999999999884,-65.1958281812126,0.05115239332558306,0.5930223145507566,0.31076939513840157,1.7053025658242404e-13
39.224999999998836,-65.18645984147531,0.05121302600301897,0.5930508991025977,0.31078755944584036,1.7053025658242404e-13
39.249999999998835,-65.17716684819318,0.051273273882596254,0.5930784515253139,0.31080629295767437,2.5579538487363607e-13
39.27499999999883,-65.16794919792737,0.05133313547696115,0.5931049821283223,0.3108255880060601,1.8474111129762605e-13
39.29999999999883,-65.15880688544532,0.051392609316321385,0.5931305011993887,0.3108454369528581,1.1368683772161603e-13
39.32499999999883,-65.14973990370211,0.051451693948637495,0.5931550190044493,0.310865832189687,2.842170943040401e-14
39.34999999999883,-65.14074824382152,0.051510387939816354,0.5931785457874293,0.3108867661379781,9.947598300641403e-14
39.37499999999883,-65.1318318950765,0.05156868987390677,0.5932010917700595,0.3109082312490313,3.055333763768431e-13
39.399999999998826,-65.1229908448695,0.05162659835329713,0.5932226671516903,0.31093022000407194,0.0
39.424999999998825,-65.11422507871234,0.05168411199891504,0.5932432821091028,0.3109527249143091,2.984279490192421e-13
39.44999999999882,-65.1055345802057,0.051741229450428854,0.5932629467963189,0.31097573852099436,1.5631940186722204e-13
39.47499999999882,-65.0969193310184,0.051797949366451095,0.5932816713444068,0.31099925339548257,1.9895196601282805e-13
39.49999999999882,-65.08837931086623,0.051854270424743616,0.5932994658612859,0.31102326213929277,1.8474111129762605e-13
39.52499999999882,-65.07991449749059,0.051910191322424484,0.5933163404315279,0.3110477573841711,1.3500311979441904e-13
39.54999999999882,-65.07152486663675,0.05196571077617651,0.5933323051161563,0.31107273179215456,8.526512829121202e-14
39.574999999998816,-65.06321039203188,0.05202082752245735,0.5933473699524427,0.3110981780556356,2.984279490192421e-13
39.599999999998815,-65.05497104536275,0.052075540317711055,0.5933615449537012,0.3111240888974286,1.2079226507921703e-13
39.62499999999881,-65.04680679625325,0.05212984793858112,0.5933748401090794,0.3111504570708369,-7.105427357601002e-14
39.64999999999881,-65.03871761224163,0.05218374918212483,0.593387265383348,0.3111772753597214,-1.1368683772161603e-13
39.67499999999881,-65.03070345875744,0.05223724286602881,0.593398830716687,0.31120453657857033,5.684341886080802e-14
39.69999999999881,-65.02276429909841,0.05229032782882586,0.5934095460244699,0.31123223357257007,-8.526512829121202e-14
39.72499999999881,-65.0149000944069,0.052343002930112834,0.5934194211970452,0.3112603592176773,-2.8421709430404007e-13
39.749999999998806,-65.00711080364637,0.05239526705076957,0.5934284660995149,0.3112889064206925,-1.8474111129762605e-13
39.774999999998805,-64.99939638357752,0.052447119093178694,0.5934366905715117,0.3113178681193343,-3.765876499528531e-13
39.7999999999988,-64.99175678873432,0.05249855798144633,0.5934441044269723,0.3113472372823156,-5.684341886080802e-14
39.8249999999988,-64.9841919713999,0.052549582661623545,0.5934507174539091,0.3113770069094204,-2.2026824808563106e-13
39.8499999999988,-64.9767018815822,0.05260019210192849,0.5934565394141792,0.31140717003158214,-1.1368683772161603e-13
39.8749999999988,-64.96928646698966,0.05265038529296909,0.593461580043251,0.31143771971096335,-2.6290081223123707e-13
39.8999999999988,-64.96194567300657,0.05270016124796624,0.5934658490499679,0.3114686490410362,-5.826450433232822e-13
39.924999999998796,-64.9546794426685,0.05274951900297744,0.5934693561163101,0.31149995114666473,-5.400124791776761e-13
39.949999999998795,-64.9474877166376,0.05279845761712066,0.5934721108971538,0.31153161918418776,-3.623767952376511e-13
39.97499999999879,-64.94037043317769,0.05284697617279848,0.5934741230200277,0.3115636463415036,-6.323830348264892e-13
39.99999999999879,-64.93332752812951,0.05289507377592231,0.5934754020848674,0.31159602583815543,-2.6290081223123707e-13
40.02499999999879,-64.92635893488571,0.05294274955613665,0.5934759576637674,0.3116287509254184,-1.3500311979441904e-13
40.04999999999879,-64.91946458436593,0.052990002667043214,0.5934757993007306,0.3116618148863876,-1.6342482922482304e-13
40.07499999999879,-64.91264440499178,0.05303683228642497,0.5934749365114154,0.31169521103606723,-2.4158453015843406e-13
40.099999999998786,-64.90589832266193,0.05308323761646982,0.5934733787828808,0.311728932721461,-9.237055564881302e-14
40.124999999998785,-64.89922626072703,0.05312921788399387,0.5934711355733289,0.31176297332166397,-2.6290081223123707e-13
40.14999999999878,-64.89262813996481,0.05317477234066432,0.5934682163118451,0.31179732624795503,-2.4158453015843406e-13
40.17499999999878,-64.88610387855513,0.05321990026322164,0.5934646303981366,0.3118319849438911,-1.1368683772161603e-13
40.19999999999878,-64.87965339205506,0.0532646009537011,0.5934603872022676,0.3118669428854019,-1.3500311979441904e-13
40.22499999999878,-64.87327659337411,0.053308873739653526,0.5934554960643936,0.31190219358088644,-3.268496584496461e-13
40.24999999999878,-64.86697339274944,0.05335271797436506,0.5934499662944928,0.31193773057131,-2.7711166694643907e-13
40.274999999998776,-64.86074369772123,0.053396133037075987,0.5934438071720951,0.3119735474303028,-3.268496584496461e-13
40.299999999998775,-64.85458741310812,0.05343911833319833,0.59343702794601,0.3120096377642593,-3.481659405224491e-13
40.324999999998774,-64.84850444098278,0.053481673294532295,0.5934296378340518,0.3120459952124386,-2.7000623958883807e-13
40.34999999999877,-64.84249468064759,0.05352379737948129,0.5934216460227624,0.31208261344706634,-5.542233338928781e-13
40.37499999999877,-64.83655802861054,0.05356549007326555,0.593413061667133,0.312119486173437,-4.334310688136611e-13
40.39999999999877,-64.8306943785612,0.05360675088813407,0.5934038938903238,0.3121566071300176,-5.826450433232822e-13
40.42499999999877,-64.82490362134695,0.05364757936357496,0.5933941517833805,0.3121939700885521,-8.384404281969182e-13
40.44999999999877,-64.81918564494934,0.053687975066523945,0.5933838444049511,0.31223156885416714,-6.892264536872972e-13
40.474999999998765,-64.81354033446073,0.05372793759157089,0.5933729807809989,0.31226939726547825,-6.465938895416912e-13
40.499999999998764,-64.80796757206103,0.05376746656116438,0.593361569904515,0.31230744919469733,-9.521272659185342e-13
40.52499999999876,-64.80246723699486,0.053806561625814056,0.5933496207352287,0.31234571854774074,-8.526512829121202e-13
40.54999999999876,-64.79703920554876,0.053845222464290764,0.5933371421993159,0.31238419926433847,-6.110667527536862e-13
40.57499999999876,-64.79168335102887,0.05388344878382424,0.5933241431891068,0.31242288531814405,-5.258016244624741e-13
40.59999999999876,-64.7863995437387,0.053921240320298325,0.5933106325627907,0.31246177071684506,-4.050093593832571e-13
40.62499999999876,-64.78118765095734,0.05395859683844356,0.593296619144121,0.3125008495022748,-6.323830348264892e-13
40.649999999998755,-64.77604753691793,0.05399551813202703,0.5932821117221172,0.31254011575052426,-6.252776074688882e-13
40.674999999998754,-64.77097906278644,0.05403200402403931,0.5932671190507663,0.31257956357205524,-6.110667527536862e-13
40.69999999999875,-64.7659820866408,0.05406805436687852,0.5932516498487228,0.31261918711181363,-4.547473508864641e-13
40.72499999999875,-64.76105646345046,0.05410366904253122,0.5932357127990071,0.3126589805493439,-4.831690603168681e-13
40.74999999999875,-64.75620204505618,0.054138847962750085,0.5932193165487035,0.3126989380989036,-2.5579538487363607e-13
40.77499999999875,-64.75141868015035,0.054173591069228255,0.593202469708656,0.312739054009579,-2.913225216616411e-13
40.79999999999875,-64.74670621425759,0.05420789833377028,0.5931851808531634,0.31277932256540086,-4.121147867408581e-13
40.824999999998745,-64.74206448971587,0.054241769758459436,0.5931674585196742,0.31281973808546065,-2.4158453015843406e-13
40.849999999998744,-64.73749334565801,0.054275205375821374,0.5931493112084792,0.3128602949240277,-3.268496584496461e-13
40.87499999999874,-64.73299261799357,0.054308205248983964,0.593130747382404,0.3129009874706664,-1.4210854715202004e-14
40.89999999999874,-64.72856213939137,0.05434076947183323,0.5931117754665006,0.3129418101503536,2.0605739337042905e-13
40.92499999999874,-64.72420173926226,0.05437289816916521,0.5930924038477383,0.3129827574235968,2.6290081223123707e-13
40.94999999999874,-64.71991124374253,0.05440459149683373,0.5930726408746936,0.31302382378655247,1.9895196601282805e-13
40.97499999999874,-64.71569047567783,0.0544358496418938,0.5930524948572398,0.31306500377114443,-1.4210854715202004e-14
40.999999999998735,-64.71153925460749,0.05446667282274076,0.593031974066236,0.3131062919451827,-1.0658141036401503e-13
41.024999999998734,-64.70745739674946,0.05449706128924478,0.5930110867332156,0.3131476829124823,-8.526512829121202e-14
41.04999999999873,-64.70344471498579,0.05452701532288088,0.5929898410500745,0.3131891713129824,-2.5579538487363607e-13
41.07499999999873,-64.69950101884865,0.054556535236854144,0.5929682451687589,0.3132307518228654,-4.263256414560601e-13
41.09999999999873,-64.69562611450691,0.05458562137622012,0.5929463072009529,0.3132724191546761,-3.907985046680551e-13
41.12499999999873,-64.69181980475331,0.05461427411800025,0.5929240352177657,0.3133141680574406,-4.902744876744691e-13
41.14999999999873,-64.68808188899227,0.054642493871292316,0.5929014372494198,0.3133559933167859,-4.334310688136611e-13
41.174999999998725,-64.68441216322825,0.05467028107737562,0.5928785212849375,0.31339788975505817,-3.765876499528531e-13
41.199999999998724,-64.68081042005474,0.05469763620981097,0.5928552952718289,0.3134398522314421,-3.552713678800501e-13
41.22499999999872,-64.677276448644,0.05472455977453525,0.5928317671157797,0.31348187564207924,-7.034373084024992e-13
41.24999999999872,-64.67381003473723,0.054751052309950504,0.5928079446803387,0.3135239549201864,-7.176481631177012e-13
41.27499999999872,-64.67041096063566,0.05477711438700748,0.5927838357866068,0.31356608503617367,-7.389644451905042e-13
41.29999999999872,-64.66707900519211,0.05480274660928344,0.5927594482129248,0.313608260997762,-6.608047442568932e-13
41.32499999999872,-64.6638139438033,0.05482794961305419,0.5927347896945638,0.31365047785010064,-4.760636329592671e-13
41.349999999998715,-64.66061554840296,0.05485272406736025,0.5927098679234143,0.31369273067588377,-5.613287612504791e-13
41.374999999998714,-64.65748358745546,0.05487707067406702,0.592684690547677,0.31373501459546677,-7.815970093361102e-13
41.39999999999871,-64.65441782595033,0.054900990167918884,0.5926592651715543,0.3137773247669821,-7.318590178329032e-13
41.42499999999871,-64.65141802539742,0.05492448331658717,0.5926335993549425,0.3138196563864542,-6.608047442568932e-13
41.44999999999871,-64.64848394382284,0.05494755092071179,0.592607700613125,0.31386200468791386,-8.952838470577262e-13
41.47499999999871,-64.64561533576564,0.0549701938139366,0.5925815764164666,0.3139043649435121,-9.876544027065393e-13
41.49999999999871,-64.64281195227525,0.054992412862938274,0.592555234190109,0.3139467324636328,-1.0160761121369433e-12
41.524999999998705,-64.64007354090974,0.05501420896744873,0.5925286813136678,0.31398910259700497,-9.521272659185342e-13
41.549999999998704,-64.63739984573475,0.05503558306027088,0.5925019251209297,0.3140314707308136,-1.1581846592889633e-12
41.5749999999987,-64.63479060732338,0.055056536107287765,0.5924749728995532,0.3140738322908101,-1.5205614545266144e-12
41.5999999999987,-64.63224556275675,0.055077069107464925,0.5924478318907684,0.3141161827414213,-1.2860823517257813e-12
41.6249999999987,-64.62976444562541,0.05509718309284589,0.5924205092890807,0.31415851758585756,-1.1368683772161603e-12
41.6499999999987,-64.6273469860316,0.05511687912854086,0.5923930122419745,0.3142008323662198,-1.0942358130705543e-12
41.6749999999987,-64.62499291059231,0.055136158312708336,0.5923653478496194,0.31424312266360527,-1.0942358130705543e-12
41.699999999998695,-64.62270194244319,0.05515502177652978,0.5923375231645787,0.3142853840982119,-1.0018652574217413e-12
41.724999999998694,-64.62047380124326,0.05517347068417715,0.5923095451915191,0.31432761232944173,-1.1297629498585593e-12
41.74999999999869,-64.61830820318059,0.05519150623277322,0.5922814208869235,0.31436980305600276,-1.3287149158713873e-12
41.77499999999869,-64.61620486097868,0.05520912965234482,0.5922531571588044,0.3144119520160093,-1.4779288903810084e-12
41.79999999999869,-64.61416348390385,0.05522634220576868,0.5922247608664217,0.314454054987081,-1.4637180356658064e-12
41.82499999999869,-64.61218377777338,0.055243145188709986,0.5921962388200012,0.31449610778644027,-1.2079226507921703e-12
41.84999999999869,-64.61026544496463,0.05525953992955361,0.5921675977804561,0.3145381062710082,-1.2221335055073723e-12
41.874999999998685,-64.60840818442496,0.055275527789327886,0.5921388444591118,0.3145800463374987,-1.3287149158713873e-12
41.899999999998684,-64.60661169168264,0.0552911101616209,0.5921099855174321,0.3146219239225109,-1.3145040611561853e-12
41.92499999999868,-64.60487565885855,0.055306288472489355,0.5920810275667493,0.31466373500262007,-1.1368683772161603e-12
41.94999999999868,-64.60319977467879,0.05532106418035983,0.5920519771679966,0.3147054755944663,-1.2718714970105793e-12
41.97499999999868,-64.60158372448828,0.05533543877592252,0.5920228408314437,0.31474714175484164,-1.2860823517257813e-12
41.99999999999868,-64.6000271902652,0.05534941378201738,0.5919936250164352,0.31478872958077514,-1.2718714970105793e-12
42.02499999999868,-64.59852985063628,0.055362990753512614,0.5919643361311324,0.31483023520961584,-1.0729195309977513e-12
42.049999999998676,-64.59709138089315,0.05537617127717557,0.5919349805322587,0.31487165481911383,-1.0444978215673473e-12
42.074999999998674,-64.59571145300946,0.05538895697153594,0.5919055645248473,0.31491298462749917,-1.1226575225009583e-12
42.09999999999867,-64.59438973565902,0.055401349486741316,0.591876094361994,0.31495422089355857,-9.094947017729282e-13
42.12499999999867,-64.59312589423477,0.05541335050440503,0.5918465762446113,0.31499535991670985,-7.958078640513122e-13
42.14999999999867,-64.59191959086874,0.055424961737446335,0.5918170163211889,0.3150363980370742,-5.897504706808832e-13
42.17499999999867,-64.59077048445288,0.055436184929922847,0.5917874206875553,0.31507733163554585,-5.044853423896711e-13
42.19999999999867,-64.58967823066084,0.05544702185685536,0.591757795386645,0.3151181571338599,-5.542233338928781e-13
42.224999999998666,-64.58864248197065,0.055457474324044895,0.5917281464082688,0.3151588709946569,-5.115907697472721e-13
42.249999999998664,-64.58766288768835,0.055467544167882125,0.5916984796888884,0.3151994697215456,-5.826450433232822e-13
42.27499999999866,-64.58673909397248,0.055477233255149076,0.5916688011113953,0.3152399498591628,-4.050093593832571e-13
42.29999999999866,-64.58587074385952,0.05548654348281322,0.5916391165048932,0.31528030799323065,-4.760636329592671e-13
42.32499999999866,-64.58505747729023,0.05549547677781391,0.5916094316444853,0.3153205407506113,-2.4158453015843406e-13
42.34999999999866,-64.58429893113697,0.055504035096841195,0.591579752251066,0.3153606447993588,8.526512829121202e-14
42.37499999999866,-64.58359473923181,0.05551222042610706,0.5915500839911164,0.3154006168487684,9.947598300641403e-14
42.399999999998656,-64.58294453239562,0.05552003478110909,0.5915204324765054,0.3154404536494225,-2.5579538487363607e-13
42.424999999998654,-64.58234793846803,0.05552748020638665,0.5914908032642944,0.3154801519932345,-5.329070518200751e-13
42.44999999999865,-64.58180458233836,0.05553455877526954,0.591461201856547,0.31551970871348894,-2.0605739337042905e-13
42.47499999999865,-64.58131408597733,0.05554127258961925,0.5914316337001444,0.3155591206848793,-2.4158453015843406e-13
42.49999999999865,-64.58087606846968,0.05554762377956278,0.5914021041866039,0.3155983848235423,-2.984279490192421e-13
42.52499999999865,-64.58049014604778,0.05555361450321915,0.5913726186519042,0.3156374980870895,-3.339550858072471e-13
42.54999999999865,-64.58015593212598,0.05555924694641861,0.5913431823763143,0.31567645747463546,-5.186961971048731e-13
42.574999999998646,-64.5798730373359,0.05556452332241463,0.5913138005842289,0.31571526002682293,-7.815970093361102e-14
42.599999999998644,-64.57964106956258,0.0555694458715887,0.5912844784440074,0.3157539028258447,5.684341886080802e-14
42.62499999999864,-64.57945963398146,0.05557401686114804,0.5912552210678197,0.3157923829954623,-1.7053025658242404e-13
42.64999999999864,-64.57932833309616,0.05557823858481627,0.5912260335114958,0.3158306977010215,-3.055333763768431e-13
42.67499999999864,-64.57924676677725,0.05558211336251712,0.5911969207743828,0.3158688441494641,-4.760636329592671e-13
42.69999999999864,-64.57921453230166,0.055585643540051306,0.591167887799205,0.31590681958933653,-7.602807272633072e-13
42.72499999999864,-64.5792312243931,0.055588831488766505,0.591138939471932,0.31594462131079537,-4.476419235288631e-13
42.749999999998636,-64.57929643526307,0.055591679605220684,0.59111008062165,0.31598224664560876,-5.613287612504791e-13
42.774999999998634,-64.57940975465291,0.055594190310838815,0.5910813160204412,0.3160196929671547,-3.197442310920451e-13
42.79999999999863,-64.57957076987644,0.05559636605156298,0.5910526503832668,0.3160569576904159,-5.471179065352771e-13
42.82499999999863,-64.57977906586348,0.05559820929749609,0.5910240883678574,0.3160940382719707,-4.831690603168681e-13
42.84999999999863,-64.5800342252041,0.055599722542539275,0.5909956345746081,0.3161309322099805,-2.2026824808563106e-13
42.87499999999863,-64.58033582819372,0.055600908304022985,0.5909672935464809,0.31616763704417394,-1.9895196601282805e-13
42.89999999999863,-64.58068345287879,0.05560176912233196,0.5909390697689113,0.31620415035582666,-3.126388037344441e-13
42.924999999998626,-64.58107667510329,0.05560230756052422,0.5909109676697225,0.316240469767738,-2.0605739337042905e-13
42.949999999998624,-64.581515068556,0.0556025262039441,0.5908829916190451,0.3162765929442037,-9.237055564881302e-14
42.97499999999862,-64.58199820481838,0.05560242765982949,0.5908551459292429,0.31631251759098467,2.842170943040401e-14
42.99999999999862,-64.58252565341316,0.05560201455691346,0.5908274348548449,0.31634824145527235,1.4921397450962104e-13
43.02499999999862,-64.58309698185369,0.0556012895450202,0.5907998625924837,0.31638376232564985,2.913225216616411e-13
43.04999999999862,-64.58371175569381,0.05560025529465567,0.5907724332808402,0.3164190780320495,4.973799150320701e-13
43.07499999999862,-64.58436953857853,0.05559891449659285,0.5907451510005943,0.31645418644570633,6.536993168992922e-13
43.099999999998616,-64.58506989229517,0.05559726986145186,0.5907180197743825,0.31648908547910787,6.536993168992922e-13
43.124999999998614,-64.58581237682526,0.055595324119275015,0.5906910435667617,0.31652377308593993,5.400124791776761e-13
43.14999999999861,-64.58659655039698,0.05559308001909704,0.590664226284179,0.31655824726102827,4.831690603168681e-13
43.17499999999861,-64.58742196953817,0.05559054032851042,0.5906375717749489,0.3165925060402766,2.5579538487363607e-13
43.19999999999861,-64.58828818912997,0.055587707833226245,0.5906110838292361,0.3166265475006005,4.689582056016661e-13
43.22499999999861,-64.5891947624609,0.055584585336630465,0.5905847661790458,0.3166603697598572,1.9895196601282805e-13
43.24999999999861,-64.59014124128164,0.05558117565933591,0.5905586224982193,0.3166939709767716,-1.1368683772161603e-13
43.274999999998606,-64.59112717586014,0.05557748163873007,0.5905326564024378,0.3167273493508581,-1.9895196601282805e-13
43.299999999998604,-64.59215211503735,0.055573506128518864,0.5905068714492313,0.31676050312233844,-1.5631940186722204e-13
43.3249999999986,-64.59321560628347,0.05556925199826656,0.5904812711379955,0.31679343057205556,1.4210854715202004e-13
43.3499999999986,-64.59431719575447,0.05556472213293191,0.5904558589100142,0.31682613002138327,5.115907697472721e-13
43.3749999999986,-64.59545642834932,0.0555599194324008,0.5904306381484891,0.3168585998321321,6.821210263296962e-13
43.3999999999986,-64.5966328477674,0.05555484681101541,0.5904056121785762,0.31689083840645094,6.963318810448982e-13
43.4249999999986,-64.59784599656646,0.05554950719710023,0.590380784267429,0.31692284418672445,3.694822225952521e-13
43.449999999998596,-64.59909541622098,0.0555439035324849,0.5903561576242478,0.31695461565546684,3.268496584496461e-13
43.474999999998595,-64.60038064718076,0.0555380387720242,0.5903317354003365,0.31698615133521113,2.7000623958883807e-13
43.49999999999859,-64.60170122893004,0.05553191588311524,0.590307520689166,0.31701744978839463,1.7053025658242404e-13
43.52499999999859,-64.60305670004684,0.055525537845212136,0.5902835165264443,0.31704850961724035,2.4158453015843406e-13
43.54999999999859,-64.60444659826258,0.05551890764933817,0.5902597258901925,0.317079329463634,1.4210854715202004e-13
43.57499999999859,-64.60587046052214,0.05551202829759581,0.5902361517008291,0.3171099080089975,1.2789769243681803e-13
43.59999999999859,-64.60732782304397,0.05550490280267453,0.5902127968212599,0.317140243974158,1.9895196601282805e-13
43.624999999998586,-64.60881822138072,0.055497534187356916,0.5901896640569751,0.3171703361192129,2.4158453015843406e-13
43.649999999998585,-64.6103411904798,0.05548992548402278,0.590166756156153,0.31720018324339116,1.1368683772161603e-13
43.67499999999858,-64.61189626474443,0.05548207973415197,0.59014407580977,0.31722978418491016,-2.1316282072803006e-13
43.69999999999858,-64.61348297809468,0.0554739999878256,0.5901216256517186,0.3172591378208289,-9.947598300641403e-14
43.72499999999858,-64.61510086402878,0.055465689303226186,0.5900994082589301,0.31728824306689685,-2.4158453015843406e-13
43.74999999999858,-64.61674945568451,0.055457150746136656,0.5900774261515065,0.3173170988773994,-1.5631940186722204e-13
43.77499999999858,-64.6184282859008,0.05544838738943857,0.5900556817928562,0.3173457042449986,-4.831690603168681e-13
43.799999999998576,-64.62013688727936,0.05543940231260961,0.5900341775898387,0.31737405820057046,-2.984279490192421e-13
43.824999999998575,-64.62187479224642,0.05543019860122054,0.5900129158929147,0.3174021598130383,-2.842170943040401e-14
43.84999999999857,-64.62364153311455,0.05542077934643184,0.5899918989963032,0.31743000818920203,1.2789769243681803e-13
43.87499999999857,-64.6254366421445,0.05541114764449018,0.5899711291381446,0.3174576024735634,-7.105427357601002e-14
43.89999999999857,-64.6272596516071,0.05540130659622489,0.5899506085006714,0.31748494184814796,1.1368683772161603e-13
43.92499999999857,-64.6291100938451,0.055391259306544635,0.5899303392103841,0.3175120255323226,2.2737367544323206e-13
43.94999999999857,-64.63098750133503,0.05538100888393434,0.5899103233382347,0.3175388527826096,5.968558980384842e-13
43.974999999998566,-64.63289140674904,0.05537055843995277,0.5898905628998156,0.3175654228924968,1.8474111129762605e-13
43.999999999998565,-64.63482134301664,0.05535991108873073,0.5898710598555559,0.31759173519224393,2.842170943040401e-14
44.02499999999856,-64.63677684338636,0.05534906994647013,0.589851816110923,0.3176177890486856,-1.2789769243681803e-13
44.04999999999856,-64.63875744148733,0.05533803813094414,0.5898328335166314,0.31764358386503005,-1.2789769243681803e-13
44.07499999999856,-64.64076267139075,0.05532681876099846,0.5898141138688571,0.3176691190806548,-2.2737367544323206e-13
44.09999999999856,-64.64279206767117,0.05531541495605404,0.5897956589094586,0.31769439417089823,-2.842170943040401e-14
44.12499999999856,-64.64484516546764,0.05530382983561128,0.5897774703262038,0.3177194086468478,4.263256414560601e-14
44.149999999998556,-64.64692150054468,0.05529206651875598,0.5897595497530029,0.3177441620551248,1.7053025658242404e-13
44.174999999998555,-64.64902060935303,0.055280128123667116,0.5897418987701483,0.3177686539776654,0.0
44.19999999999855,-64.65114202909018,0.055268017767126636,0.5897245189045585,0.3177928840314985,1.1368683772161603e-13
44.22499999999855,-64.65328529776068,0.0552557385640315,0.58970741163003,0.31781685186851977,-5.684341886080802e-14
44.24999999999855,-64.65544995423613,0.055243293626908,0.5896905783674944,0.31784055717526266,-2.5579538487363607e-13
44.27499999999855,-64.657635538315,0.0552306860654286,0.5896740204852802,0.3178639996726659,2.842170943040401e-14
44.29999999999855,-64.65984159078204,0.05521791898593147,0.5896577392993821,0.3178871791158378,3.694822225952521e-13
44.324999999998546,-64.66206765346735,0.055204995490942765,0.5896417360737349,0.31791009529381725,8.526512829121202e-14
44.349999999998545,-64.6643132693053,0.055191918678701914,0.5896260120204933,0.31793274802933147,-8.526512829121202e-14
44.37499999999854,-64.66657798239285,0.05517869164268997,0.5896105683003167,0.3179551371785507,-2.5579538487363607e-13
44.39999999999854,-64.66886133804769,0.05516531747116127,0.5895954060226609,0.3179772626308397,-2.1316282072803006e-13
44.42499999999854,-64.67116288286587,0.055151799246678436,0.5895805262460738,0.31799912430850635,-5.400124791776761e-13
44.44999999999854,-64.67348216477906,0.05513814004565095,0.5895659299784969,0.3180207221665471,-4.973799150320701e-13
44.47499999999854,-64.67581873311138,0.05512434293787741,0.5895516181775722,0.31804205619238934,-5.542233338928781e-13
44.499999999998536,-64.67817213863583,0.055110410986091554,0.5895375917509541,0.3180631264056313,-7.673861546209082e-13
44.524999999998535,-64.68054193363015,0.05509634724551229,0.5895238515566266,0.31808393285777864,-4.547473508864641e-13
44.54999999999853,-64.68292767193232,0.05508215476339775,0.5895103984032254,0.3181044756319786,-5.968558980384842e-13
44.57499999999853,-64.68532890899546,0.0550678365786036,0.5894972330503648,0.3181247548427511,-6.110667527536862e-13
44.59999999999853,-64.68774520194233,0.05505339572114564,0.5894843562089699,0.31814477063571744,-5.968558980384842e-13
44.62499999999853,-64.6901761096192,0.05503883521176689,0.5894717685416129,0.3181645231873263,-6.252776074688882e-13
44.64999999999853,-64.69262119264924,0.05502415806150926,0.589459470662855,0.31818401270457697,-8.810729923425242e-13
44.674999999998526,-64.69508001348534,0.05500936727128984,0.5894474631395921,0.3182032394247404,-6.821210263296962e-13
44.699999999998525,-64.69755213646232,0.054994465831482084,0.5894357464914053,0.31822220361507747,-4.973799150320701e-13
44.72499999999852,-64.70003712784866,0.05497945672150188,0.5894243211909163,0.3182409055725552,-6.821210263296962e-13
44.74999999999852,-64.70253455589747,0.05496434290939862,0.5894131876641463,0.3182593456235603,-7.673861546209082e-13
44.77499999999852,-64.70504399089702,0.054949127351451396,0.58940234629088,0.3182775241236108,-9.094947017729282e-13
44.79999999999852,-64.70756500522049,0.054933812991770484,0.5893917974050328,0.31829544145706523,-7.105427357601002e-13
44.82499999999852,-64.71009717337516,0.054918402761904114,0.5893815412950234,0.3183130980368295,-6.110667527536862e-13
44.849999999998516,-64.71264007205097,0.05490289958045064,0.5893715782041493,0.31833049430406224,-6.110667527536862e-13
44.874999999998515,-64.71519328016835,0.05488730635267627,0.5893619083309665,0.3183476307278776,-6.110667527536862e-13
44.89999999999851,-64.7177563789254,0.054871625970138393,0.589352531829673,0.3183645078050463,-7.958078640513122e-13
44.92499999999851,-64.7203289518444,0.05485586131031457,0.5893434488104965,0.3183811260596949,-8.242295734817162e-13
44.94999999999851,-64.72291058481757,0.054840015236237306,0.589334659340085,0.3183974860430028,-9.237055564881302e-13
44.97499999999851,-64.7255008661522,0.054824090596134675,0.5893261634419013,0.3184135883328981,-1.2505552149377763e-12
44.99999999999851,-64.72809938661499,0.05480809022307688,0.5893179610966204,0.31842943353375147,-1.3358203432289883e-12
45.024999999998506,-64.73070573947564,0.05479201693462878,0.5893100522425314,0.318445022276068,-1.3642420526593924e-12
45.049999999998505,-64.73331952054984,0.05477587353250853,0.5893024367759416,0.31846035521617827,-1.7479351299698465e-12
45.074999999998504,-64.73594032824131,0.05475966280225225,0.5892951145515838,0.3184754330359272,-1.6910917111090384e-12
45.0999999999985,-64.73856776358323,0.054743387512885024,0.589288085383027,0.3184902564423618,-1.9895196601282805e-12
45.1249999999985,-64.74120143027888,0.05472705041659803,0.5892813490430902,0.3185048261674176,-2.3163693185779266e-12
45.1499999999985,-64.7438409347414,0.05471065424843204,0.5892749052642581,0.31851914296760364,-2.5153212845907547e-12
45.1749999999985,-64.74648588613296,0.05469420172596724,0.5892687537391009,0.31853320762368614,-2.6290081223123707e-12
45.1999999999985,-64.74913589640293,0.054677695549019446,0.5892628941206957,0.3185470209403713,-2.7569058147491887e-12
45.224999999998495,-64.7517905803254,0.054661138399342814,0.5892573260230505,0.3185605837459866,-2.9416469260468148e-12
45.249999999998494,-64.75444955553587,0.05464453294033901,0.5892520490215313,0.3185738968921615,-2.9558577807620168e-12
45.27499999999849,-64.75711244256705,0.05462788181677289,0.5892470626532909,0.31858696125350655,-2.9132252166164108e-12
45.29999999999849,-64.75977886488396,0.05461118765449473,0.5892423664177002,0.3185997777272924,-2.8563817977556027e-12
45.32499999999849,-64.76244844891812,0.054594453060169114,0.589237959776782,0.3186123472331273,-2.7426949600339867e-12
45.34999999999849,-64.76512082410098,0.054577680621010385,0.5892338421556457,0.318624670712634,-2.7000623958883807e-12
45.37499999999849,-64.76779562289646,0.05456087290452476,0.5892300129429255,0.31863674912912615,-2.3447910280083306e-12
45.399999999998485,-64.77047248083274,0.054544032458259076,0.5892264714912193,0.3186485834672838,-2.6005864128819667e-12
45.424999999998484,-64.77315103653311,0.05452716180955629,0.5892232171175295,0.31866017473282854,-2.8421709430404007e-12
45.44999999999848,-64.77583093174606,0.05451026346531759,0.5892202491037059,0.31867152395219783,-2.9416469260468148e-12
45.47499999999848,-64.77851181137447,0.05449333991177131,0.5892175666968898,0.3186826321722192,-3.211653165635653e-12
45.49999999999848,-64.78119332350404,0.05447639361424849,0.58921516910996,0.3186935004597839,-2.9842794901924208e-12
45.52499999999848,-64.78387511943076,0.054459427016965156,0.5892130555219789,0.31870412990152025,-2.9132252166164108e-12
45.54999999999848,-64.7865568536876,0.05444244254281142,0.5892112250786417,0.31871452160346675,-3.112177182629239e-12
45.574999999998475,-64.78923818407036,0.0544254425931472,0.5892096768927251,0.31872467669074495,-3.339550858072471e-12
45.599999999998474,-64.79191877166261,0.05440842954760473,0.5892084100445383,0.3187345963072323,-3.396394276933279e-12
45.62499999999847,-64.79459828085984,0.05439140576389772,0.5892074235823739,0.31874428161523477,-3.382183422218077e-12
45.64999999999847,-64.79727637939271,0.05437437357763732,0.5892067165229604,0.31875373379515975,-3.183231456205249e-12
45.67499999999847,-64.79995273834946,0.05435733530215469,0.5892062878519153,0.31876295404518873,-3.169020601490047e-12
45.69999999999847,-64.80262703219749,0.05434029322833031,0.5892061365241987,0.3187719435809502,-2.8421709430404007e-12
45.72499999999847,-64.80529893880406,0.0543232496244299,0.5892062614645677,0.3187807036351927,-2.7995383788947947e-12
45.749999999998465,-64.80796813945615,0.05430620673594704,0.5892066615680308,0.3187892354574582,-2.9274360713316128e-12
45.774999999998464,-64.81063431887951,0.05428916678545237,0.5892073357003037,0.3187975403137559,-3.0127011996228248e-12
45.79999999999846,-64.81329716525674,0.054272131972449365,0.5892082826982644,0.318805619486236,-3.097966327914037e-12
45.82499999999846,-64.81595637024469,0.05425510447323675,0.5892095013704087,0.3188134742728642,-3.126388037344441e-12
45.84999999999846,-64.81861162899091,0.054238086440777364,0.5892109904973064,0.3188211059870968,-2.8137492336099967e-12
45.87499999999846,-64.82126264014926,0.054221080004573596,0.5892127488320569,0.3188285159575559,-3.055333763768431e-12
45.89999999999846,-64.82390910589474,0.05420408727054925,0.5892147751007448,0.31883570552770574,-2.9274360713316128e-12
45.924999999998455,-64.82655073193747,0.054187110320937815,0.5892170680028959,0.3188426760555292,-2.8990143619012088e-12
45.949999999998454,-64.82918722753578,0.054170151214177197,0.589219626211932,0.31884942891320533,-3.069544618483633e-12
45.97499999999845,-64.83181830550856,0.054153211984810726,0.5892224483756269,0.3188559654867877,-2.6147972675971687e-12
45.99999999999845,-64.83444368224673,0.0541362946433945,0.5892255331165597,0.3188622871758831,-2.5721647034515627e-12
46.02499999999845,-64.8370630777239,0.05411940117641098,0.58922887903257,0.3188683953933319,-2.3590018827235326e-12
46.04999999999845,-64.83967621550626,0.05410253354618879,0.5892324846972112,0.31887429156488845,-2.0463630789890885e-12
46.07499999999845,-64.84228282276162,0.05408569369082865,0.5892363486602031,0.31887997712890326,-1.9468870959826745e-12
46.099999999998445,-64.84488263026763,0.05406888352413546,0.5892404694478843,0.3188854535360057,-1.5489831639570184e-12
46.124999999998444,-64.8474753724193,0.05405210493555642,0.5892448455636633,0.31889072224878806,-1.3784529073745944e-12
46.14999999999844,-64.85006078723556,0.054035359790125075,0.5892494754884692,0.31889578474149055,-1.7053025658242404e-12
46.17499999999844,-64.85263861636527,0.05401864992841142,0.5892543576812007,0.31890064249968775,-2.0747847884194925e-12
46.19999999999844,-64.85520860509219,0.05400197716647776,0.5892594905791751,0.318905297019976,-2.1884716261411086e-12
46.22499999999844,-64.85777050233938,0.05398534329584048,0.589264872598575,0.3189097498096623,-2.1884716261411086e-12
46.24999999999844,-64.86032406067277,0.05396875008343751,0.5892705021348942,0.31891400238645445,-2.1316282072803006e-12
46.274999999998435,-64.86286903630393,0.05395219927160148,0.589276377563383,0.3189180562781527,-2.1316282072803006e-12
46.299999999998434,-64.86540518909216,0.05393569257803853,0.589282497239491,0.3189219130223425,-2.1600499167107046e-12
46.32499999999843,-64.86793228254574,0.05391923169581267,0.5892888594993092,0.31892557416608924,-2.1174173525650986e-12
46.34999999999843,-64.87045008382258,0.0539028182933356,0.5892954626600105,0.318929041265634,-2.0179413695586845e-12
46.37499999999843,-64.87295836373002,0.05388645401436197,0.5893023050202885,0.31893231588609106,-1.9468870959826745e-12
46.39999999999843,-64.87545689672399,0.05387014047799,0.5893093848607943,0.31893539960114725,-1.6910917111090384e-12
46.42499999999843,-64.8779454609074,0.053853879278667326,0.5893167004445726,0.3189382939927626,-1.5489831639570184e-12
46.449999999998425,-64.88042383802784,0.05383767198620213,0.5893242500174949,0.3189410006508727,-1.8474111129762605e-12
46.474999999998424,-64.88289181347464,0.05382152014577932,0.5893320318086915,0.31894352117309327,-1.9042545318370685e-12
46.49999999999842,-64.88534917627518,0.05380542527798181,0.5893400440309817,0.31894585716442564,-2.2168933355715126e-12
46.52499999999842,-64.88779571909053,0.05378938887881677,0.5893482848813011,0.3189480102369649,-2.4158453015843406e-12
46.54999999999842,-64.89023123821045,0.053773412419746786,0.5893567525411281,0.3189499820096093,-2.5437429940211587e-12
46.57499999999842,-64.89265553354768,0.053757497347725836,0.5893654451769076,0.31895177410777176,-2.3021584638627246e-12
46.59999999999842,-64.89506840863167,0.05374164508523999,0.5893743609404725,0.31895338816309354,-2.2879476091475226e-12
46.624999999998415,-64.8974696706016,0.05372585703035287,0.5893834979694634,0.3189548258131592,-2.3590018827235326e-12
46.649999999998414,-64.8998591301987,0.05371013455675555,0.5893928543877457,0.3189560887012143,-2.3732127374387346e-12
46.67499999999841,-64.90223660175815,0.05369447901382113,0.5894024283058243,0.3189571784758844,-2.3305801732931286e-12
46.69999999999841,-64.90460190320015,0.05367889172666361,0.5894122178212566,0.3189580967908969,-2.2737367544323206e-12
46.72499999999841,-64.9069548560205,0.053663373996201205,0.589422221019062,0.3189588453048041,-2.4016344468691386e-12
46.74999999999841,-64.90929528528063,0.05364792709922386,0.5894324359721299,0.31895942568070923,-2.5721647034515627e-12
46.77499999999841,-64.91162301959689,0.05363255228846502,0.5894428607416244,0.3189598395859937,-2.4158453015843406e-12
46.799999999998406,-64.91393789112941,0.05361725079267743,0.5894534933773872,0.31896008869204756,-2.2879476091475226e-12
46.824999999998404,-64.91623973557033,0.053602023816713,0.5894643319183371,0.3189601746740011,-2.4868995751603507e-12
46.8499999999984,-64.91852839213153,0.053586872541606656,0.5894753743928676,0.3189600992104596,-2.5153212845907547e-12
46.8749999999984,-64.92080370353173,0.05357179812466395,0.5894866188192407,0.3189598639832396,-2.1600499167107046e-12
46.8999999999984,-64.92306551598313,0.05355680169955253,0.5894980632059794,0.31895947067710795,-2.2026824808563106e-12
46.9249999999984,-64.92531367917748,0.053541884376397245,0.5895097055522561,0.31895892097952294,-2.0321522242738865e-12
46.9499999999984,-64.9275480462717,0.053527047241878935,0.5895215438482787,0.3189582165803777,-1.7337242752546445e-12
46.974999999998396,-64.9297684738729,0.05351229135933667,0.5895335760756738,0.3189573591717461,-1.7337242752546445e-12
46.999999999998394,-64.93197482202302,0.0534976177688735,0.5895458002078671,0.31895635044763093,-1.8474111129762605e-12
47.02499999999839,-64.9341669541829,0.053483027487465515,0.5895582142104605,0.3189551921037145,-1.9610979506978765e-12
47.04999999999839,-64.93634473721589,0.05346852150907426,0.5895708160416064,0.31895388583711154,-2.1600499167107046e-12
47.07499999999839,-64.93850804137108,0.053454100804762275,0.5895836036523792,0.3189524333461248,-1.8189894035458565e-12
47.09999999999839,-64.94065674026596,0.05343976632281179,0.5895965749871429,0.3189508363300027,-1.7195134205394424e-12
47.12499999999839,-64.94279071086874,0.053425518988846475,0.589609727983917,0.3189490964886999,-1.9610979506978765e-12
47.149999999998386,-64.94490983348012,0.0534113597059561,0.5896230605747375,0.3189472155226399,-2.0747847884194925e-12
47.174999999998384,-64.94701399171485,0.05339728935482414,0.5896365706860165,0.3189451951324804,-1.9184653865522705e-12
47.19999999999838,-64.94910307248261,0.053383308793858116,0.5896502562388974,0.3189430370188811,-1.9753088054130785e-12
47.22499999999838,-64.9511769659687,0.05336941885932266,0.5896641151496075,0.3189407428822742,-1.8474111129762605e-12
47.24999999999838,-64.95323556561425,0.05335562036547527,0.5896781453298066,0.31893831442263704,-1.7621459846850485e-12
47.27499999999838,-64.9552787680961,0.053341914104704534,0.5896923446869334,0.31893575333926766,-1.7905676941154525e-12
47.29999999999838,-64.9573064733062,0.05332830084767093,0.5897067111245482,0.31893306133056276,-1.8189894035458565e-12
47.324999999998376,-64.95931858433086,0.053314781343449955,0.5897212425426712,0.31893024009379833,-2.0747847884194925e-12
47.349999999998374,-64.9613150074294,0.053301356319677626,0.5897359368381195,0.3189272913249127,-2.0605739337042905e-12
47.37499999999837,-64.96329565201268,0.053288026482698175,0.589750791904839,0.31892421671829235,-1.8332002582610585e-12
47.39999999999837,-64.96526043062111,0.05327479251771398,0.5897658056342336,0.31892101796656014,-1.8332002582610585e-12
47.42499999999837,-64.96720925890257,0.053261655088937536,0.5897809759154912,0.31891769676036646,-1.8189894035458565e-12
47.44999999999837,-64.96914205558978,0.05324861483974552,0.5897963006359057,0.3189142547881826,-1.5489831639570184e-12
47.47499999999837,-64.97105874247755,0.05323567239283469,0.5898117776811963,0.3189106937360971,-1.4637180356658064e-12
47.499999999998366,-64.97295924439965,0.05322282835037977,0.5898274049358225,0.3189070152876145,-1.1226575225009583e-12
47.524999999998364,-64.97484348920543,0.05321008329419305,0.5898431802832964,0.31890322112345687,-7.815970093361102e-13
47.54999999999836,-64.97671140773618,0.053197437785885815,0.589859101606491,0.31889931292136775,-7.531752999057062e-13
47.57499999999836,-64.97856293380121,0.0531848923670313,0.5898751667879454,0.31889529235591907,-7.247535904753022e-13
47.59999999999836,-64.98039800415371,0.053172447559329344,0.589891373710166,0.31889116109832044,-4.973799150320701e-13
47.62499999999836,-64.98221655846633,0.053160103864772525,0.5899077202559249,0.31888692081623127,-3.410605131648481e-13
47.64999999999836,-64.98401853930656,0.05314786176581372,0.5899242043085537,0.3188825731735754,-4.121147867408581e-13
47.674999999998356,-64.98580389211187,0.05313572172553508,0.5899408237522354,0.31887811983035835,-2.4158453015843406e-13
47.699999999998354,-64.98757256516468,0.053123684187818286,0.5899575764722909,0.31887356244248755,-1.4210854715202004e-13
47.72499999999835,-64.98932450956704,0.053111749577516104,0.5899744603554631,0.31886890266159473,1.2789769243681803e-13
47.74999999999835,-64.99105967921521,0.05309991830062507,0.5899914732901975,0.3188641421348615,2.8421709430404007e-13
47.77499999999835,-64.99277803077403,0.05308819074445932,0.5900086131669185,0.3188592825048469,2.1316282072803006e-13
47.79999999999835,-64.99447952365105,0.053076567277825476,0.590025877878303,0.3188543254093184,1.4210854715202004e-13
47.82499999999835,-64.99616411997059,0.05306504825119849,0.5900432653195493,0.3188492724810849,2.1316282072803006e-13
47.849999999998346,-64.99783178454754,0.053053633996898476,0.5900607733886442,0.31884412534783263,4.689582056016661e-13
47.874999999998344,-64.99948248486113,0.05304232482926837,0.5900783999866244,0.3188388856319638,6.821210263296962e-13
47.89999999999834,-65.00111619102846,0.05303112104485241,0.5900961430178362,0.3188335549504375,5.258016244624741e-13
47.92499999999834,-65.0027328757779,0.05302002292257535,0.5901140003901904,0.31882813491461387,6.110667527536862e-13
47.94999999999834,-65.00433251442244,0.05300903072392242,0.590131970015414,0.3188226271301,5.115907697472721e-13
47.97499999999834,-65.00591508483288,0.052998144693119864,0.5901500498092989,0.31881703319659943,4.831690603168681e-13
47.99999999999834,-65.00748056741087,0.05298736505731607,0.5901682376919459,0.31881135470776345,5.542233338928781e-13
48.024999999998336,-65.00902894506191,0.05297669202676324,0.5901865315880066,0.3188055932510455,5.684341886080801e-13
48.049999999998334,-65.01056020316827,0.05296612579499954,0.59020492942692,0.31879975040755804,3.836930773104541e-13
48.07499999999833,-65.01207432956171,0.052955666539031616,0.5902234291431472,0.31879382775193177,4.405364961712621e-13
48.09999999999833,-65.01357131449629,0.05294531441951753,0.5902420286764014,0.3187878268521778,2.984279490192421e-13
48.12499999999833,-65.01505115062095,0.05293506958095001,0.5902607259718752,0.3187817492695523,6.394884621840902e-13
48.14999999999833,-65.01651383295217,0.0529249321518399,0.5902795189804635,0.3187755965584233,5.400124791776761e-13
48.17499999999833,-65.01795935884644,0.05291490224489989,0.5902984056589837,0.3187693702661408,4.831690603168681e-13
48.199999999998326,-65.0193877279728,0.05290497995722839,0.5903173839703922,0.31876307193290865,5.684341886080801e-13
48.224999999998325,-65.02079894228525,0.05289516537049352,0.5903364518839967,0.3187567030916596,8.242295734817162e-13
48.24999999999832,-65.02219300599519,0.052885458551117155,0.5903556073756661,0.31875026526793243,8.952838470577262e-13
48.27499999999832,-65.02356992554378,0.05287585955045905,0.5903748484280357,0.31874375997975174,7.389644451905042e-13
48.29999999999832,-65.02492970957432,0.052866368405000856,0.5903941730307104,0.3187371887375103,8.242295734817162e-13
48.32499999999832,-65.02627236890459,0.052856985136530185,0.5904135791804631,0.3187305530438537,1.0231815394945443e-12
48.34999999999832,-65.02759791649919,0.05284770975232449,0.5904330648814302,0.318723854393568,1.1795009413617663e-12
48.374999999998316,-65.02890636744192,0.05283854224533482,0.5904526281453039,0.31871709427346884,9.094947017729282e-13
48.399999999998315,-65.03019773890806,0.05282948259436939,0.5904722669915206,0.31871027416229414,6.394884621840902e-13
48.42499999999831,-65.03147205013677,0.05282053076427696,0.5904919794474461,0.3187033955305984,8.242295734817162e-13
48.44999999999831,-65.03272932240345,0.05281168670612987,0.5905117635485579,0.31869645984064976,1.1084466677857563e-12
48.47499999999831,-65.03396957899217,0.05280295035740686,0.5905316173386229,0.31868946854632957,8.384404281969182e-13
48.49999999999831,-65.03519284516801,0.05279432164217548,0.5905515388698729,0.31868242309303396,8.810729923425242e-13
48.52499999999831,-65.03639914814963,0.05278580047127416,0.5905715262031762,0.31867532491757833,8.242295734817162e-13
48.549999999998306,-65.03758851708167,0.05277738674249388,0.5905915774082064,0.3186681754481036,1.0942358130705543e-12
48.574999999998305,-65.03876098300738,0.052769080340759354,0.590611690563607,0.3186609761039853,1.0516032489249483e-12
48.5999999999983,-65.03991657884114,0.052760881138309776,0.5906318637571532,0.3186537282957448,8.810729923425242e-13
48.6249999999983,-65.04105533934116,0.05275278899487901,0.5906520950859107,0.31864643342496274,9.094947017729282e-13
48.6499999999983,-65.04217730108215,0.05274480375787529,0.5906723826563909,0.318639092884195,6.252776074688882e-13
48.6749999999983,-65.04328250242816,0.05273692526256033,0.5906927245847029,0.3186317080568908,5.542233338928781e-13
48.6999999999983,-65.04437098350535,0.052729153332227795,0.590713118996702,0.31862428031731294,6.252776074688882e-13
48.724999999998296,-65.04544278617497,0.05272148777838117,0.5907335640281356,0.3186168110304607,4.973799150320701e-13
48.749999999998295,-65.04649795400636,0.05271392840091098,0.5907540578247855,0.3186093015519945,4.689582056016661e-13
48.77499999999829,-65.04753653224998,0.052706474988271294,0.5907745985426072,0.3186017532281632,6.394884621840902e-13
48.79999999999829,-65.04855856781063,0.052699127317655525,0.5907951843478657,0.31859416739573315,7.531752999057062e-13
48.82499999999829,-65.04956410922074,0.052691885155171515,0.590815813417269,0.31858654538191983,8.668621376273222e-13
48.84999999999829,-65.05055320661367,0.052684748256015816,0.5908364839380973,0.3185788885043214,9.805489753489383e-13
48.87499999999829,-65.05152591169723,0.0526777163646472,0.5908571941083304,0.31857119807085466,1.0516032489249483e-12
48.899999999998286,-65.05248227772722,0.05267078921495936,0.5908779421367709,0.31856347537969254,1.1652900866465643e-12
48.924999999998285,-65.05342235948113,0.052663966530452765,0.5908987262431653,0.31855572171920454,1.3784529073745944e-12
48.94999999999828,-65.05434621323194,0.052657248024405676,0.5909195446583213,0.3185479383678987,1.5347723092418164e-12
48.97499999999828,-65.05525389672196,0.052650633400044264,0.5909403956242228,0.31854012659436554,1.3073986337985843e-12
48.99999999999828,-65.05614546913696,0.05264412235071184,0.5909612773941415,0.31853228765722474,1.5631940186722204e-12
49.02499999999828,-65.05702099108025,0.05263771456003719,0.5909821882327453,0.3185244228050729,1.2931877790833823e-12
49.04999999999828,-65.05788052454696,0.052631409702101915,0.5910031264162047,0.3185165332764343,1.4637180356658064e-12
49.074999999998276,-65.0587241328985,0.05262520744160689,0.5910240902322952,0.3185086202997127,1.5631940186722204e-12
49.099999999998275,-65.05955188083706,0.05261910743403768,0.5910450779804978,0.31850068509314594,1.3358203432289883e-12
49.12499999999827,-65.06036383438027,0.052613109325829015,0.5910660879720958,0.31849272886476193,1.5489831639570184e-12
49.14999999999827,-65.06116006083604,0.05260721275452825,0.5910871185302695,0.318484752812337,1.2221335055073723e-12
49.17499999999827,-65.06194062877753,0.05260141734895781,0.5911081679901874,0.31847675812335574,8.384404281969182e-13
49.19999999999827,-65.06270560801822,0.05259572272937657,0.5911292346990953,0.3184687459749731,9.663381206337363e-13
49.22499999999827,-65.06345506958716,0.05259012850764022,0.591150317016402,0.31846071753397825,1.0373923942097463e-12
49.249999999998266,-65.06418908570441,0.05258463428736056,0.5911714133137627,0.31845267395676013,1.2505552149377763e-12
49.274999999998265,-65.06490772975653,0.052579239664063686,0.5911925219751597,0.3184446163892752,8.952838470577262e-13
49.29999999999826,-65.06561107627229,0.052573944225347155,0.5912136413969802,0.3184365459670166,8.384404281969182e-13
49.32499999999826,-65.0662992008986,0.052568747551036,0.5912347699880914,0.31842846381498546,4.973799150320701e-13
49.34999999999826,-65.06697218037642,0.05256364921333762,0.5912559061699132,0.31842037104766385,3.979039320256561e-13
49.37499999999826,-65.06763009251704,0.05255864877699562,0.591277048376488,0.3184122687689894,5.258016244624741e-13
49.39999999999826,-65.06827301617832,0.052553745799442435,0.5912981950545484,0.31840415807233186,6.679101716144942e-13
49.424999999998256,-65.06890103124132,0.0525489398309509,0.5913193446635818,0.31839604004047106,5.968558980384842e-13
49.449999999998255,-65.06951421858686,0.05254423041478458,0.5913404956758928,0.3183879157455771,8.668621376273222e-13
49.47499999999825,-65.07011266007243,0.052539617087347015,0.5913616465766627,0.3183797862491917,1.2505552149377763e-12
49.49999999999825,-65.07069643850915,0.05253509937832976,0.5913827958640073,0.3183716526022115,1.0516032489249483e-12
49.52499999999825,-65.07126563763899,0.05253067681085927,0.5914039420490315,0.3183635158448728,7.673861546209082e-13
49.54999999999825,-65.07182034211215,0.05252634890164261,0.5914250836558813,0.3183553770067383,9.237055564881302e-13
49.57499999999825,-65.07236063746451,0.05252211516111196,0.5914462192217945,0.318347237106685,1.1084466677857563e-12
49.599999999998246,-65.07288661009542,0.052517975093567926,0.5914673472971481,0.3183390971528938,1.0942358130705543e-12
49.624999999998245,-65.07339834724554,0.0525139281973217,0.5914884664455031,0.3183309581428411,1.0800249583553523e-12
49.64999999999824,-65.0738959369749,0.05250997396483594,0.5915095752436481,0.3183228210632912,1.0658141036401503e-12
49.67499999999824,-65.07437946814117,0.052506111882864526,0.5915306722816396,0.3183146868902907,1.1084466677857563e-12
49.69999999999824,-65.07484903037805,0.05250234143259103,0.5915517561628402,0.31830655658916446,1.0231815394945443e-12
49.72499999999824,-65.0753047140739,0.052498662089766064,0.591572825503955,0.31829843111451284,1.0373923942097463e-12
49.74999999999824,-65.0757466103505,0.05249507332484328,0.5915938789350652,0.31829031141021036,1.1226575225009583e-12
49.774999999998236,-65.0761748110421,0.0524915746031143,0.5916149150996602,0.3182821984094061,1.5063505998114124e-12
49.799999999998235,-65.07658940867444,0.05248816538484229,0.5916359326546665,0.31827409303452503,1.4637180356658064e-12
49.824999999998234,-65.07699049644421,0.0524848451253944,0.5916569302704755,0.3182659961972715,1.2505552149377763e-12
49.84999999999823,-65.07737816819854,0.05248161327537293,0.5916779066309683,0.31825790879863314,1.2079226507921703e-12
49.87499999999823,-65.07775251841467,0.05247846928074528,0.5916988604335394,0.3182498317288871,1.3642420526593924e-12
49.89999999999823,-65.07811364217994,0.0524754125829727,0.5917197903891169,0.31824176586760705,1.3642420526593924e-12
49.92499999999823,-65.07846163517179,0.05247244261913772,0.5917406952221824,0.3182337120836715,1.4210854715202004e-12
49.94999999999823,-65.07879659363809,0.052469558822070515,0.5917615736707873,0.3182256712352739,1.2221335055073723e-12
49.974999999998225,-65.07911861437756,0.05246676062047384,0.591782424486568,0.3182176441699333,1.2505552149377763e-12
49.999999999998224,-65.0794277947205,0.052464047439046896,0.5918032464347589,0.3182096317245072,1.6200374375330284e-12
