time_ms,proximal_mV,middle_mV,distal_mV,charge_residual_fC
0.0,0.0,0.0,0.0,0.0
0.05,0.024722477718098962,0.0,0.0,3.148523108897905e-16
0.1,0.048904451568977644,9.478650265842014e-10,0.0,-1.0061396160665481e-16
0.15000000000000002,0.07256691862473261,7.2974647821629635e-09,1.83353519176794e-17,2.706168622523819e-15
0.2,0.09572984124553308,2.9987272933598196e-08,3.306657095648132e-16,4.191091917959966e-15
0.25,0.11841220438485431,8.881042536750742e-08,2.652263665759539e-15,3.2751579226442118e-15
0.3,0.14063206949158705,2.1426321694604875e-07,1.3823482045262558e-14,3.3861802251067274e-15
0.35,0.16240662522079205,4.4893912076634637e-07,5.4627659979678e-14,4.773959005888173e-15
0.39999999999999997,0.1837522351512404,8.485283877827154e-07,1.7755120135138416e-13,4.9960036108132044e-15
0.44999999999999996,0.20468448269515147,1.4824769202929505e-06,4.984934902810029e-13,1.1102230246251565e-14
0.49999999999999994,0.22521821337365183,2.4343523516661783e-06,1.2485803007164613e-12,1.3100631690576847e-14
0.5499999999999999,0.24536757462037004,3.801960053226135e-06,2.8532768747666817e-12,6.439293542825908e-15
0.6,0.26514605326520635,5.6972470783921154e-06,6.046899214597834e-12,8.215650382226158e-15
0.65,0.28456651084061974,8.246027799199492e-06,1.2031359955518162e-11,9.992007221626409e-15
0.7000000000000001,0.3036412168437138,1.1587561150191448e-05,2.2688544102931733e-11,1.4654943925052066e-14
0.7500000000000001,0.3223818800789359,1.587400593193235e-05,4.085608368403004e-11,2.220446049250313e-16
0.8000000000000002,0.3407996781982886,2.1269777506806678e-05,7.067648922681281e-11,4.440892098500626e-16
0.8500000000000002,0.35890528554855416,2.7950826412058484e-05,1.1802960525492417e-10,-2.6645352591003757e-15
0.9000000000000002,0.37670889942811725,3.610385689062794e-05,1.9105819589068966e-10,5.329070518200751e-15
0.9500000000000003,0.3942202648495028,4.5925501073168795e-05,3.0079614729599016e-10,-6.661338147750939e-15
1.0000000000000002,0.4114486978977004,5.7621462510873367e-05,4.6190831020791374e-10,-1.021405182655144e-14
1.0500000000000003,0.4284031077686909,7.140564093666233e-05,6.935504137518242e-10,2.220446049250313e-15
1.1000000000000003,0.44509201756730243,8.749924850209382e-05,1.0203567773205535e-09,2.220446049250313e-15
1.1500000000000004,0.46152358393857545,0.00010612992628093623,1.473562747177751e-09,-6.661338147750939e-15
1.2000000000000004,0.47770561560218855,0.00012753086853125345,2.092267905077757e-09,8.881784197001252e-16
1.2500000000000004,0.49364559085516635,0.00015193996105105568,2.924845153710121e-09,-8.881784197001252e-16
1.3000000000000005,0.5093506741040398,0.00017959893893439665,4.0304997936676e-09,1.4210854715202004e-14
1.3500000000000005,0.5248277314838362,0.00021075256812279323,5.4809816835918555e-09,6.217248937900877e-15
1.4000000000000006,0.5400833456177295,0.0002456478543396732,7.362452532924224e-09,2.3092638912203256e-14
1.4500000000000006,0.5551238295678568,0.00028453328228290767,9.777509328003876e-09,3.197442310920451e-14
1.5000000000000007,0.5699552400246993,0.0003276580873229777,1.2847363848748848e-08,8.881784197001252e-15
1.5500000000000007,0.5845833897795153,0.00037527156140343925,1.671417720534504e-08,1.3322676295501878e-14
1.6000000000000008,0.5990138595215813,0.0004276223943583391,2.1543547321647198e-08,5.329070518200751e-15
1.6500000000000008,0.6132520089994512,0.00048495805144107114,2.7527146322642687e-08,4.440892098500626e-15
1.7000000000000008,0.6273029875830463,0.0005475241874944588,3.488550385453447e-08,-1.2434497875801753e-14
1.7500000000000009,0.6411717442611503,0.0006155640978768297,4.3870931483905546e-08,-1.3322676295501878e-14
1.800000000000001,0.6548630371067871,0.000689318205988252,5.477058249217243e-08,-2.6645352591003757e-14
1.850000000000001,0.6683814422409874,0.0007690235870101954,6.790964060731163e-08,-2.4868995751603507e-14
1.900000000000001,0.6817313623236136,0.0008549135272763388,8.365463049995251e-08,-2.4868995751603507e-14
1.950000000000001,0.6949170345981796,0.0009472171185282061,1.0241684221784764e-07,-1.7763568394002505e-14
2.000000000000001,0.707942538515986,0.0010461588861732302,1.2465586114317033e-07,3.552713678800501e-15
2.0500000000000007,0.7208118029633744,0.0011519584505515603,1.5088319453206065e-07,-2.4868995751603507e-14
2.1000000000000005,0.7335286131144779,0.0012648302201285712,1.8166598523572493e-07,-3.197442310920451e-14
2.1500000000000004,0.7460966169305127,0.0013849831154600107,2.1763080280699515e-07,-1.7763568394002505e-14
2.2,0.7585193313254048,0.001512620322723717,2.5946750186486894e-07,1.2434497875801753e-14
2.25,0.7708001480163705,0.0016479390755737458,3.079331373210206e-07,-1.9539925233402755e-14
2.3,0.7829423390769664,0.0017911304640476882,3.638559258650465e-07,-2.6645352591003757e-14
2.3499999999999996,0.7949490622090959,0.001942379269244244,4.281392429573869e-07,-3.197442310920451e-14
2.3999999999999995,0.8068233657494848,0.0021018638224842203,5.017656444882635e-07,-2.3092638912203256e-14
2.4499999999999993,0.8185681934252309,0.0022697558876727006,5.858009022251535e-07,-3.552713678800501e-14
2.499999999999999,0.8301863888721778,0.0024462205655919477,6.813980421876529e-07,-2.3092638912203256e-14
2.549999999999999,0.8416806999290607,0.0026314162188725964,7.898013751542619e-07,-6.394884621840902e-14
2.5999999999999988,0.8530537827196195,0.0028254944164138795,9.123505086177421e-07,-5.3290705182007514e-14
2.6499999999999986,0.8643082055341669,0.003028599896051151,1.0504843296612311e-06,-3.197442310920451e-14
2.6999999999999984,0.8754464525214346,0.003240870544300076,1.2057449484231882e-06,-2.1316282072803006e-14
2.7499999999999982,0.8864709272008989,0.0034624373920408434,1.3797815920523846e-06,-3.907985046680551e-14
2.799999999999998,0.897383955805197,0.0036934246250420622,1.5743544393214447e-06,0.0
2.849999999999998,0.9081877904616986,0.003933949608262043,1.791338386365787e-06,-5.3290705182007514e-14
2.8999999999999977,0.9188846122217763,0.004184122922904561,2.03272673434117e-06,-2.4868995751603507e-14
2.9499999999999975,0.9294765339458348,0.004444048415246434,2.300634790144411e-06,-4.263256414560601e-14
2.9999999999999973,0.9399656030516992,0.004713823256295081,2.5973033717152886e-06,-1.7763568394002505e-14
3.049999999999997,0.9503538041335321,0.004993538011375243,2.925102209830316e-06,-1.0658141036401503e-14
3.099999999999997,0.9606430614580491,0.005283276718785092,3.286533238708231e-06,-7.105427357601002e-15
3.149999999999997,0.9708352413444152,0.005583116976702663,3.6842337681700354e-06,-2.4868995751603507e-14
3.1999999999999966,0.9809321544338534,0.005893130037563859,4.120979530530698e-06,0.0
3.2499999999999964,0.9909355578546544,0.006213380909172921,4.599687595842766e-06,-2.4868995751603507e-14
3.2999999999999963,1.0008471572879647,0.006543928461845164,5.123419149561841e-06,-3.552713678800501e-14
3.349999999999996,1.0106686089394277,0.006884825540919768,5.695382127157967e-06,0.0
3.399999999999996,1.0204015214214741,0.007236119084017465,6.31893370065335e-06,2.4868995751603507e-14
3.4499999999999957,1.0300474575507945,0.007597850242453918,6.997582612523674e-06,2.4868995751603507e-14
3.4999999999999956,1.0396079360652744,0.007970054506254442,7.734991352855654e-06,0.0
3.5499999999999954,1.049084433264443,0.008352761832249428,8.5349781761058e-06,2.1316282072803006e-14
3.599999999999995,1.0584783845772605,0.008745996774762278,9.401518954253069e-06,4.618527782440651e-14
3.649999999999995,1.067791186060867,0.009149778618432991,1.0338748863579708e-05,6.039613253960852e-14
3.699999999999995,1.077024195833713,0.009564121512750514,1.1350963902748942e-05,3.552713678800501e-14
3.7499999999999947,1.0861787354463124,0.009989034607895811,1.2442622240273821e-05,2.842170943040401e-14
3.7999999999999945,1.095256091192684,0.010424522191525164,1.3618345389887773e-05,4.973799150320701e-14
3.8499999999999943,1.1042575153653806,0.010870583826149546,1.4882919212732882e-05,7.105427357601002e-15
3.899999999999994,1.113184227456851,0.011327214486791037,1.6241294745676094e-05,-2.1316282072803006e-14
3.949999999999994,1.1220374153097383,0.011794404698621206,1.769858885544543e-05,-4.263256414560601e-14
3.999999999999994,1.1308182362185728,0.01227214067430914,1.9260084718647403e-05,2.1316282072803006e-14
4.049999999999994,1.1395278179851944,0.012760404450828431,2.0931232128082513e-05,0.0
4.099999999999993,1.148167259930115,0.013259174025492934,2.271764762611742e-05,2.842170943040401e-14
4.149999999999993,1.1567376338619115,0.01376842349101059,2.4625114466199982e-05,3.552713678800501e-14
4.199999999999993,1.1652399850066395,0.014288123169362921,2.6659582403916225e-05,7.105427357601002e-15
4.249999999999993,1.1736753328991445,0.01481823974433524,2.8827167319286363e-05,5.684341886080802e-14
4.299999999999993,1.1820446722380584,0.01535873639253896,3.113415067228016e-05,0.0
4.3499999999999925,1.1903489737061732,0.015909572912782874,3.358697879379981e-05,-1.4210854715202004e-14
4.399999999999992,1.198589184757796,0.016470705853664766,3.619226201463149e-05,7.105427357601002e-15
4.449999999999992,1.2067662303746107,0.017042088639268434,3.895677363510431e-05,3.552713678800501e-14
4.499999999999992,1.2148810137914912,0.01762367169286397,4.1887448738418135e-05,7.105427357601002e-15
4.549999999999992,1.2229344171936394,0.01821540255852123,4.499138285080946e-05,2.1316282072803006e-14
4.599999999999992,1.2309273023863507,0.018817226020557635,4.827583045191732e-05,2.1316282072803006e-14
4.6499999999999915,1.2388605114386457,0.019429084220751996,5.174820333888963e-05,2.1316282072803006e-14
4.699999999999991,1.2467348673019416,0.020050916773265905,5.541606884793434e-05,-2.842170943040401e-14
4.749999999999991,1.2545511744048838,0.02068266087722333,5.9287147937169374e-05,6.394884621840902e-14
4.799999999999991,1.2623102192253965,0.021324251426907692,6.336931313476178e-05,-7.105427357601002e-15
4.849999999999991,1.2700127708409625,0.021975621119543518,6.767058635646868e-05,0.0
4.899999999999991,1.2776595814580916,0.02263670056063721,7.219913659680226e-05,-5.684341886080802e-14
4.94999999999999,1.2852513869218891,0.023307418366858266,7.696327749813775e-05,5.684341886080802e-14
4.99999999999999,1.2927889072065943,0.023987701266448568,8.197146480216729e-05,1.4210854715202004e-14
5.04999999999999,1.3002728468879123,0.024677474197153236,8.723229368817524e-05,0.0
5.09999999999999,1.3077038955979254,0.025376660401671844,9.275449600267096e-05,7.105427357601002e-14
5.14999999999999,1.3150827284633324,0.026085181520633785,9.854693738496446e-05,1.4210854715202004e-14
5.1999999999999895,1.322410006527728,0.026802957683106074,0.00010461861429330945,2.842170943040401e-14
5.249999999999989,1.3296863771585985,0.027529907594645995,0.0001109786509362664,1.4210854715202004e-14
5.299999999999989,1.3369124744396812,0.028265948622914837,0.00011763629611395701,1.4210854715202004e-14
5.349999999999989,1.3440889195493018,0.029010996880872334,0.00012460091997389057,-7.105427357601002e-14
5.399999999999989,1.3512163211252757,0.0297649673075746,0.00013188201068604276,-8.526512829121202e-14
5.449999999999989,1.3582952756169318,0.030527773746601126,0.00013948917104185897,-7.105427357601002e-14
5.4999999999999885,1.3653263676247918,0.031299329022138965,0.00014743211498183793,-2.842170943040401e-14
5.549999999999988,1.3723101702284128,0.03207954501275452,0.0001557206640563266,-5.684341886080802e-14
5.599999999999988,1.379247245302876,0.032868332722885335,0.00016436474382412628,-8.526512829121202e-14
5.649999999999988,1.386138143824384,0.03366560235208609,0.00017337438019347128,-8.526512829121202e-14
5.699999999999988,1.39298340616541,0.034471263362064686,0.00018275969570989633,-4.263256414560601e-14
5.749999999999988,1.3997835623798143,0.03528522454154545,0.00019253090579545858,2.842170943040401e-14
5.799999999999987,1.4065391324783343,0.03610739406899803,0.00020269831494372297,-8.526512829121202e-14
5.849999999999987,1.413250626694829,0.03693767957327118,0.00021327231287485837,-7.105427357601002e-14
5.899999999999987,1.4199185457436447,0.03777598819217183,0.0002242633706551248,-5.684341886080802e-14
5.949999999999987,1.4265433810684502,0.03862222662903034,0.00023568203678496155,-9.947598300641403e-14
5.999999999999987,1.4331256150828782,0.03947630120729345,0.0002475389332598098,0.0
6.0499999999999865,1.4396657214032893,0.04033811792318699,0.00025984475160772513,-5.684341886080802e-14
6.099999999999986,1.4461641650739665,0.04120758249649052,0.00027261024890775195,0.0
6.149999999999986,1.452621402785028,0.04208460041946652,0.0002858462437929474,-4.263256414560601e-14
6.199999999999986,1.4590378830833413,0.042969077003986667,0.0002995636124418518,-7.105427357601002e-14
6.249999999999986,1.4654140465767032,0.04386091742689795,0.0003137732845621141,-7.105427357601002e-14
6.299999999999986,1.471750326131541,0.04476002677367101,0.00032848623936988536,-9.947598300641403e-14
6.349999999999985,1.4780471470643795,0.045666310080373404,0.0003437135015685002,-8.526512829121202e-14
6.399999999999985,1.4843049273273066,0.04657967237400977,0.0003594661373298671,-1.5631940186722204e-13
6.449999999999985,1.4905240776876636,0.04750001871127098,0.0003757552502818924,-1.4210854715202004e-14
6.499999999999985,1.4967050019021706,0.04842725421573386,0.0003925919775051618,-1.2789769243681803e-13
6.549999999999985,1.5028480968856957,0.049361284113552686,0.00040998748554200374,-1.2789769243681803e-13
6.5999999999999845,1.5089537528748622,0.050302013767683264,0.0004279529664209576,-1.7053025658242404e-13
6.649999999999984,1.5150223535866836,0.05124934871067985,0.0004464996336995684,-1.7053025658242404e-13
6.699999999999984,1.5210542763724044,0.052203194676104785,0.0004656387185283278,-1.8474111129762605e-13
6.749999999999984,1.5270498923667233,0.05316345762859002,0.0004853814657384789,-1.7053025658242404e-13
6.799999999999984,1.5330095666325603,0.05413004379258918,0.0005057391299563012,-1.9895196601282805e-13
6.849999999999984,1.53893365830153,0.0551028596798583,0.0005267229717463903,-1.4210854715202004e-13
6.8999999999999835,1.5448225207102724,0.05608181211570256,0.000548344253786345,-7.105427357601002e-14
6.949999999999983,1.5506765015327857,0.05706680826402585,0.0005706142370751754,-1.5631940186722204e-13
6.999999999999983,1.5564959429089051,0.05805775565121925,0.0005935441771776439,-1.2789769243681803e-13
7.049999999999983,1.5622811815690583,0.05905456218892381,0.0006171453205066535,-1.1368683772161603e-13
7.099999999999983,1.5680325489554294,0.06005713619570251,0.0006414289006456993,-7.105427357601002e-14
7.149999999999983,1.5737503713396548,0.06106538641765518,0.0006664061347133004,-1.4210854715202004e-14
7.199999999999982,1.5794349699371693,0.062079222048009974,0.0006920882197712375,-5.684341886080802e-14
7.249999999999982,1.5850866610183179,0.06309855274572379,0.0007184863292783219,2.842170943040401e-14
7.299999999999982,1.5907057560163431,0.06412328865312368,0.0007456116095913328,2.842170943040401e-14
7.349999999999982,1.5962925616323524,0.06515334041262033,0.0007734751765146658,7.105427357601002e-14
7.399999999999982,1.6018473799373685,0.06618861918252411,0.0008020881119001449,2.842170943040401e-14
7.4499999999999815,1.6073705084715588,0.0672290366519934,0.0008314614602983644,5.684341886080802e-14
7.499999999999981,1.61286224034074,0.06827450505514429,0.0008616062256628361,-5.684341886080802e-14
7.549999999999981,1.6183228643102445,0.06932493718434991,0.0008925333681081356,-4.263256414560601e-14
7.599999999999981,1.6237526648962393,0.07038024640275696,0.0009242538007231567,-8.526512829121202e-14
7.649999999999981,1.629151922454577,0.07144034665604644,0.0009567783864405002,-5.684341886080802e-14
7.699999999999981,1.6345209132672631,0.07250515248346481,0.0009901179349629443,-8.526512829121202e-14
7.7499999999999805,1.6398599096266133,0.073574579028151,0.0010242831997478677,-8.526512829121202e-14
7.79999999999998,1.6451691799171773,0.07464854204678419,0.0010592848750504169,-1.1368683772161603e-13
7.84999999999998,1.6504489886955,0.07572695791857662,0.0010951335930261372,-1.1368683772161603e-13
7.89999999999998,1.6556995967677897,0.07680974365363481,0.0011318399208937165,-1.4210854715202004e-13
7.94999999999998,1.6609212612655575,0.07789681690071226,0.0011694143581584147,-8.526512829121202e-14
7.99999999999998,1.6661142357192953,0.07898809595437564,0.0012078673338966914,-1.4210854715202004e-13
8.04999999999998,1.671278770130251,0.08008349976160632,0.0012472092041024704,-5.684341886080802e-14
8.09999999999998,1.6764151110403611,0.08118294792785812,0.0012874502490954228,-1.1368683772161603e-13
8.14999999999998,1.6815235016004,0.08228636072259157,0.0013286006709915803,-5.684341886080802e-14
8.199999999999982,1.6866041816363966,0.08339365908430484,0.0013706705912365363,-8.526512829121202e-14
8.249999999999982,1.6916573877143766,0.08450476462508,0.0014136700482014308,-1.4210854715202004e-13
8.299999999999983,1.6966833532034775,0.08561959963466383,0.0014576089948418593,-8.526512829121202e-14
8.349999999999984,1.7016823083374886,0.08673808708410088,0.0015024972964197908,-8.526512829121202e-14
8.399999999999984,1.7066544802748618,0.08786015062893648,0.0015483447282885303,-5.684341886080802e-14
8.449999999999985,1.7116000931572402,0.08898571461200665,0.0015951609737407044,-8.526512829121202e-14
8.499999999999986,1.7165193681665494,0.09011470406583139,0.0016429556219192062,-5.684341886080802e-14
8.549999999999986,1.721412523580692,0.09124704471462741,0.001691738165790987,-5.684341886080802e-14
8.599999999999987,1.7262797748278909,0.09238266297595571,0.0017415180001835316,2.842170943040401e-14
8.649999999999988,1.731121334539715,0.09352148596201884,0.0017923044198838213,-8.526512829121202e-14
8.699999999999989,1.7359374126028335,0.0946634414806227,0.0018441066177995367,-5.684341886080802e-14
8.74999999999999,1.7407282162095297,0.09580845803581657,0.0018969336831822186,-8.526512829121202e-14
8.79999999999999,1.7454939499070132,0.09695646482822523,0.0019507945999120671,-1.1368683772161603e-13
8.84999999999999,1.7502348156455654,0.09810739175508608,0.002005698244844019,-1.7053025658242404e-13
8.899999999999991,1.75495101282555,0.09926116941000425,0.0020616533862147122,-8.526512829121202e-14
8.949999999999992,1.759642738343324,0.10041772908243776,0.0021186686821099143,-5.684341886080802e-14
8.999999999999993,1.7643101866360764,0.10157700275692483,0.0021767526789919544,-1.1368683772161603e-13
9.049999999999994,1.76895354972563,0.10273892311206465,0.002235913810286674,-5.684341886080802e-14
9.099999999999994,1.77357301726123,0.10390342351926289,0.0022961603950293844,0.0
9.149999999999995,1.7781687765613536,0.10507043804125267,0.0023575006365692836,-2.842170943040401e-14
9.199999999999996,1.7827410126545629,0.10623990143040121,0.002419942621331771,-2.842170943040401e-14
9.249999999999996,1.7872899083194302,0.10741174912681242,0.002483494317638068,-1.4210854715202004e-13
9.299999999999997,1.7918156441235624,0.10858591725623491,0.0025481635745815256,-8.526512829121202e-14
9.349999999999998,1.7963183984617457,0.10976234262778492,0.002613958120959995,-1.4210854715202004e-13
9.399999999999999,1.8007983475932385,0.11094096273149306,0.002680885564263598,-8.526512829121202e-14
9.45,1.8052556656782341,0.11212171573568369,0.002748953389717228,-1.7053025658242404e-13
9.5,1.8096905248135144,0.11330454048419522,0.0028181689593770897,-1.9895196601282805e-13
9.55,1.814103095067319,0.11448937649344954,0.0028885395112805776,-1.9895196601282805e-13
9.600000000000001,1.818493544513449,0.11567616394937832,0.0029600721586487623,-8.526512829121202e-14
9.650000000000002,1.8228620392646269,0.11686484370421378,0.003032773889140759,-1.1368683772161603e-13
9.700000000000003,1.8272087435051318,0.1180553572731511,0.0031066515641592265,-1.1368683772161603e-13
9.750000000000004,1.8315338195227295,0.1192476468308896,0.0031817119182062374,-2.842170943040401e-14
9.800000000000004,1.8358374277399152,0.12044165520805938,0.003257961558288756,-8.526512829121202e-14
9.850000000000005,1.8401197267444886,0.12163732588753981,0.003335406963372937,-8.526512829121202e-14
9.900000000000006,1.844380873319477,0.12283460300067636,0.0034140544838864636,-1.1368683772161603e-13
9.950000000000006,1.848621022472425,0.12403343132340161,0.0034939103412681308,-1.1368683772161603e-13
10.000000000000007,1.8528403274640655,0.12523375627226632,0.0035749806275638695,-1.4210854715202004e-13
10.050000000000008,1.8570389398363885,0.12643552390038618,0.0036572713050684064,-1.4210854715202004e-13
10.100000000000009,1.8612170094401255,0.12763868089330954,0.0037407882060117473,-1.1368683772161603e-13
10.15000000000001,1.8653746844616597,0.1288431745648113,0.0038255370322896696,-1.4210854715202004e-13
10.20000000000001,1.8695121114493811,0.13004895285261814,0.003911523355237402,-1.7053025658242404e-13
10.25000000000001,1.8736294353394978,0.1312559643140694,0.003998752615445673,-2.8421709430404007e-13
10.300000000000011,1.8777267994813185,0.13246415812171894,0.004087230122618305,-3.410605131648481e-13
10.350000000000012,1.8818043456620186,0.13367348405888158,0.004176961055470523,-1.4210854715202004e-13
10.400000000000013,1.8858622141309038,0.13488389251512903,0.004267950461667163,-1.1368683772161603e-13
10.450000000000014,1.889900543623183,0.13609533448173908,0.004360203257799952,-1.4210854715202004e-13
10.500000000000014,1.8939194713832623,0.137307761547102,0.004453724229403028,-2.8421709430404007e-13
10.550000000000015,1.8979191331875729,0.13852112589208795,0.004548518031005889,-1.4210854715202004e-13
10.600000000000016,1.9018996633669427,0.13973538028537907,0.0046445891862229504,-1.9895196601282805e-13
10.650000000000016,1.905861194828526,0.1409504780787696,0.0047419420878788785,-2.5579538487363607e-13
10.700000000000017,1.9098038590772974,0.1421663732024374,0.004840580998168905,-1.4210854715202004e-13
10.750000000000018,1.9137277862371243,0.1433830201601903,0.004940510048853298,-1.9895196601282805e-13
10.800000000000018,1.9176331050714264,0.14460037402468975,0.005041733241485189,-2.5579538487363607e-13
10.85000000000002,1.9215199430034324,0.14581839043265543,0.005144254447670949,-3.126388037344441e-13
10.90000000000002,1.9253884261360437,0.14703702558005305,0.0052480774093623195,-2.8421709430404007e-13
10.95000000000002,1.929238679271314,0.1482562362172684,0.005353205739179503,-3.126388037344441e-13
11.000000000000021,1.9330708259295553,0.14947597964427004,0.005459642920764431,-1.9895196601282805e-13
11.050000000000022,1.936884988368075,0.15069621370576303,0.005567392309163419,-1.7053025658242404e-13
11.100000000000023,1.9406812875995605,0.15191689678633644,0.005676457131238448,-2.8421709430404007e-13
11.150000000000023,1.9444598434101106,0.15313798780560636,0.005786840486106294,-2.8421709430404007e-13
11.200000000000024,1.948220774376928,0.15435944621335707,0.005898545345604743,-4.547473508864641e-13
11.250000000000025,1.9519641978856785,0.15558123198468196,0.0060115745547851505,-2.2737367544323206e-13
11.300000000000026,1.9556902301475256,0.15680330561512665,0.006125930832430587,-3.410605131648481e-13
11.350000000000026,1.9593989862158463,0.15802562811583584,0.006241616771598836,-2.8421709430404007e-13
11.400000000000027,1.9630905800026368,0.15924816100870584,0.006358634840189516,-2.8421709430404007e-13
11.450000000000028,1.9667651242946154,0.16047086632154436,0.006476987381534598,-3.979039320256561e-13
11.500000000000028,1.9704227307690276,0.16169370658323948,0.006596676615011612,-2.2737367544323206e-13
11.55000000000003,1.9740635100091628,0.1629166448189389,0.006717704636678834,-3.410605131648481e-13
11.60000000000003,1.977687571519587,0.16413964454524146,0.006840073419931756,-3.410605131648481e-13
11.65000000000003,1.9812950237410976,0.16536266976540198,0.00696378481618015,-2.8421709430404007e-13
11.700000000000031,1.9848859740654097,0.16658568496455084,0.0070888405555450534,-3.979039320256561e-13
11.750000000000032,1.9884605288495754,0.16780865510492968,0.007215242247575,-2.8421709430404007e-13
11.800000000000033,1.9920187934301452,0.16903154562114428,0.00734299138198084,-3.410605131648481e-13
11.850000000000033,1.9955608721370768,0.17025432241543595,0.007472089329388498,-2.8421709430404007e-13
11.900000000000034,1.9990868683073946,0.17147695185297235,0.00760253734210902,-4.547473508864641e-13
11.950000000000035,2.0025968842986086,0.17269940075715878,0.007734336554925297,-4.547473508864641e-13
12.000000000000036,2.006091021501896,0.17392163640497116,0.007867487985894815,-3.410605131648481e-13
12.050000000000036,2.009569380355049,0.17514362652231116,0.008001992537167843,-2.8421709430404007e-13
12.100000000000037,2.0130320603552008,0.176365339279385,0.008137850995820445,-2.8421709430404007e-13
12.150000000000038,2.016479160071323,0.17758674328610594,0.008275064034701726,-3.979039320256561e-13
12.200000000000038,2.0199107771565115,0.1788078075875221,0.008413632213294723,-4.547473508864641e-13
12.250000000000039,2.0233270083600563,0.18002850165926965,0.008553555978590376,-3.979039320256561e-13
12.30000000000004,2.026727949539306,0.1812487954030524,0.008694835665974007,-5.115907697472721e-13
12.35000000000004,2.030113695671326,0.18246865914214833,0.008837471500123756,-3.979039320256561e-13
12.400000000000041,2.03348434086436,0.1836880636169438,0.008981463595920445,-2.8421709430404007e-13
12.450000000000042,2.0368399783690943,0.18490697998049577,0.0091268119593683,-3.979039320256561e-13
12.500000000000043,2.040180700589732,0.18612537979412289,0.009273516488526038,-3.979039320256561e-13
12.550000000000043,2.043506599094881,0.18734323502302544,0.0094215769744478,-3.979039320256561e-13
12.600000000000044,2.046817764628257,0.18856051803193527,0.009570993102133407,-2.2737367544323206e-13
12.650000000000045,2.050114287119208,0.18977720158079556,0.009721764451487468,-2.8421709430404007e-13
12.700000000000045,2.0533962556930647,0.19099325882047108,0.00987389049828683,-4.547473508864641e-13
12.750000000000046,2.056663758681315,0.19220866328848932,0.010027370615155915,-2.8421709430404007e-13
12.800000000000047,2.059916883631615,0.19342338890481275,0.010182204072549461,-2.8421709430404007e-13
12.850000000000048,2.0631557173176294,0.1946374099676426,0.010338390039742226,-2.8421709430404007e-13
12.900000000000048,2.0663803457487155,0.19585070114925415,0.010495927585825193,-3.410605131648481e-13
12.950000000000049,2.0695908541794448,0.19706323749186444,0.010654815680707839,-3.979039320256561e-13
13.00000000000005,2.0727873271189714,0.1982749944035318,0.010815053196126058,-3.410605131648481e-13
13.05000000000005,2.075969848340247,0.19948594765408803,0.010976638906655288,-3.410605131648481e-13
13.100000000000051,2.0791385008890875,0.2006960733711032,0.011139571490728457,-2.2737367544323206e-13
13.150000000000052,2.082293367093093,0.2019053480358832,0.011303849531658337,-1.7053025658242404e-13
13.200000000000053,2.085434528570426,0.2031137484795002,0.011469471518663909,-2.8421709430404007e-13
13.250000000000053,2.088562066238446,0.20432125187885622,0.011636435847900363,-2.2737367544323206e-13
13.300000000000054,2.0916760603222104,0.20552783575277978,0.011804740823492357,-2.2737367544323206e-13
13.350000000000055,2.0947765903628373,0.20673347795815583,0.011974384658570165,-2.2737367544323206e-13
13.400000000000055,2.0978637352257374,0.20793815668608912,0.012145365476308359,-3.410605131648481e-13
13.450000000000056,2.100937573108717,0.20914185045810055,0.012317681310966682,-1.7053025658242404e-13
13.500000000000057,2.1039981815499504,0.21034453812235743,0.012491330108932755,-1.7053025658242404e-13
13.550000000000058,2.1070456374358324,0.21154619884993667,0.012666309729766314,-5.684341886080802e-14
13.600000000000058,2.1100800170087037,0.21274681213112173,0.012842617947244617,-5.684341886080802e-14
13.650000000000059,2.113101395874461,0.21394635777173285,0.013020252450408745,-2.2737367544323206e-13
13.70000000000006,2.1161098490100447,0.21514481588949055,0.01319921084461045,-5.684341886080802e-14
13.75000000000006,2.1191054507708142,0.21634216691041275,0.01337949065255929,-1.1368683772161603e-13
13.800000000000061,2.122088274897809,0.217538391565245,0.013561089315369718,0.0
13.850000000000062,2.1250583945249,0.21873347088592396,0.013744004193607879,-5.684341886080802e-14
13.900000000000063,2.1280158821858284,0.2199273862020742,0.013928232568337815,5.684341886080802e-14
13.950000000000063,2.130960809821141,0.22112011913753793,0.014113771642166813,0.0
14.000000000000064,2.1338932487850197,0.22231165160693792,0.014300618540289647,0.0
14.050000000000065,2.1368132698520066,0.22350196581227308,0.014488770311531438,1.1368683772161603e-13
14.100000000000065,2.1397209432236295,0.22469104423954717,0.0146782239293889,0.0
14.150000000000066,2.1426163385349284,0.22587886965542991,0.014868976293069738,5.684341886080802e-14
14.200000000000067,2.145499524860882,0.22706542510395086,0.015061024228529944,0.0
14.250000000000068,2.1483705707227427,0.22825069390322558,0.015254364489508787,-1.1368683772161603e-13
14.300000000000068,2.151229544094274,0.22943465964221418,0.015448993758561257,0.0
14.350000000000069,2.1540765124078978,0.23061730617751203,0.015644908648087767,-5.684341886080802e-14
14.40000000000007,2.156911542560751,0.23179861763017237,0.0158421057013609,5.684341886080802e-14
14.45000000000007,2.159734700920653,0.23297857838256084,0.016040581393548994,1.7053025658242404e-13
14.500000000000071,2.1625460533319854,0.2341571730752417,0.016240332132736394,-1.1368683772161603e-13
14.550000000000072,2.165345665121488,0.23533438660389544,0.016441354260940157,0.0
14.600000000000072,2.1681336011039685,0.23651020411626789,0.016643644055123027,0.0
14.650000000000073,2.1709099255879303,0.23768461100915028,0.016847197728202548,5.684341886080802e-14
14.700000000000074,2.1736747023811205,0.2388575929253905,0.01705201143005609,1.1368683772161603e-13
14.750000000000075,2.1764279947959957,0.24002913575093487,0.01725808124852166,1.1368683772161603e-13
14.800000000000075,2.179169865655113,0.24119922561190082,0.017465403210394324,1.7053025658242404e-13
14.850000000000076,2.18190037729644,0.24236784887167964,0.017673973282418095,1.1368683772161603e-13
14.900000000000077,2.1846195915785933,0.24353499212806962,0.017883787372273134,0.0
14.950000000000077,2.1873275698859995,0.24470064221043908,0.018094841329558135,0.0
15.000000000000078,2.1900243731339852,0.2458647861769193,0.018307130946767728,0.0
15.050000000000079,2.1927100617737953,0.24702741131162684,0.01852065196026481,0.0
15.10000000000008,2.19538469579754,0.24818850512191554,0.018735400051247648,-5.684341886080802e-14
15.15000000000008,2.1980483347430724,0.24934805533565724,0.018951370846711623,0.0
15.200000000000081,2.2007010376988005,0.2505060498985518,0.01916855992040555,-1.7053025658242404e-13
15.250000000000082,2.20334286330843,0.25166247697146565,0.019386962793782384,0.0
15.300000000000082,2.205973869775643,0.25281732492779896,0.019606574936944298,5.684341886080802e-14
15.350000000000083,2.2085941148687076,0.25397058235088094,0.019827391769581933,-5.684341886080802e-14
15.400000000000084,2.2112036559250337,0.25512223803139333,0.020049408661907797,0.0
15.450000000000085,2.213802549855656,0.25627228096482174,0.020272620935583685,-5.684341886080802e-14
15.500000000000085,2.2163908531496626,0.25742070034893444,0.020497023864642028,0.0
15.550000000000086,2.218968621878559,0.2585674855812886,0.0207226126764011,-1.7053025658242404e-13
15.600000000000087,2.221535911700578,0.2597126262567639,0.020949382552373996,-1.7053025658242404e-13
15.650000000000087,2.224092777864924,0.26085611216512267,0.021177328629171294,5.684341886080802e-14
15.700000000000088,2.226639275215968,0.2619979332885971,0.021406445999397335,-1.7053025658242404e-13
15.750000000000089,2.229175458197379,0.26313807979950277,0.02163672971254007,0.0
15.80000000000009,2.2317013808562067,0.26427654205787837,0.02186817477585435,-5.684341886080802e-14
15.85000000000009,2.234217096846905,0.2654133106091516,0.022100776155238682,-1.1368683772161603e-13
15.900000000000091,2.2367226594353014,0.2665483761818306,0.0223345287761053,-2.2737367544323206e-13
15.950000000000092,2.2392181215025198,0.2676817296852213,0.02256942752424357,-5.684341886080802e-14
16.000000000000092,2.2417035355488433,0.2688133622071698,0.022805467246676644,-5.684341886080802e-14
16.050000000000093,2.2441789536975327,0.2699432650118299,0.02304264275251129,-1.1368683772161603e-13
16.100000000000094,2.24664442769859,0.2710714295374558,0.023280948813780917,5.684341886080802e-14
16.150000000000095,2.2491000089324777,0.27219784739421876,0.023520380166281676,-2.2737367544323206e-13
16.200000000000095,2.2515457484137826,0.27332251036204924,0.02376093151040167,-1.7053025658242404e-13
16.250000000000096,2.2539816967948387,0.274445410388502,0.024002597511943183,-1.1368683772161603e-13
16.300000000000097,2.2564079043692997,0.27556653958664623,0.0242453728029379,-2.2737367544323206e-13
16.350000000000097,2.2588244210756647,0.2766858902329787,0.024489251982455135,-1.1368683772161603e-13
16.400000000000098,2.2612312965007604,0.27780345476536084,0.024734229617402965,-1.1368683772161603e-13
16.4500000000001,2.2636285798831772,0.2789192257809789,0.024980300243322314,-2.2737367544323206e-13
16.5000000000001,2.266016320116661,0.2800331960343272,0.02522745836517391,-1.1368683772161603e-13
16.5500000000001,2.2683945657534634,0.28114535843521427,0.02547569845811814,-1.1368683772161603e-13
16.6000000000001,2.270763365007647,0.2822557060467916,0.02572501496828773,-3.410605131648481e-13
16.6500000000001,2.27312276575835,0.28336423208360484,0.025975402313553313,-2.2737367544323206e-13
16.700000000000102,2.2754728155530093,0.28447092990966694,0.02622685488428178,-2.2737367544323206e-13
16.750000000000103,2.2778135616105426,0.28557579303655356,0.02647936704408748,-3.410605131648481e-13
16.800000000000104,2.280145050824491,0.28667881512152005,0.026732933130576217,-2.2737367544323206e-13
16.850000000000104,2.28246732976612,0.28777998996563986,0.02698754745608205,-2.2737367544323206e-13
16.900000000000105,2.2847804446874864,0.28887931151196455,0.0272432043083969,-3.410605131648481e-13
16.950000000000106,2.2870844415244607,0.28997677384370457,0.027499897951492935,-4.547473508864641e-13
17.000000000000107,2.2893793658997175,0.2910723711824312,0.027757622626237783,-4.547473508864641e-13
17.050000000000107,2.291665263125685,0.29216609788629877,0.02801637255110251,-3.410605131648481e-13
17.100000000000108,2.29394217820746,0.2932579484482879,0.028276141922862406,-4.547473508864641e-13
17.15000000000011,2.2962101558456864,0.29434791749446837,0.028536924917290603,-3.410605131648481e-13
17.20000000000011,2.2984692404393985,0.2954359997822825,0.028798715689844462,-2.2737367544323206e-13
17.25000000000011,2.3007194760888283,0.2965221901988482,0.029061508376344823,-2.2737367544323206e-13
17.30000000000011,2.3029609065981806,0.2976064837592813,0.029325297093648065,-3.410605131648481e-13
17.35000000000011,2.3051935754783726,0.29868887560503804,0.029590075940311013,-3.410605131648481e-13
17.400000000000112,2.30741752594974,0.2997693610022762,0.0298558389972487,-2.2737367544323206e-13
17.450000000000113,2.3096328009447116,0.3008479353402353,0.030122580328385013,-2.2737367544323206e-13
17.500000000000114,2.311839443110452,0.3019245941296358,0.030390293981296217,-2.2737367544323206e-13
17.550000000000114,2.314037494811469,0.3029993330010968,0.030658973987847383,-2.2737367544323206e-13
17.600000000000115,2.316226998132195,0.3040721477035724,0.030928614364821756,-2.2737367544323206e-13
17.650000000000116,2.3184079948795318,0.3051430341028056,0.031199209114543058,-1.1368683772161603e-13
17.700000000000117,2.32058052658537,0.30621198817980116,0.03147075222549075,-2.2737367544323206e-13
17.750000000000117,2.322744634509075,0.3072790060293158,0.03174323767290831,-2.2737367544323206e-13
17.800000000000118,2.3249003596399453,0.30834408385836587,0.032016659419404514,-2.2737367544323206e-13
17.85000000000012,2.32704774269964,0.30940721798475285,0.03229101141554773,-3.410605131648481e-13
17.90000000000012,2.32918682414458,0.3104684048356059,0.03256628760045334,-2.2737367544323206e-13
17.95000000000012,2.3313176441683194,0.3115276409459417,0.03284248190236418,-2.2737367544323206e-13
18.00000000000012,2.333440242703888,0.312584922957241,0.033119588239224194,-2.2737367544323206e-13
18.05000000000012,2.335554659426109,0.31364024761604187,0.033397600519245126,-1.1368683772161603e-13
18.100000000000122,2.3376609337538876,0.3146936117725496,0.033676512641466504,-2.2737367544323206e-13
18.150000000000123,2.339759104852474,0.315745012379263,0.03395631849630877,-1.1368683772161603e-13
18.200000000000124,2.3418492116357,0.3167944464896167,0.034237011966119696,-1.1368683772161603e-13
18.250000000000124,2.3439312927681875,0.3178419112566396,0.03451858692571402,-1.1368683772161603e-13
18.300000000000125,2.346005386667536,0.31888740393162895,0.03480103724290648,-2.2737367544323206e-13
18.350000000000126,2.3480715315064815,0.31993092186284056,0.0350843567790381,-1.1368683772161603e-13
18.400000000000126,2.35012976521503,0.3209724624941937,0.03536853938949597,0.0
18.450000000000127,2.35218012548257,0.32201202336399215,0.03565357892422632,-2.2737367544323206e-13
18.500000000000128,2.3542226497599574,0.3230496021036597,0.03593946922824115,-2.2737367544323206e-13
18.55000000000013,2.35625737526158,0.32408519643649114,0.0362262041421183,-1.1368683772161603e-13
18.60000000000013,2.358284338967394,0.3251188041764177,0.03651377750249507,-1.1368683772161603e-13
18.65000000000013,2.3603035776249426,0.32615042322678733,0.03680218314255541,-1.1368683772161603e-13
18.70000000000013,2.3623151277513474,0.3271800515791594,0.03709141489251069,0.0
18.75000000000013,2.3643190256352806,0.3282076873121137,0.037381466580074185,-2.2737367544323206e-13
18.800000000000132,2.3663153073389136,0.3292333285900735,0.03767233203092916,1.1368683772161603e-13
18.850000000000133,2.3683040086998424,0.33025697366214296,0.03796400506919074,1.1368683772161603e-13
18.900000000000134,2.370285165332995,0.331278620860958,0.03825647951786156,1.1368683772161603e-13
18.950000000000134,2.3722588126325137,0.332298268601551,0.038549749199281204,-1.1368683772161603e-13
19.000000000000135,2.37422498577362,0.33331591538022903,0.038843807935569456,0.0
19.050000000000136,2.3761837197144553,0.3343315597734656,0.03913864954906354,-1.1368683772161603e-13
19.100000000000136,2.3781350491979043,0.3353452004368054,0.039434267862749235,0.0
19.150000000000137,2.3800790087533965,0.3363568361037821,0.03973065670068597,0.0
19.200000000000138,2.382015632698688,0.3373664655848495,0.04002780988842598,0.0
19.25000000000014,2.3839449551416254,0.33837408776632516,0.04032572125342751,1.1368683772161603e-13
19.30000000000014,2.3858670099818875,0.3393797016093465,0.04062438462546212,2.2737367544323206e-13
19.35000000000014,2.387781830912711,0.34038330614883977,0.040923793837016165,1.1368683772161603e-13
19.40000000000014,2.3896894514225955,0.3413849004925011,0.041223942723686485,0.0
19.45000000000014,2.391589904796991,0.34238448381979003,0.04152482512457031,0.0
19.500000000000142,2.393483224119965,0.3433820553809349,0.04182643488264948,1.1368683772161603e-13
19.550000000000143,2.395369442275856,0.3443776144959503,0.042128765845169,0.0
19.600000000000144,2.3972485919509046,0.34537116055366607,0.04243181186400999,0.0
19.650000000000144,2.3991207056348687,0.3463626930107686,0.04273556679605699,2.2737367544323206e-13
19.700000000000145,2.4009858156226227,0.34735221139085287,0.04304002450355983,1.1368683772161603e-13
19.750000000000146,2.4028439540157382,0.3483397152834865,0.043345178854489984,2.2737367544323206e-13
19.800000000000146,2.404695152724048,0.3493252043432848,0.043651023722891466,2.2737367544323206e-13
19.850000000000147,2.4065394434671936,0.35030867828899703,0.043957552989226344,2.2737367544323206e-13
19.900000000000148,2.408376857776157,0.3512901369026037,0.044264760540714945,4.547473508864641e-13
19.95000000000015,2.410207426994774,0.3522695800284246,0.0445726402716707,4.547473508864641e-13
20.00000000000015,2.4120311822812353,0.3532470075722381,0.04488118608382979,3.410605131648481e-13
20.05000000000015,2.413848154609568,0.3542224195004102,0.045190391886675556,4.547473508864641e-13
20.10000000000015,2.415658374771104,0.3551958158390352,0.045500251597757765,5.684341886080801e-13
20.15000000000015,2.4174618733759323,0.35616719667308583,0.045810759143006745,3.410605131648481e-13
20.200000000000152,2.4192586808543357,0.35713656214557415,0.046121908457042456,4.547473508864641e-13
20.250000000000153,2.4210488274582125,0.3581039124567225,0.04643369348347855,4.547473508864641e-13
20.300000000000153,2.4228323432624848,0.3590692478631446,0.04674610817522142,4.547473508864641e-13
20.350000000000154,2.4246092581664906,0.36003256867703626,0.0470591464947644,3.410605131648481e-13
20.400000000000155,2.426379601895362,0.36099387526537635,0.04737280241447696,5.684341886080801e-13
20.450000000000156,2.4281434040013896,0.3619531680491371,0.047687069916889153,5.684341886080801e-13
20.500000000000156,2.429900693865372,0.3629104475025041,0.04800194299497126,5.684341886080801e-13
20.550000000000157,2.4316515006979538,0.36386571415210617,0.04831741565240861,5.684341886080801e-13
20.600000000000158,2.433395853540945,0.3648189685762536,0.04863348190387183,2.2737367544323206e-13
20.65000000000016,2.4351337812686333,0.365770211404187,0.04895013577528231,4.547473508864641e-13
20.70000000000016,2.436865312589077,0.36671944331533385,0.049267371304073125,4.547473508864641e-13
20.75000000000016,2.438590476045389,0.3676666650385756,0.04958518253944538,4.547473508864641e-13
20.80000000000016,2.4403093000170064,0.3686118773515224,0.04990356354262004,3.410605131648481e-13
20.85000000000016,2.4420218127209465,0.36955508107979745,0.05022250838708523,4.547473508864641e-13
20.900000000000162,2.443728042213051,0.37049627709632976,0.05054201115883922,4.547473508864641e-13
20.950000000000163,2.4454280163892177,0.37143546632065566,0.05086206595662888,4.547473508864641e-13
21.000000000000163,2.447121762986619,0.37237264971822887,0.051182666892183905,4.547473508864641e-13
21.050000000000164,2.448809309584909,0.3733078282997388,0.0515038080904467,4.547473508864641e-13
21.100000000000165,2.45049068360742,0.37424100312043757,0.05182548368979798,4.547473508864641e-13
21.150000000000166,2.4521659123223416,0.37517217527947483,0.05214768784227824,4.547473508864641e-13
21.200000000000166,2.453835022843896,0.37610134591924094,0.05247041471380497,3.410605131648481e-13
21.250000000000167,2.4554980421334944,0.3770285162247182,0.05279365848438582,3.410605131648481e-13
21.300000000000168,2.4571549970008872,0.3779536874228401,0.05311741334832765,5.684341886080801e-13
21.35000000000017,2.4588059141052994,0.3788768607818581,0.05344167351444151,4.547473508864641e-13
21.40000000000017,2.4604508199565567,0.37979803761071673,0.053766433206243754,4.547473508864641e-13
21.45000000000017,2.4620897409162,0.38071721925843577,0.05409168666215304,4.547473508864641e-13
21.50000000000017,2.4637227031985893,0.3816344071135004,0.05441742813568354,4.547473508864641e-13
21.55000000000017,2.465349732871995,0.3825496026032587,0.05474365189563423,5.684341886080801e-13
21.600000000000172,2.4669708558596812,0.38346280719332676,0.055070352226274405,6.821210263296962e-13
21.650000000000173,2.468586097940978,0.3843740223870007,0.05539752342752535,5.684341886080801e-13
21.700000000000173,2.4701954847523413,0.38528324972467637,0.05572515981513833,5.684341886080801e-13
21.750000000000174,2.4717990417884033,0.38619049078327594,0.05605325572086883,5.684341886080801e-13
21.800000000000175,2.473396794403015,0.38709574717568157,0.05638180549264723,5.684341886080801e-13
21.850000000000176,2.4749887678102764,0.38799902055017627,0.056710803494745714,5.684341886080801e-13
21.900000000000176,2.476574987085556,0.38890031258989133,0.05704024410794177,7.958078640513122e-13
21.950000000000177,2.478155477166503,0.3897996250122609,0.05737012172967806,6.821210263296962e-13
22.000000000000178,2.4797302628540483,0.39069695956848316,0.057700430774218776,5.684341886080801e-13
22.05000000000018,2.481299368813397,0.391592318042988,0.058031165672802656,7.958078640513122e-13
22.10000000000018,2.4828628195750095,0.39248570225291163,0.05836232087379246,5.684341886080801e-13
22.15000000000018,2.484420639535575,0.3933771140475774,0.05869389084282113,6.821210263296962e-13
22.20000000000018,2.485972852958975,0.39426655530798327,0.059025870062934645,6.821210263296962e-13
22.25000000000018,2.487519483977239,0.3951540279462953,0.05935825303473151,5.684341886080801e-13
22.300000000000182,2.4890605565914896,0.39603953390534785,0.05969103427649904,7.958078640513122e-13
22.350000000000183,2.490596094672878,0.39692307515814973,0.06002420832434642,7.958078640513122e-13
22.400000000000183,2.492126121963514,0.3978046537073964,0.06035776973233454,7.958078640513122e-13
22.450000000000184,2.493650662077383,0.3986842715849886,0.060691713072602745,6.821210263296962e-13
22.500000000000185,2.495169738501259,0.3995619308515564,0.06102603293549247,7.958078640513122e-13
22.550000000000185,2.496683374595605,0.4004376335959898,0.06136072392966775,7.958078640513122e-13
22.600000000000186,2.4981915935954677,0.40131138193497456,0.06169578068223278,6.821210263296962e-13
22.650000000000187,2.4996944186113623,0.40218317801253445,0.062031197838846426,6.821210263296962e-13
22.700000000000188,2.50119187263015,0.4030530239995786,0.06236697006383379,9.094947017729282e-13
22.75000000000019,2.502683978515907,0.40392092209345487,0.0627030920402949,7.958078640513122e-13
22.80000000000019,2.504170759010787,0.40478687451750867,0.06303955847021038,9.094947017729282e-13
22.85000000000019,2.5056522367358713,0.4056508835206473,0.06337636407454449,7.958078640513122e-13
22.90000000000019,2.507128434192018,0.4065129513769099,0.06371350359334513,6.821210263296962e-13
22.95000000000019,2.5085993737606964,0.4073730803850423,0.06405097178584121,5.684341886080801e-13
23.000000000000192,2.5100650777048186,0.4082312728680777,0.0643887634305372,7.958078640513122e-13
23.050000000000193,2.5115255681695614,0.40908753117292257,0.06472687332530502,6.821210263296962e-13
23.100000000000193,2.512980867183182,0.4099418576699473,0.06506529628747322,7.958078640513122e-13
23.150000000000194,2.5144309966578238,0.41079425475258236,0.06540402715391351,6.821210263296962e-13
23.200000000000195,2.515875978390319,0.4116447248369195,0.06574306078112477,7.958078640513122e-13
23.250000000000195,2.5173158340629795,0.4124932703613178,0.06608239204531435,5.684341886080801e-13
23.300000000000196,2.518750585244384,0.41333989378601477,0.06642201584247694,5.684341886080801e-13
23.350000000000197,2.520180253390156,0.4141845975927424,0.06676192708847085,7.958078640513122e-13
23.400000000000198,2.5216048598437353,0.4150273842843479,0.06710212071909191,6.821210263296962e-13
23.4500000000002,2.5230244258371446,0.41586825638441915,0.06744259169014483,5.684341886080801e-13
23.5000000000002,2.5244389724917458,0.41670721643691544,0.0677833349775122,6.821210263296962e-13
23.5500000000002,2.5258485208189914,0.4175442670058019,0.0681243455772211,6.821210263296962e-13
23.6000000000002,2.52725309172117,0.41837941067468937,0.06846561850550735,6.821210263296962e-13
23.6500000000002,2.5286527059921444,0.4192126500464785,0.06880714879887752,7.958078640513122e-13
23.700000000000202,2.530047384318081,0.4200439877430083,0.06914893151416848,6.821210263296962e-13
23.750000000000203,2.531437147278177,0.4208734264047092,0.06949096172860492,7.958078640513122e-13
23.800000000000203,2.532822015345379,0.42170096869026064,0.06983323453985442,9.094947017729282e-13
23.850000000000204,2.534202008887093,0.4225266172762526,0.07017574506608053,6.821210263296962e-13
23.900000000000205,2.535577148165893,0.42335037485685206,0.07051848844599352,6.821210263296962e-13
23.950000000000205,2.5369474533402188,0.4241722441434728,0.0708614598388991,5.684341886080801e-13
24.000000000000206,2.538312944465072,0.4249922278644505,0.07120465442474501,5.684341886080801e-13
24.050000000000207,2.5396736414927013,0.42581032876472086,0.07154806740416544,7.958078640513122e-13
24.100000000000207,2.5410295642732854,0.4266265496055026,0.0718916939985236,5.684341886080801e-13
24.150000000000208,2.542380732555609,0.42744089316398426,0.07223552944995205,5.684341886080801e-13
24.20000000000021,2.543727165987732,0.4282533622330147,0.07257956902139119,6.821210263296962e-13
24.25000000000021,2.545068884117654,0.429063959620798,0.0729238079966257,6.821210263296962e-13
24.30000000000021,2.546405906393973,0.4298726881505921,0.07326824168031912,7.958078640513122e-13
24.35000000000021,2.547738252166537,0.43067955066041097,0.07361286539804644,6.821210263296962e-13
24.40000000000021,2.5490659406870924,0.4314845500027311,0.07395767449632487,6.821210263296962e-13
24.450000000000212,2.5503889911099256,0.4322876890442015,0.07430266434264271,6.821210263296962e-13
24.500000000000213,2.551707422492498,0.4330889706653572,0.07464783032548641,9.094947017729282e-13
24.550000000000214,2.5530212537960773,0.4338883977603368,0.07499316785436586,9.094947017729282e-13
24.600000000000215,2.5543305038863635,0.4346859732366034,0.0753386723598378,9.094947017729282e-13
24.650000000000215,2.555635191534108,0.43548170001466935,0.07568433929352764,9.094947017729282e-13
24.700000000000216,2.5569353354157274,0.43627558102782404,0.07603016412814942,9.094947017729282e-13
24.750000000000217,2.558230954113916,0.4370676192218659,0.07637614235752409,9.094947017729282e-13
24.800000000000217,2.5595220661182467,0.43785781755483716,0.07672226949659616,1.1368683772161603e-12
24.850000000000218,2.5608086898257736,0.43864617899676256,0.07706854108144871,9.094947017729282e-13
24.90000000000022,2.562090843541624,0.43943270652939104,0.0774149526693167,1.1368683772161603e-12
24.95000000000022,2.5633685454795883,0.44021740314594104,0.07776149983859869,1.1368683772161603e-12
25.00000000000022,2.5646418137627047,0.44100027185084895,0.07810817818886712,1.1368683772161603e-12
25.05000000000022,2.5659106664238385,0.4417813156595208,0.0784549833408768,1.1368683772161603e-12
25.10000000000022,2.5671751214062564,0.4425605375980873,0.07880191093657211,1.1368683772161603e-12
25.150000000000222,2.5684351965641974,0.44333794070316185,0.07914895663909248,1.1368683772161603e-12
25.200000000000223,2.569690909663437,0.44411352802160187,0.07949611613277655,1.1368683772161603e-12
25.250000000000224,2.570942278381848,0.4448873026102732,0.07984338512316477,1.3642420526593924e-12
25.300000000000225,2.5721893203099553,0.4456592675358174,0.08019075933700064,1.1368683772161603e-12
25.350000000000225,2.5734320529514902,0.44642942587442236,0.08053823452223038,1.3642420526593924e-12
25.400000000000226,2.574670493723934,0.44719778071159544,0.08088580644800146,1.1368683772161603e-12
25.450000000000227,2.575904659959061,0.44796433514194023,0.08123347090465946,1.3642420526593924e-12
25.500000000000227,2.5771345689034777,0.4487290922689356,0.08158122370374382,1.3642420526593924e-12
25.550000000000228,2.5783602377191546,0.44949205520471797,0.08192906067798213,1.3642420526593924e-12
25.60000000000023,2.5795816834839562,0.45025322706986637,0.08227697768128314,1.3642420526593924e-12
25.65000000000023,2.580798923192166,0.45101261099319023,0.08262497058872852,1.3642420526593924e-12
25.70000000000023,2.582011973755005,0.45177021011152,0.08297303529656325,1.3642420526593924e-12
25.75000000000023,2.5832208520011513,0.4525260275695007,0.08332116772218491,1.3642420526593924e-12
25.80000000000023,2.5844255746772484,0.4532800665193878,0.0836693638041316,1.3642420526593924e-12
25.850000000000232,2.585626158448417,0.454032330120846,0.08401761950206876,1.3642420526593924e-12
25.900000000000233,2.5868226198987565,0.45478282154075084,0.08436593079677472,1.3642420526593924e-12
25.950000000000234,2.5880149755318445,0.45553154395299256,0.08471429369012513,1.3642420526593924e-12
26.000000000000234,2.589203241771235,0.45627850053828284,0.08506270420507624,1.3642420526593924e-12
26.050000000000235,2.5903874349609475,0.45702369448396385,0.085411158385647,1.3642420526593924e-12
26.100000000000236,2.591567571365957,0.4577671289838201,0.08575965229690016,1.1368683772161603e-12
26.150000000000237,2.5927436671726776,0.4585088072378925,0.08610818202492215,1.3642420526593924e-12
26.200000000000237,2.5939157384894416,0.45924873245229514,0.08645674367680192,1.3642420526593924e-12
26.250000000000238,2.595083801346977,0.45998690783903423,0.0868053333806088,1.3642420526593924e-12
26.30000000000024,2.5962478716988806,0.46072333661582976,0.08715394728536925,1.3642420526593924e-12
26.35000000000024,2.597407965422085,0.4614580220059393,0.08750258156104256,1.3642420526593924e-12
26.40000000000024,2.598564098317325,0.46219096723798414,0.08785123239849564,1.3642420526593924e-12
26.45000000000024,2.5997162861096,0.462922175545778,0.08819989600947677,1.5916157281026244e-12
26.50000000000024,2.6008645444486302,0.4636516501681578,0.08854856862658837,1.3642420526593924e-12
26.550000000000242,2.602008888909312,0.4643793943488165,0.08889724650325888,1.5916157281026244e-12
26.600000000000243,2.603149334992168,0.46510541133613875,0.08924592591371358,1.5916157281026244e-12
26.650000000000244,2.6042858981237953,0.46582970438303845,0.08959460315294467,1.5916157281026244e-12
26.700000000000244,2.605418593657308,0.46655227674679806,0.08994327453668027,1.3642420526593924e-12
26.750000000000245,2.6065474368727792,0.46727313168891094,0.0902919364013527,1.3642420526593924e-12
26.800000000000246,2.607672442977676,0.4679922724749251,0.09064058510406572,1.3642420526593924e-12
26.850000000000247,2.6087936271072936,0.46870970237428927,0.09098921702256106,1.5916157281026244e-12
26.900000000000247,2.6099110043251867,0.46942542466020126,0.09133782855518405,1.3642420526593924e-12
26.950000000000248,2.6110245896235953,0.470139442609458,0.09168641612084842,1.3642420526593924e-12
27.00000000000025,2.612134397923868,0.470851759502308,0.09203497615900032,1.3642420526593924e-12
27.05000000000025,2.6132404440768826,0.4715623786223055,0.0923835051295815,1.3642420526593924e-12
27.10000000000025,2.614342742863464,0.4722713032561666,0.0927319995129918,1.1368683772161603e-12
27.15000000000025,2.6154413089947965,0.4729785366936278,0.09308045581005078,1.1368683772161603e-12
27.20000000000025,2.616536157112837,0.47368408222730585,0.09342887054195867,1.3642420526593924e-12
27.250000000000252,2.6176273017907192,0.4743879431525598,0.09377724025025652,1.1368683772161603e-12
27.300000000000253,2.6187147575331617,0.475090122767355,0.09412556149678573,1.1368683772161603e-12
27.350000000000254,2.6197985387768665,0.47579062437212916,0.0944738308636468,1.1368683772161603e-12
27.400000000000254,2.62087865989092,0.47648945126965936,0.09482204495315734,1.1368683772161603e-12
27.450000000000255,2.6219551351771857,0.477186606764932,0.09517020038780954,9.094947017729282e-13
27.500000000000256,2.6230279788706996,0.47788209416501404,0.09551829381022689,1.1368683772161603e-12
27.550000000000257,2.624097205140057,0.4785759167789256,0.09586632188312022,9.094947017729282e-13
27.600000000000257,2.6251628280878005,0.4792680779175152,0.09621428128924316,1.1368683772161603e-12
27.650000000000258,2.626224861750804,0.479958580893336,0.09656216873134696,1.1368683772161603e-12
27.70000000000026,2.6272833201006525,0.48064742902052404,0.0969099809321347,1.3642420526593924e-12
27.75000000000026,2.6283382170440195,0.4813346256146782,0.09725771463421486,1.1368683772161603e-12
27.80000000000026,2.6293895664230442,0.48202017399274183,0.09760536660005437,1.1368683772161603e-12
27.85000000000026,2.6304373820157028,0.48270407747288574,0.097952933611931,1.1368683772161603e-12
27.90000000000026,2.631481677536177,0.4833863393743933,0.0983004124718853,1.1368683772161603e-12
27.950000000000262,2.6325224666352223,0.4840669630175467,0.09864780000167188,1.1368683772161603e-12
28.000000000000263,2.6335597629005316,0.4847459517235151,0.09899509304271019,1.1368683772161603e-12
28.050000000000264,2.634593579857097,0.48542330881424417,0.09934228845603482,1.1368683772161603e-12
28.100000000000264,2.635623930967568,0.48609903761234735,0.09968938312224519,1.1368683772161603e-12
28.150000000000265,2.6366508296326088,0.4867731414409985,0.10003637394145484,1.1368683772161603e-12
28.200000000000266,2.6376742891912492,0.487445623623826,0.10038325783324013,1.3642420526593924e-12
28.250000000000266,2.6386943229212387,0.4881164874848086,0.10073003173658854,1.3642420526593924e-12
28.300000000000267,2.6397109440393933,0.4887857363481727,0.10107669260984642,1.3642420526593924e-12
28.350000000000268,2.640724165701942,0.4894533735382905,0.10142323743066635,1.1368683772161603e-12
28.40000000000027,2.641734001004869,0.4901194023795806,0.10176966319595401,1.1368683772161603e-12
28.45000000000027,2.6427404629842557,0.4907838261964094,0.10211596692181464,1.1368683772161603e-12
28.50000000000027,2.643743564616619,0.49144664831299373,0.10246214564349902,1.1368683772161603e-12
28.55000000000027,2.644743318819246,0.49210787205330536,0.10280819641534909,1.1368683772161603e-12
28.60000000000027,2.6457397384505295,0.4927675007409767,0.10315411631074316,1.1368683772161603e-12
28.650000000000272,2.6467328363102975,0.49342553769920766,0.10349990242204063,1.1368683772161603e-12
28.700000000000273,2.6477226251401427,0.4940819862506742,0.10384555186052646,1.1368683772161603e-12
28.750000000000274,2.648709117623748,0.49473684971743775,0.10419106175635516,1.3642420526593924e-12
28.800000000000274,2.649692326387212,0.49539013142085647,0.10453642925849443,1.1368683772161603e-12
28.850000000000275,2.6506722639993696,0.4960418346814973,0.1048816515346685,1.1368683772161603e-12
28.900000000000276,2.6516489429721117,0.49669196281904965,0.105226725771301,1.3642420526593924e-12
28.950000000000276,2.652622375760702,0.49734051915224015,0.10557164917345765,1.1368683772161603e-12
29.000000000000277,2.6535925747640934,0.4979875069987488,0.10591641896478847,1.3642420526593924e-12
29.050000000000278,2.654559552325238,0.4986329296751259,0.10626103238746973,1.3642420526593924e-12
29.10000000000028,2.6555233207313997,0.4992767904967111,0.10660548670214563,1.1368683772161603e-12
29.15000000000028,2.6564838922144625,0.49991909277755253,0.10694977918786958,1.1368683772161603e-12
29.20000000000028,2.6574412789512354,0.500559839830328,0.10729390714204524,1.1368683772161603e-12
29.25000000000028,2.658395493063756,0.501199034966267,0.1076378678803673,1.1368683772161603e-12
29.30000000000028,2.6593465466195947,0.5018366814950739,0.10798165873676191,9.094947017729282e-13
29.350000000000282,2.6602944516321516,0.5024727827248519,0.10832527706332687,9.094947017729282e-13
29.400000000000283,2.661239220060956,0.503107341962029,0.10866872023027158,9.094947017729282e-13
29.450000000000284,2.6621808638119604,0.5037403625112845,0.10901198562585669,6.821210263296962e-13
29.500000000000284,2.6631193947378358,0.5043718476754764,0.10935507065633357,9.094947017729282e-13
29.550000000000285,2.6640548246382614,0.5050018007555702,0.10969797274588344,9.094947017729282e-13
29.600000000000286,2.664987165260215,0.505630225050569,0.11004068933655638,9.094947017729282e-13
29.650000000000286,2.665916428298259,0.506257123857444,0.11038321788821003,9.094947017729282e-13
29.700000000000287,2.666842625394828,0.5068825004710669,0.11072555587844808,9.094947017729282e-13
29.750000000000288,2.66776576814051,0.507506358184142,0.11106770080255866,6.821210263296962e-13
29.80000000000029,2.6686858680743297,0.5081287002871414,0.11140965017345236,4.547473508864641e-13
29.85000000000029,2.669602936684027,0.508749530068239,0.11175140152160017,6.821210263296962e-13
29.90000000000029,2.6705169854063344,0.5093688508132467,0.11209295239497118,9.094947017729282e-13
29.95000000000029,2.671428025627253,0.5099866658055516,0.11243430035897016,9.094947017729282e-13
30.00000000000029,2.672336068682327,0.510602978326054,0.11277544299637492,9.094947017729282e-13
30.050000000000292,2.673241125856914,0.5112177916531055,0.11311637790727344,9.094947017729282e-13
30.100000000000293,2.6741432083864582,0.5118311090624501,0.11345710270900101,6.821210263296962e-13
30.150000000000293,2.675042327456754,0.5124429338271639,0.11379761503607705,6.821210263296962e-13
30.200000000000294,2.675938494204217,0.5130532692175971,0.11413791254014183,4.547473508864641e-13
30.250000000000295,2.6768317197161453,0.5136621185013169,0.11447799288989313,6.821210263296962e-13
30.300000000000296,2.677722015030985,0.5142694849430507,0.11481785377102265,6.821210263296962e-13
30.350000000000296,2.678609391138589,0.5148753718046305,0.11515749288615236,6.821210263296962e-13
30.400000000000297,2.6794938589804773,0.5154797823449383,0.1154969079547707,6.821210263296962e-13
30.450000000000298,2.680375429450095,0.5160827198198521,0.1158360967131687,9.094947017729282e-13
30.5000000000003,2.6812541133930674,0.516684187482193,0.11617505691437592,9.094947017729282e-13
30.5500000000003,2.6821299216074546,0.5172841885816731,0.11651378632809636,9.094947017729282e-13
30.6000000000003,2.6830028648440027,0.517882726364844,0.11685228274064423,6.821210263296962e-13
30.6500000000003,2.683872953806397,0.5184798040750462,0.11719054395487961,6.821210263296962e-13
30.7000000000003,2.6847401991515087,0.5190754249523599,0.1175285677901441,4.547473508864641e-13
30.750000000000302,2.6856046114896435,0.5196695922335556,0.1178663520821963,6.821210263296962e-13
30.800000000000303,2.6864662013847864,0.5202623091520463,0.11820389468314725,6.821210263296962e-13
30.850000000000303,2.687324979354847,0.52085357893784,0.1185411934613958,6.821210263296962e-13
30.900000000000304,2.6881809558719008,0.5214434048174934,0.11887824630156393,6.821210263296962e-13
30.950000000000305,2.689034141362432,0.5220317900140659,0.11921505110443195,9.094947017729282e-13
31.000000000000306,2.6898845462075704,0.5226187377470747,0.11955160578687372,9.094947017729282e-13
31.050000000000306,2.690732180743331,0.5232042512324506,0.11988790828179179,1.1368683772161603e-12
31.100000000000307,2.6915770552608493,0.5237883336824944,0.12022395653805241,9.094947017729282e-13
31.150000000000308,2.6924191800066164,0.5243709883058341,0.1205597485204207,9.094947017729282e-13
31.20000000000031,2.693258565182711,0.5249522183073827,0.12089528220949555,9.094947017729282e-13
31.25000000000031,2.6940952209470326,0.5255320268882971,0.12123055560164465,6.821210263296962e-13
31.30000000000031,2.6949291574135303,0.5261104172459374,0.12156556670893945,6.821210263296962e-13
31.35000000000031,2.6957603846524325,0.5266873925738265,0.12190031355909003,9.094947017729282e-13
31.40000000000031,2.6965889126904723,0.5272629560616111,0.12223479419538011,9.094947017729282e-13
31.450000000000312,2.697414751511115,0.5278371108950233,0.12256900667660182,9.094947017729282e-13
31.500000000000313,2.6982379110547807,0.5284098602558422,0.1229029490769907,9.094947017729282e-13
31.550000000000313,2.699058401219068,0.5289812073218572,0.12323661948616053,6.821210263296962e-13
31.600000000000314,2.6998762318589753,0.5295511552668304,0.1235700160090382,9.094947017729282e-13
31.650000000000315,2.700691412787119,0.5301197072604614,0.12390313676579864,1.1368683772161603e-12
31.700000000000315,2.7015039537739542,0.5306868664683518,0.12423597989179966,9.094947017729282e-13
31.750000000000316,2.7023138645479903,0.5312526360519703,0.1245685435375169,9.094947017729282e-13
31.800000000000317,2.703121154796007,0.5318170191686182,0.12490082586847871,9.094947017729282e-13
31.850000000000318,2.703925834163268,0.5323800189713969,0.12523282506520114,9.094947017729282e-13
31.90000000000032,2.7047279122537353,0.5329416386091737,0.12556453932312284,6.821210263296962e-13
31.95000000000032,2.705527398630279,0.5335018812265504,0.1258959668525401,6.821210263296962e-13
32.00000000000032,2.7063243028148887,0.5340607499638312,0.12622710587854183,6.821210263296962e-13
32.05000000000032,2.7071186342888813,0.5346182479569918,0.12655795464094466,6.821210263296962e-13
32.100000000000314,2.7079104024931095,0.5351743783376481,0.126888511394228,6.821210263296962e-13
32.15000000000031,2.708699616828168,0.5357291442330273,0.12721877440746915,6.821210263296962e-13
32.20000000000031,2.7094862866545966,0.5362825487659372,0.1275487419642785,4.547473508864641e-13
32.250000000000306,2.7102704212930866,0.5368345950547382,0.12787841236273484,9.094947017729282e-13
32.3000000000003,2.7110520300246805,0.5373852862133145,0.12820778391532042,6.821210263296962e-13
32.3500000000003,2.7118311220909748,0.5379346253510464,0.1285368549488565,6.821210263296962e-13
32.4000000000003,2.7126077066943193,0.5384826155727829,0.12886562380443867,6.821210263296962e-13
32.450000000000294,2.713381792998015,0.5390292599788148,0.1291940888373722,9.094947017729282e-13
32.50000000000029,2.7141533901265116,0.5395745616648487,0.12952224841710774,6.821210263296962e-13
32.55000000000029,2.7149225071656047,0.5401185237219813,0.12985010092717675,9.094947017729282e-13
32.600000000000286,2.7156891531626286,0.5406611492366736,0.13017764476512717,6.821210263296962e-13
32.65000000000028,2.716453337126652,0.5412024412907267,0.13050487834245922,4.547473508864641e-13
32.70000000000028,2.717215068028669,0.5417424029612571,0.13083180008456113,6.821210263296962e-13
32.75000000000028,2.7179743548017905,0.5422810373206732,0.13115840843064508,6.821210263296962e-13
32.800000000000274,2.718731206341435,0.5428183474366521,0.13148470183368308,6.821210263296962e-13
32.85000000000027,2.7194856315055165,0.5433543363721163,0.13181067876034308,9.094947017729282e-13
32.90000000000027,2.7202376391146323,0.5438890071852116,0.13213633769092506,4.547473508864641e-13
32.950000000000266,2.7209872379522504,0.5444223629292853,0.13246167711929732,6.821210263296962e-13
33.00000000000026,2.7217344367648937,0.5449544066528644,0.13278669555283273,6.821210263296962e-13
33.05000000000026,2.722479244262325,0.545485141399635,0.13311139151234513,6.821210263296962e-13
33.10000000000026,2.7232216691177302,0.5460145702084214,0.13343576353202588,6.821210263296962e-13
33.150000000000254,2.7239617199678996,0.546542696113166,0.13375981015938046,6.821210263296962e-13
33.20000000000025,2.7246994054134093,0.5470695221429097,0.13408352995516515,6.821210263296962e-13
33.25000000000025,2.7254347340188008,0.5475950513217727,0.13440692149332387,6.821210263296962e-13
33.300000000000246,2.72616771431276,0.5481192866689353,0.13472998336092504,6.821210263296962e-13
33.35000000000024,2.7268983547882937,0.54864223119862,0.13505271415809875,6.821210263296962e-13
33.40000000000024,2.7276266639029076,0.5491638879200728,0.1353751124979737,4.547473508864641e-13
33.45000000000024,2.7283526500787807,0.5496842598375461,0.13569717700661466,6.821210263296962e-13
33.500000000000234,2.72907632170294,0.5502033499502812,0.13601890632295963,4.547473508864641e-13
33.55000000000023,2.7297976871274336,0.5507211612524916,0.1363402990987575,6.821210263296962e-13
33.60000000000023,2.730516754669503,0.5512376967333463,0.1366613539985056,6.821210263296962e-13
33.650000000000226,2.731233532611755,0.5517529593769542,0.13698206969938737,6.821210263296962e-13
33.70000000000022,2.7319480292023313,0.5522669521623478,0.13730244489121027,6.821210263296962e-13
33.75000000000022,2.7326602526550774,0.5527796780634682,0.13762247827634375,6.821210263296962e-13
33.80000000000022,2.733370211149711,0.5532911400491503,0.13794216856965735,9.094947017729282e-13
33.850000000000215,2.734077912831989,0.5538013410831079,0.13826151449845894,9.094947017729282e-13
33.90000000000021,2.7347833658138754,0.5543102841239197,0.13858051480243305,9.094947017729282e-13
33.95000000000021,2.735486578173703,0.5548179721250153,0.13889916823357942,6.821210263296962e-13
34.000000000000206,2.7361875579563404,0.5553244080346617,0.1392174735561516,9.094947017729282e-13
34.0500000000002,2.7368863131733545,0.5558295947959501,0.13953542954659576,6.821210263296962e-13
34.1000000000002,2.737582851803172,0.5563335353467832,0.13985303499348947,4.547473508864641e-13
34.1500000000002,2.7382771817912417,0.5568362326198625,0.14017028869748097,6.821210263296962e-13
34.200000000000195,2.7389693110501936,0.557337689542676,0.14048718947122812,6.821210263296962e-13
34.25000000000019,2.73965924746,0.5578379090374871,0.14080373613933791,6.821210263296962e-13
34.30000000000019,2.740346998868132,0.5583368940213218,0.14111992753830585,4.547473508864641e-13
34.350000000000186,2.7410325730897176,0.5588346474059588,0.14143576251645557,4.547473508864641e-13
34.40000000000018,2.7417159779077,0.5593311720979178,0.14175123993387867,6.821210263296962e-13
34.45000000000018,2.7423972210729897,0.5598264709984492,0.1420663586623746,2.2737367544323206e-13
34.50000000000018,2.7430763103046227,0.5603205470035236,0.1423811175853907,4.547473508864641e-13
34.550000000000175,2.7437532532899125,0.5608134030038224,0.14269551559796248,6.821210263296962e-13
34.60000000000017,2.7444280576846025,0.5613050418847273,0.1430095516066539,4.547473508864641e-13
34.65000000000017,2.74510073111302,0.5617954665263115,0.14332322452949797,4.547473508864641e-13
34.700000000000166,2.7457712811682264,0.5622846798033305,0.14363653329593745,4.547473508864641e-13
34.75000000000016,2.746439715412166,0.5627726845852131,0.14394947684676562,6.821210263296962e-13
34.80000000000016,2.7471060413758175,0.5632594837360532,0.14426205413406729,6.821210263296962e-13
34.85000000000016,2.7477702665593413,0.5637450801146012,0.14457426412116,6.821210263296962e-13
34.900000000000155,2.7484323984322274,0.5642294765742564,0.14488610578253536,6.821210263296962e-13
34.95000000000015,2.749092444433442,0.5647126759630587,0.14519757810380038,4.547473508864641e-13
35.00000000000015,2.7497504119715748,0.5651946811236821,0.14550868008161927,4.547473508864641e-13
35.050000000000146,2.750406308424982,0.5656754948934265,0.14581941072365515,4.547473508864641e-13
35.10000000000014,2.7510601411419313,0.5661551201042117,0.14612976904851208,6.821210263296962e-13
35.15000000000014,2.7517119174407463,0.56663355958257,0.1464397540856771,4.547473508864641e-13
35.20000000000014,2.752361644609948,0.5671108161496404,0.1467493648754627,6.821210263296962e-13
35.250000000000135,2.753009329908397,0.5675868926211621,0.14705860046894906,6.821210263296962e-13
35.30000000000013,2.7536549805654347,0.5680617918074687,0.14736745992792688,6.821210263296962e-13
35.35000000000013,2.754298603781022,0.5685355165134824,0.14767594232484008,4.547473508864641e-13
35.40000000000013,2.7549402067258812,0.569008069538709,0.1479840467427288,6.821210263296962e-13
35.450000000000124,2.7555797965416327,0.5694794536772321,0.14829177227517257,6.821210263296962e-13
35.50000000000012,2.7562173803409324,0.5699496717177086,0.14859911802623357,4.547473508864641e-13
35.55000000000012,2.756852965207611,0.5704187264433641,0.1489060831104002,6.821210263296962e-13
35.600000000000115,2.757486558196808,0.5708866206319879,0.1492126666525307,4.547473508864641e-13
35.65000000000011,2.7581181663351075,0.5713533570559292,0.14951886778779694,6.821210263296962e-13
35.70000000000011,2.758747796620674,0.5718189384820925,0.14982468566162854,9.094947017729282e-13
35.75000000000011,2.7593754560233847,0.5722833676719347,0.15013011942965698,6.821210263296962e-13
35.800000000000104,2.760001151484964,0.5727466473814604,0.15043516825766,6.821210263296962e-13
35.8500000000001,2.7606248899191157,0.5732087803612195,0.15073983132150615,4.547473508864641e-13
35.9000000000001,2.761246678211654,0.5736697693563032,0.1510441078070994,6.821210263296962e-13
35.950000000000095,2.7618665232206343,0.5741296171063414,0.15134799691032425,6.821210263296962e-13
36.00000000000009,2.7624844317764845,0.5745883263455,0.15165149783699058,6.821210263296962e-13
36.05000000000009,2.7631004106821333,0.5750458998024779,0.15195460980277914,9.094947017729282e-13
36.10000000000009,2.7637144667131395,0.5755023402005053,0.15225733203318673,9.094947017729282e-13
36.150000000000084,2.7643266066178196,0.5759576502573407,0.15255966376347202,9.094947017729282e-13
36.20000000000008,2.764936837117376,0.5764118326852696,0.1528616042386013,9.094947017729282e-13
36.25000000000008,2.765545164906022,0.5768648901911024,0.15316315271319433,9.094947017729282e-13
36.300000000000075,2.7661515966511097,0.5773168254761726,0.15346430845147074,6.821210263296962e-13
36.35000000000007,2.7667561389932525,0.5777676412363356,0.15376507072719617,6.821210263296962e-13
36.40000000000007,2.767358798546452,0.5782173401619676,0.15406543882362886,6.821210263296962e-13
36.45000000000007,2.7679595818982206,0.578665924937964,0.15436541203346643,6.821210263296962e-13
36.500000000000064,2.768558495609705,0.5791133982437391,0.1546649896587927,1.1368683772161603e-12
36.55000000000006,2.769155546215808,0.579559762753225,0.15496417101102472,6.821210263296962e-13
36.60000000000006,2.7697507402253114,0.580005021134871,0.15526295541086022,9.094947017729282e-13
36.650000000000055,2.770344084120995,0.5804491760516436,0.15556134218822484,6.821210263296962e-13
36.70000000000005,2.77093558435976,0.5808922301610259,0.1558593306822199,6.821210263296962e-13
36.75000000000005,2.7715252473727454,0.5813341861150176,0.15615692024107022,6.821210263296962e-13
36.80000000000005,2.7721130795654494,0.5817750465601356,0.15645411022207206,4.547473508864641e-13
36.850000000000044,2.772699087317847,0.5822148141374133,0.15675089999154132,6.821210263296962e-13
36.90000000000004,2.7732832769845075,0.5826534914824021,0.15704728892476197,6.821210263296962e-13
36.95000000000004,2.773865654894712,0.5830910812251712,0.15734327640593457,9.094947017729282e-13
37.000000000000036,2.7744462273525703,0.5835275859903086,0.15763886182812506,9.094947017729282e-13
37.05000000000003,2.775025000637136,0.5839630083969223,0.15793404459321364,9.094947017729282e-13
37.10000000000003,2.775601981002521,0.5843973510586407,0.15822882411184397,6.821210263296962e-13
37.15000000000003,2.776177174678012,0.5848306165836141,0.15852319980337243,6.821210263296962e-13
37.200000000000024,2.7767505878681837,0.5852628075745165,0.15881717109581764,6.821210263296962e-13
37.25000000000002,2.777322226753011,0.5856939266285462,0.15911073742581014,4.547473508864641e-13
37.30000000000002,2.777892097487982,0.586123976337428,0.15940389823854229,4.547473508864641e-13
37.350000000000016,2.7784602062042127,0.5865529592874145,0.15969665298771832,6.821210263296962e-13
37.40000000000001,2.7790265590085546,0.5869808780592886,0.1599890011355046,4.547473508864641e-13
37.45000000000001,2.779591161983708,0.587407735228365,0.16028094215248007,4.547473508864641e-13
37.50000000000001,2.7801540211883324,0.5878335333644926,0.16057247551758683,4.547473508864641e-13
37.550000000000004,2.7807151426571544,0.5882582750320566,0.16086360071808103,4.547473508864641e-13
37.6,2.7812745324010786,0.5886819627899812,0.1611543172494839,4.547473508864641e-13
37.65,2.7818321964072954,0.5891045991917316,0.1614446246155328,4.547473508864641e-13
37.699999999999996,2.7823881406393887,0.5895261867853173,0.16173452232813276,4.547473508864641e-13
37.74999999999999,2.7829423710374437,0.5899467281132945,0.162024009907308,4.547473508864641e-13
37.79999999999999,2.7834948935181534,0.590366225712769,0.1623130868811537,4.547473508864641e-13
37.84999999999999,2.784045713974925,0.5907846821153994,0.16260175278578792,4.547473508864641e-13
37.899999999999984,2.784594838277985,0.5912020998474001,0.1628900071653038,4.547473508864641e-13
37.94999999999998,2.785142272274485,0.5916184814295447,0.16317784957172182,4.547473508864641e-13
37.99999999999998,2.7856880217886064,0.592033829377169,0.16346527956494236,0.0
38.049999999999976,2.786232092621663,0.592448146200175,0.16375229671269845,-4.547473508864641e-13
38.09999999999997,2.7867744905522054,0.5928614344030343,0.16403890059050857,0.0
38.14999999999997,2.7873152213361236,0.5932736964847913,0.16432509078162982,-4.547473508864641e-13
38.19999999999997,2.78785429070675,0.593684934939068,0.16461086687701112,-4.547473508864641e-13
38.249999999999964,2.78839170437496,0.5940951522540671,0.16489622847524676,-4.547473508864641e-13
38.29999999999996,2.7889274680292737,0.594504350912576,0.16518117518252998,0.0
38.34999999999996,2.7894615873359565,0.5949125333919716,0.16546570661260682,0.0
38.399999999999956,2.78999406793912,0.5953197021642239,0.16574982238673017,0.0
38.44999999999995,2.7905249154608205,0.5957258596959006,0.166033522133614,0.0
38.49999999999995,2.791054135501158,0.5961310084481715,0.16631680548938768,-4.547473508864641e-13
38.54999999999995,2.791581733638377,0.5965351508768125,0.1665996720975507,-4.547473508864641e-13
38.599999999999945,2.7921077154289615,0.5969382894322113,0.1668821216089273,0.0
38.64999999999994,2.792632086407734,0.597340426559371,0.16716415368162157,-4.547473508864641e-13
38.69999999999994,2.793154852087953,0.5977415646979155,0.16744576798097252,0.0
38.749999999999936,2.7936760179614084,0.5981417062820942,0.16772696417950947,-4.547473508864641e-13
38.79999999999993,2.794195589498518,0.5985408537407869,0.1680077419569075,4.547473508864641e-13
38.84999999999993,2.7947135721484244,0.598939009497509,0.1682881009999433,-4.547473508864641e-13
38.89999999999993,2.795229971339087,0.5993361759704167,0.1685680410024509,0.0
38.949999999999925,2.7957447924773784,0.5997323555723117,0.1688475616652779,4.547473508864641e-13
38.99999999999992,2.7962580409491795,0.6001275507106475,0.1691266626962417,0.0
39.04999999999992,2.7967697221194703,0.6005217637875337,0.16940534381008587,4.547473508864641e-13
39.099999999999916,2.797279841332425,0.6009149971997423,0.16968360472843697,0.0
39.14999999999991,2.797788403911504,0.6013072533387126,0.1699614451797612,4.547473508864641e-13
39.19999999999991,2.7982954151595454,0.6016985345905574,0.17023886489932155,4.547473508864641e-13
39.24999999999991,2.7988008803588573,0.6020888433360685,0.17051586362913493,9.094947017729282e-13
39.299999999999905,2.799304804771309,0.6024781819507222,0.17079244111792957,0.0
39.3499999999999,2.799807193638421,0.6028665528046856,0.1710685971211026,4.547473508864641e-13
39.3999999999999,2.8003080521814554,0.6032539582628222,0.17134433140067776,0.0
39.449999999999896,2.8008073856015065,0.603640400684698,0.17161964372526342,4.547473508864641e-13
39.49999999999989,2.8013051990795885,0.6040258824245877,0.1718945338700106,4.547473508864641e-13
39.54999999999989,2.801801497776725,0.6044104058314804,0.1721690016165714,4.547473508864641e-13
39.59999999999989,2.802296286834038,0.6047939732490867,0.1724430467530573,9.094947017729282e-13
39.649999999999885,2.802789571372835,0.6051765870158438,0.17271666907399805,9.094947017729282e-13
39.69999999999988,2.8032813564946966,0.6055582494649226,0.17298986838030034,9.094947017729282e-13
39.74999999999988,2.8037716472815633,0.6059389629242343,0.17326264447920697,9.094947017729282e-13
39.799999999999876,2.804260448795822,0.6063187297164361,0.17353499718425594,9.094947017729282e-13
39.84999999999987,2.8047477660803932,0.6066975521589382,0.17380692631523995,9.094947017729282e-13
39.89999999999987,2.8052336041588153,0.6070754325639104,0.1740784316981659,9.094947017729282e-13
39.94999999999987,2.80571796803533,0.6074523732382887,0.1743495131652147,9.094947017729282e-13
39.999999999999865,2.8062008626949684,0.6078283764837819,0.1746201705547012,9.094947017729282e-13
40.04999999999986,2.806682293103633,0.6082034445968784,0.1748904037110343,4.547473508864641e-13
40.09999999999986,2.8071622642081833,0.6085775798688533,0.17516021248467722,4.547473508864641e-13
40.14999999999986,2.807640780936519,0.6089507845857749,0.17542959673210806,0.0
40.199999999999854,2.808117848197664,0.6093230610285117,0.17569855631578032,9.094947017729282e-13
40.24999999999985,2.8085934708818456,0.6096944114727398,0.17596709110408387,4.547473508864641e-13
40.29999999999985,2.809067653860582,0.6100648381889493,0.1762352009713059,0.0
40.349999999999845,2.8095404019867587,0.6104343434424518,0.17650288579759213,4.547473508864641e-13
40.39999999999984,2.8100117200947143,0.6108029294933877,0.17677014546890812,4.547473508864641e-13
40.44999999999984,2.8104816130003183,0.6111705985967328,0.1770369798770009,4.547473508864641e-13
40.49999999999984,2.810950085501054,0.6115373530023064,0.17730338891936062,0.0
40.549999999999834,2.8114171423760967,0.6119031949547775,0.17756937249918248,0.0
40.59999999999983,2.8118827883863955,0.6122681266936734,0.1778349305253288,4.547473508864641e-13
40.64999999999983,2.8123470282747505,0.6126321504533859,0.17810006291229127,4.547473508864641e-13
40.699999999999825,2.8128098667658934,0.6129952684631796,0.17836476958015338,4.547473508864641e-13
40.74999999999982,2.813271308566565,0.613357482947199,0.17862905045455296,4.547473508864641e-13
40.79999999999982,2.8137313583655943,0.6137187961244762,0.17889290546664505,4.547473508864641e-13
40.84999999999982,2.814190020833976,0.6140792102089381,0.17915633455306473,4.547473508864641e-13
40.899999999999814,2.8146473006249466,0.6144387274094143,0.17941933765589035,4.547473508864641e-13
40.94999999999981,2.815103202374064,0.6147973499296449,0.17968191472260675,4.547473508864641e-13
40.99999999999981,2.8155577306992807,0.6151550799682879,0.17994406570606872,4.547473508864641e-13
41.049999999999805,2.816010890201024,0.615511919718927,0.18020579056446467,0.0
41.0999999999998,2.8164626854622683,0.6158678713700797,0.18046708926128044,-4.547473508864641e-13
41.1499999999998,2.816913121048613,0.6162229371052044,0.1807279617652632,-4.547473508864641e-13
41.1999999999998,2.8173622015083555,0.6165771191027088,0.18098840805038574,-4.547473508864641e-13
41.249999999999794,2.817809931372568,0.6169304195359581,0.1812484280958106,-4.547473508864641e-13
41.29999999999979,2.8182563151551707,0.6172828405732816,0.18150802188585471,0.0
41.34999999999979,2.8187013573530058,0.6176343843779825,0.181767189409954,0.0
41.399999999999785,2.8191450624459113,0.6179850531083442,0.1820259306626282,0.0
41.44999999999978,2.819587434896794,0.6183348489176393,0.18228424564344586,4.547473508864641e-13
41.49999999999978,2.820028479151703,0.6186837739541375,0.1825421343569895,4.547473508864641e-13
41.54999999999978,2.8204681996399015,0.6190318303611134,0.1827995968128209,0.0
41.599999999999774,2.82090660077394,0.619379020276855,0.1830566330254467,4.547473508864641e-13
41.64999999999977,2.821343686949726,0.6197253458346715,0.18331324301428395,0.0
41.69999999999977,2.821779462546598,0.6200708091629018,0.183569426803626,4.547473508864641e-13
41.749999999999766,2.8222139319273953,0.6204154123849224,0.18382518442260848,4.547473508864641e-13
41.79999999999976,2.8226470994385284,0.6207591576191559,0.18408051590517538,4.547473508864641e-13
41.84999999999976,2.82307896941005,0.6211020469790792,0.18433542129004551,4.547473508864641e-13
41.89999999999976,2.823509546155725,0.6214440825732317,0.1845899006206789,9.094947017729282e-13
41.949999999999754,2.8239388339731004,0.6217852665052237,0.18484395394524344,9.094947017729282e-13
41.99999999999975,2.824366837143574,0.6221256008737448,0.18509758131658174,9.094947017729282e-13
42.04999999999975,2.824793559932464,0.6224650877725721,0.18535078279217806,9.094947017729282e-13
42.099999999999746,2.825219006589078,0.6228037292905789,0.1856035584341255,9.094947017729282e-13
42.14999999999974,2.8256431813467797,0.6231415275117428,0.18585590830909315,9.094947017729282e-13
42.19999999999974,2.826066088423059,0.6234784845151542,0.18610783248829382,9.094947017729282e-13
42.24999999999974,2.8264877320195985,0.6238146023750252,0.18635933104745137,9.094947017729282e-13
42.299999999999734,2.8269081163223406,0.6241498831606974,0.18661040406676863,9.094947017729282e-13
42.34999999999973,2.8273272455015563,0.6244843289366511,0.1868610516308954,9.094947017729282e-13
42.39999999999973,2.8277451237119093,0.6248179417625133,0.18711127382889636,4.547473508864641e-13
42.449999999999726,2.8281617550925247,0.6251507236930666,0.1873610707542195,9.094947017729282e-13
42.49999999999972,2.828577143767053,0.6254826767782576,0.18761044250466447,9.094947017729282e-13
42.54999999999972,2.828991293843738,0.6258138030632058,0.18785938918235107,1.3642420526593924e-12
42.59999999999972,2.8294042094154803,0.6261441045882116,0.18810791089368814,1.3642420526593924e-12
42.649999999999714,2.8298158945599035,0.6264735833887656,0.18835600774934233,9.094947017729282e-13
42.69999999999971,2.8302263533394183,0.6268022414955569,0.18860367986420712,9.094947017729282e-13
42.74999999999971,2.830635589801288,0.6271300809344819,0.1888509273573721,1.3642420526593924e-12
42.799999999999706,2.8310436079776906,0.6274571037266529,0.18909775035209228,9.094947017729282e-13
42.8499999999997,2.8314504118857857,0.627783311888407,0.18934414897575755,9.094947017729282e-13
42.8999999999997,2.8318560055277757,0.6281087074313145,0.18959012335986242,9.094947017729282e-13
42.9499999999997,2.832260392890969,0.6284332923621881,0.18983567363997578,4.547473508864641e-13
42.999999999999694,2.832663577947844,0.6287570686830912,0.19008079995571084,4.547473508864641e-13
43.04999999999969,2.8330655646561116,0.629080038391347,0.19032550245069532,9.094947017729282e-13
43.09999999999969,2.833466356958777,0.6294022034795469,0.19056978127254165,4.547473508864641e-13
43.149999999999686,2.8338659587842012,0.6297235659355599,0.19081363657281739,0.0
43.19999999999968,2.8342643740461644,0.6300441277425409,0.19105706850701587,0.0
43.24999999999968,2.834661606643926,0.6303638908789398,0.19130007723452683,4.547473508864641e-13
43.29999999999968,2.835057660462286,0.6306828573185101,0.1915426629186073,4.547473508864641e-13
43.349999999999675,2.8354525393716465,0.6310010290303181,0.19178482572635266,4.547473508864641e-13
43.39999999999967,2.835846247228071,0.6313184079787514,0.1920265658286678,0.0
43.44999999999967,2.8362387878733455,0.6316349961235279,0.1922678834002384,4.547473508864641e-13
43.499999999999666,2.836630165135039,0.631950795419705,0.19250877861950236,0.0
43.54999999999966,2.8370203828265614,0.6322658078176879,0.1927492516686215,0.0
43.59999999999966,2.8374094447472253,0.6325800352632391,0.1929893027334533,4.547473508864641e-13
43.64999999999966,2.8377973546823028,0.632893479697487,0.1932289320035227,0.0
43.699999999999655,2.838184116403085,0.6332061430569347,0.19346813967199428,4.547473508864641e-13
43.74999999999965,2.838569733666942,0.6335180272734693,0.19370692593564434,0.0
43.79999999999965,2.838954210217379,0.6338291342743706,0.19394529099483332,0.0
43.849999999999646,2.8393375497840956,0.6341394659823201,0.1941832350534782,0.0
43.89999999999964,2.8397197560830434,0.6344490243154098,0.19442075831902525,0.0
43.94999999999964,2.8401008328164834,0.6347578111871518,0.1946578610024226,0.0
43.99999999999964,2.840480783673042,0.6350658285064864,0.19489454331809333,0.0
44.049999999999635,2.84085961232777,0.6353730781777917,0.19513080548390843,0.0
44.09999999999963,2.841237322442197,0.6356795621008922,0.19536664772116002,0.0
44.14999999999963,2.84161391766439,0.6359852821710681,0.19560207025453463,0.0
44.199999999999626,2.8419894016290077,0.6362902402790641,0.19583707331208675,0.0
44.24999999999962,2.842363777957357,0.6365944383110986,0.19607165712521235,4.547473508864641e-13
44.29999999999962,2.842737050257448,0.6368978781488727,0.19630582192862275,0.0
44.34999999999962,2.843109222124051,0.6372005616695786,0.19653956796031838,4.547473508864641e-13
44.399999999999615,2.8434802971387487,0.6375024907459096,0.19677289546156287,0.0
44.44999999999961,2.8438502788699944,0.6378036672460684,0.19700580467685722,4.547473508864641e-13
44.49999999999961,2.8442191708731634,0.6381040930337765,0.19723829585391406,0.0
44.549999999999606,2.8445869766906093,0.6384037699682829,0.19747036924363212,4.547473508864641e-13
44.5999999999996,2.8449536998517164,0.6387026999043734,0.19770202510007084,0.0
44.6499999999996,2.8453193438729554,0.6390008846923798,0.197933263680425,0.0
44.6999999999996,2.8456839122579347,0.6392983261781884,0.19816408524499954,0.0
44.749999999999595,2.846047408497456,0.6395950262032494,0.19839449005718468,-4.547473508864641e-13
44.79999999999959,2.8464098360695647,0.6398909866045859,0.1986244783834309,-4.547473508864641e-13
44.84999999999959,2.846771198439605,0.6401862092148028,0.1988540504932242,-4.547473508864641e-13
44.89999999999959,2.8471314990602714,0.6404806958620962,0.19908320665906154,-9.094947017729282e-13
44.949999999999584,2.84749074137166,0.640774448370262,0.1993119471564263,-9.094947017729282e-13
44.99999999999958,2.8478489288013225,0.6410674685587051,0.19954027226376395,-9.094947017729282e-13
45.04999999999958,2.848206064764316,0.6413597582424486,0.19976818226245777,-4.547473508864641e-13
45.099999999999575,2.848562152663256,0.6416513192321428,0.1999956774368048,-9.094947017729282e-13
45.14999999999957,2.8489171958883674,0.6419421533340739,0.20022275807399184,-9.094947017729282e-13
45.19999999999957,2.8492711978175347,0.6422322623501736,0.20044942446407166,-4.547473508864641e-13
45.24999999999957,2.849624161816353,0.6425216480780277,0.2006756768999392,-9.094947017729282e-13
45.299999999999564,2.8499760912381804,0.6428103123108854,0.20090151567730813,-9.094947017729282e-13
45.34999999999956,2.8503269894241856,0.6430982568376681,0.20112694109468723,-9.094947017729282e-13
45.39999999999956,2.8506768597033996,0.6433854834429786,0.2013519534533572,-9.094947017729282e-13
45.449999999999555,2.851025705392765,0.6436719939071104,0.2015765530573474,-1.3642420526593924e-12
45.49999999999955,2.8513735297971867,0.643957790006056,0.20180074021341277,-1.3642420526593924e-12
45.54999999999955,2.8517203362095795,0.6442428735115168,0.2020245152310109,-9.094947017729282e-13
45.59999999999955,2.852066127910919,0.6445272461909113,0.20224787842227923,-1.8189894035458565e-12
45.649999999999544,2.852410908170289,0.644810909807385,0.20247083010201233,-1.3642420526593924e-12
45.69999999999954,2.8527546802449315,0.6450938661198186,0.20269337058763934,-1.3642420526593924e-12
45.74999999999954,2.853097447380295,0.6453761168828376,0.20291550019920146,-1.3642420526593924e-12
45.799999999999535,2.8534392128100823,0.645657663846821,0.20313721925932976,-1.8189894035458565e-12
45.84999999999953,2.853779979756298,0.6459385087579105,0.20335852809322283,-1.8189894035458565e-12
45.89999999999953,2.854119751429298,0.6462186533580194,0.2035794270286248,-1.8189894035458565e-12
45.94999999999953,2.854458531027836,0.6464980993848417,0.20379991639580336,-1.3642420526593924e-12
45.999999999999524,2.8547963217391104,0.6467768485718609,0.20401999652752786,-1.3642420526593924e-12
46.04999999999952,2.8551331267388123,0.6470549026483593,0.20423966775904773,-1.8189894035458565e-12
46.09999999999952,2.855468949191173,0.6473322633394267,0.20445893042807073,-1.8189894035458565e-12
46.149999999999515,2.8558037922490094,0.6476089323659696,0.20467778487474156,-1.8189894035458565e-12
46.19999999999951,2.856137659053771,0.6478849114447202,0.20489623144162053,-2.2737367544323206e-12
46.24999999999951,2.8564705527355865,0.6481602022882451,0.20511427047366224,-2.2737367544323206e-12
46.29999999999951,2.8568024764133098,0.6484348066049547,0.2053319023181945,-1.8189894035458565e-12
46.349999999999504,2.8571334331945653,0.6487087260991116,0.2055491273248974,-2.2737367544323206e-12
46.3999999999995,2.8574634261757947,0.6489819624708402,0.20576594584578228,-2.2737367544323206e-12
46.4499999999995,2.8577924584423013,0.6492545174161352,0.20598235823517103,-1.8189894035458565e-12
46.499999999999496,2.858120533068296,0.6495263926268706,0.2061983648496755,-2.2737367544323206e-12
46.54999999999949,2.8584476531169423,0.6497975897908091,0.20641396604817686,-1.8189894035458565e-12
46.59999999999949,2.8587738216404004,0.6500681105916104,0.20662916219180527,-1.8189894035458565e-12
46.64999999999949,2.8590990416798725,0.6503379567088404,0.20684395364391953,-2.2737367544323206e-12
46.699999999999484,2.8594233162656475,0.6506071298179803,0.20705834077008686,-2.2737367544323206e-12
46.74999999999948,2.8597466484171443,0.6508756315904352,0.20727232393806289,-2.2737367544323206e-12
46.79999999999948,2.8600690411429563,0.651143463693543,0.2074859035177716,-2.2737367544323206e-12
46.849999999999476,2.8603904974408962,0.651410627790584,0.20769907988128558,-2.2737367544323206e-12
46.89999999999947,2.8607110202980377,0.6516771255407888,0.2079118534028062,-2.2737367544323206e-12
46.94999999999947,2.86103061269076,0.6519429585993478,0.20812422445864406,-2.2737367544323206e-12
46.99999999999947,2.861349277584791,0.6522081286174198,0.20833619342719936,-2.2737367544323206e-12
47.049999999999464,2.861667017935251,0.6524726372421412,0.20854776068894262,-2.2737367544323206e-12
47.09999999999946,2.8619838366866936,0.6527364861166346,0.2087589266263953,-1.8189894035458565e-12
47.14999999999946,2.8622997367731506,0.6529996768800176,0.20896969162411064,-1.8189894035458565e-12
47.199999999999456,2.862614721118173,0.6532622111674118,0.20918005606865459,-1.8189894035458565e-12
47.24999999999945,2.862928792634873,0.6535240906099518,0.20939002034858684,-1.8189894035458565e-12
47.29999999999945,2.8632419542259675,0.6537853168347935,0.20959958485444194,-1.8189894035458565e-12
47.34999999999945,2.863554208783819,0.6540458914651234,0.20980874997871057,-1.8189894035458565e-12
47.399999999999444,2.8638655591904767,0.6543058161201674,0.2100175161158209,-2.2737367544323206e-12
47.44999999999944,2.8641760083177203,0.6545650924151993,0.21022588366212,-1.8189894035458565e-12
47.49999999999944,2.864485559027098,0.6548237219615499,0.2104338530158555,-1.8189894035458565e-12
47.549999999999436,2.864794214169971,0.6550817063666154,0.21064142457715715,-2.2737367544323206e-12
47.59999999999943,2.865101976587551,0.6553390472338667,0.21084859874801873,-2.2737367544323206e-12
47.64999999999943,2.865408849110944,0.6555957461628577,0.2110553759322798,-2.2737367544323206e-12
47.69999999999943,2.8657148345611896,0.6558518047492342,0.2112617565356078,-2.2737367544323206e-12
47.749999999999424,2.866019935749301,0.656107224584743,0.21146774096548013,-2.2737367544323206e-12
47.79999999999942,2.866324155476305,0.65636200725724,0.21167332963116622,-2.2737367544323206e-12
47.84999999999942,2.866627496533283,0.6566161543506994,0.21187852294371,-2.2737367544323206e-12
47.899999999999416,2.8669299617014117,0.6568696674452221,0.21208332131591226,-2.2737367544323206e-12
47.94999999999941,2.8672315537519997,0.6571225481170448,0.212287725162313,-1.8189894035458565e-12
47.99999999999941,2.8675322754465293,0.6573747979385485,0.2124917348991743,-2.2737367544323206e-12
48.04999999999941,2.8678321295366955,0.6576264184782669,0.2126953509444628,-2.2737367544323206e-12
48.099999999999405,2.8681311187644445,0.6578774113008954,0.21289857371783258,-1.8189894035458565e-12
48.1499999999994,2.8684292458620133,0.6581277779672997,0.21310140364060817,-2.2737367544323206e-12
48.1999999999994,2.8687265135519686,0.6583775200345247,0.21330384113576742,-1.8189894035458565e-12
48.249999999999396,2.8690229245472443,0.6586266390558024,0.21350588662792466,-1.8189894035458565e-12
48.29999999999939,2.8693184815511805,0.6588751365805615,0.21370754054331392,-1.8189894035458565e-12
48.34999999999939,2.8696131872575625,0.6591230141544353,0.21390880330977224,-1.8189894035458565e-12
48.39999999999939,2.8699070443506582,0.6593702733192705,0.214109675356723,-1.8189894035458565e-12
48.449999999999385,2.8702000555052556,0.6596169156131358,0.21431015711515955,-1.3642420526593924e-12
48.49999999999938,2.870492223386701,0.659862942570331,0.2145102490176287,-1.3642420526593924e-12
48.54999999999938,2.8707835506509376,0.6601083557213944,0.2147099514982144,-1.8189894035458565e-12
48.599999999999376,2.8710740399445407,0.6603531565931124,0.21490926499252166,-1.8189894035458565e-12
48.64999999999937,2.871363693904757,0.660597346708528,0.21510818993766037,-1.3642420526593924e-12
48.69999999999937,2.8716525151595396,0.6608409275869486,0.21530672677222917,-1.3642420526593924e-12
48.74999999999937,2.871940506327588,0.6610839007439552,0.21550487593629972,-1.8189894035458565e-12
48.799999999999365,2.872227670018381,0.6613262676914107,0.2157026378714007,-1.3642420526593924e-12
48.84999999999936,2.872514008832216,0.6615680299374683,0.2159000130205022,-1.3642420526593924e-12
48.89999999999936,2.8727995253602456,0.6618091889865803,0.21609700182800004,-1.8189894035458565e-12
48.949999999999356,2.8730842221845116,0.6620497463395062,0.2162936047397002,-1.8189894035458565e-12
48.99999999999935,2.873368101877983,0.6622897034933214,0.21648982220280333,-1.8189894035458565e-12
49.04999999999935,2.8736511670045912,0.6625290619414256,0.2166856546658895,-2.2737367544323206e-12
49.09999999999935,2.873933420119266,0.6627678231735513,0.21688110257890278,-1.8189894035458565e-12
49.149999999999345,2.874214863767971,0.6630059886757722,0.21707616639313626,-2.2737367544323206e-12
49.19999999999934,2.8744955004877397,0.6632435599305114,0.21727084656121673,-1.8189894035458565e-12
49.24999999999934,2.874775332806709,0.6634805384165502,0.21746514353708984,-1.8189894035458565e-12
49.299999999999336,2.875054363244157,0.6637169256090362,0.21765905777600517,-1.8189894035458565e-12
49.34999999999933,2.8753325943105357,0.6639527229794917,0.2178525897345013,-1.8189894035458565e-12
49.39999999999933,2.8756100285075075,0.6641879319958223,0.21804573987039125,-2.2737367544323206e-12
49.44999999999933,2.8758866683279787,0.664422554122325,0.2182385086427477,-2.2737367544323206e-12
49.499999999999325,2.876162516256134,0.6646565908196967,0.2184308965118885,-2.2737367544323206e-12
49.54999999999932,2.876437574767473,0.6648900435450426,0.21862290393936218,-2.2737367544323206e-12
49.59999999999932,2.87671184632884,0.6651229137518839,0.21881453138793364,-2.2737367544323206e-12
49.64999999999932,2.8769853333984634,0.6653552028901671,0.21900577932156975,-1.8189894035458565e-12
49.699999999999314,2.877258038425986,0.6655869124062715,0.21919664820542525,-1.8189894035458565e-12
49.74999999999931,2.877529963852499,0.6658180437430179,0.21938713850582853,-1.8189894035458565e-12
49.79999999999931,2.8778011121105784,0.6660485983396766,0.21957725069026768,-2.2737367544323206e-12
49.849999999999305,2.8780714856243144,0.6662785776319757,0.2197669852273765,-1.8189894035458565e-12
49.8999999999993,2.878341086809348,0.6665079830521097,0.21995634258692068,-2.2737367544323206e-12
49.9499999999993,2.878609918072903,0.6667368160287471,0.22014532323978397,-2.2737367544323206e-12
49.9999999999993,2.8788779818138184,0.6669650779870392,0.22033392765795456,-1.8189894035458565e-12
50.049999999999294,2.8791452804225828,0.6671927703486278,0.22052215631451136,-2.2737367544323206e-12
50.09999999999929,2.8794118162813653,0.6674198945316536,0.2207100096836106,-2.2737367544323206e-12
50.14999999999929,2.87967759176405,0.6676464519507648,0.22089748824047226,-2.2737367544323206e-12
50.199999999999285,2.879942609236266,0.6678724440171242,0.22108459246136686,-2.2737367544323206e-12
50.24999999999928,2.8802068710554236,0.6680978721384185,0.22127132282360204,-2.2737367544323206e-12
50.29999999999928,2.8804703795707423,0.6683227377188657,0.22145767980550946,-1.8189894035458565e-12
50.34999999999928,2.880733137123285,0.6685470421592236,0.2216436638864316,-1.8189894035458565e-12
50.399999999999274,2.8809951460459895,0.6687707868567973,0.22182927554670884,-1.8189894035458565e-12
50.44999999999927,2.8812564086637007,0.668993973205448,0.22201451526766638,-2.2737367544323206e-12
50.49999999999927,2.8815169272932013,0.6692166025956008,0.22219938353160146,-1.8189894035458565e-12
50.549999999999265,2.881776704243244,0.6694386764142528,0.22238388082177055,-1.8189894035458565e-12
50.59999999999926,2.882035741814583,0.669660196044981,0.22256800762237658,-1.3642420526593924e-12
50.64999999999926,2.8822940423000043,0.6698811628679502,0.22275176441855637,-1.3642420526593924e-12
50.69999999999926,2.882551607984357,0.6701015782599216,0.22293515169636804,-1.3642420526593924e-12
50.749999999999254,2.882808441144585,0.6703214435942602,0.22311816994277855,-2.2737367544323206e-12
50.79999999999925,2.8830645440497578,0.670540760240943,0.22330081964565132,-1.8189894035458565e-12
50.84999999999925,2.883319918961099,0.6707595295665673,0.2234831012937338,-1.8189894035458565e-12
50.899999999999245,2.88357456813202,0.670977752934358,0.22366501537664538,-1.8189894035458565e-12
50.94999999999924,2.8838284938081484,0.6711954317041762,0.2238465623848651,-1.3642420526593924e-12
50.99999999999924,2.8840816982273587,0.6714125672325264,0.22402774280971963,-1.3642420526593924e-12
51.04999999999924,2.884334183619802,0.6716291608725654,0.22420855714337118,-1.3642420526593924e-12
51.099999999999234,2.8845859522079373,0.6718452139741093,0.22438900587880564,-1.3642420526593924e-12
51.14999999999923,2.88483700620656,0.6720607278836419,0.22456908950982066,-1.3642420526593924e-12
51.19999999999923,2.885087347822832,0.6722757039443223,0.22474880853101387,-1.8189894035458565e-12
51.249999999999226,2.8853369792563117,0.672490143495993,0.22492816343777117,-1.3642420526593924e-12
51.29999999999922,2.885585902698984,0.6727040478751874,0.2251071547262551,-1.3642420526593924e-12
51.34999999999922,2.885834120335287,0.6729174184151383,0.22528578289339318,-1.8189894035458565e-12
51.39999999999922,2.8860816343421454,0.6731302564457847,0.2254640484368666,-1.8189894035458565e-12
51.449999999999214,2.8863284468889954,0.6733425632937807,0.2256419518550986,-1.8189894035458565e-12
51.49999999999921,2.886574560137817,0.6735543402825024,0.22581949364724327,-1.3642420526593924e-12
51.54999999999921,2.8868199762431606,0.6737655887320562,0.2259966743131741,-1.3642420526593924e-12
51.599999999999206,2.8870646973521765,0.6739763099592864,0.226173494353473,-1.3642420526593924e-12
51.6499999999992,2.887308725604644,0.6741865052777828,0.22634995426941895,-1.8189894035458565e-12
51.6999999999992,2.887552063132999,0.6743961759978887,0.22652605456297709,-1.8189894035458565e-12
51.7499999999992,2.887794712062364,0.6746053234267084,0.22670179573678761,-1.3642420526593924e-12
51.799999999999194,2.8880366745105737,0.6748139488681151,0.22687717829415494,-1.8189894035458565e-12
51.84999999999919,2.8882779525882047,0.6750220536227584,0.22705220273903678,-1.3642420526593924e-12
51.89999999999919,2.888518548398604,0.6752296389880719,0.22722686957603344,-1.3642420526593924e-12
51.949999999999186,2.888758464037915,0.6754367062582812,0.22740117931037704,-1.8189894035458565e-12
51.99999999999918,2.888997701595108,0.6756432567244113,0.22757513244792082,-1.3642420526593924e-12
52.04999999999918,2.889236263152005,0.6758492916742941,0.22774872949512873,-1.3642420526593924e-12
52.09999999999918,2.8894741507833093,0.6760548123925763,0.22792197095906477,-1.3642420526593924e-12
52.149999999999174,2.8897113665566314,0.6762598201607268,0.2280948573473826,-9.094947017729282e-13
52.19999999999917,2.889947912532517,0.6764643162570446,0.2282673891683152,-1.3642420526593924e-12
52.24999999999917,2.8901837907644743,0.6766683019566658,0.2284395669306645,-4.547473508864641e-13
52.299999999999166,2.8904190032990007,0.6768717785315717,0.2286113911437912,-9.094947017729282e-13
52.34999999999916,2.8906535521756096,0.6770747472505958,0.22878286231760456,-9.094947017729282e-13
52.39999999999916,2.8908874394268578,0.6772772093794319,0.2289539809625523,-9.094947017729282e-13
52.44999999999916,2.8911206670783716,0.6774791661806414,0.2291247475896106,-9.094947017729282e-13
52.499999999999154,2.8913532371488735,0.6776806189136605,0.2292951627102741,-9.094947017729282e-13
52.54999999999915,2.891585151650209,0.677881568834808,0.22946522683654588,-1.3642420526593924e-12
52.59999999999915,2.8918164125873727,0.6780820171972928,0.2296349404809279,-9.094947017729282e-13
52.649999999999146,2.892047021958534,0.678281965251221,0.22980430415641087,-9.094947017729282e-13
52.69999999999914,2.892276981755064,0.6784814142436038,0.2299733183764648,-1.3642420526593924e-12
52.74999999999914,2.8925062939615622,0.6786803654183644,0.23014198365502928,-1.3642420526593924e-12
52.79999999999914,2.89273496055588,0.678878820016346,0.23031030050650378,-9.094947017729282e-13
52.849999999999135,2.892962983509149,0.6790767792753187,0.23047826944573824,-9.094947017729282e-13
52.89999999999913,2.8931903647858053,0.6792742444299871,0.2306458909880236,-9.094947017729282e-13
52.94999999999913,2.8934171063436147,0.6794712167119974,0.23081316564908239,-9.094947017729282e-13
52.999999999999126,2.8936432101337,0.6796676973499453,0.2309800939450593,-1.3642420526593924e-12
53.04999999999912,2.893868678100565,0.6798636875693826,0.2311466763925121,-9.094947017729282e-13
53.09999999999912,2.894093512182119,0.6800591885928253,0.23131291350840225,-9.094947017729282e-13
53.14999999999912,2.8943177143097043,0.6802542016397601,0.2314788058100858,-4.547473508864641e-13
53.199999999999115,2.894541286408119,0.6804487279266525,0.23164435381530438,-4.547473508864641e-13
53.24999999999911,2.894764230395642,0.6806427686669531,0.23180955804217598,-4.547473508864641e-13
53.29999999999911,2.8949865481840606,0.6808363250711059,0.2319744190091862,-4.547473508864641e-13
53.349999999999106,2.8952082416786915,0.6810293983465548,0.23213893723517917,-9.094947017729282e-13
53.3999999999991,2.8954293127784076,0.6812219896977513,0.23230311323934882,-4.547473508864641e-13
53.4499999999991,2.895649763375662,0.6814141003261611,0.23246694754123,-4.547473508864641e-13
53.4999999999991,2.895869595356512,0.6816057314302721,0.23263044066068983,-4.547473508864641e-13
53.549999999999095,2.896088810600644,0.6817968842056009,0.2327935931179189,-4.547473508864641e-13
53.59999999999909,2.8963074109813984,0.6819875598447002,0.23295640543342275,-4.547473508864641e-13
53.64999999999909,2.896525398365791,0.682177759537166,0.23311887812801335,0.0
53.699999999999086,2.89674277461454,0.6823674844696448,0.2332810117228005,-4.547473508864641e-13
53.74999999999908,2.896959541582089,0.6825567358258406,0.2334428067391834,0.0
53.79999999999908,2.897175701116628,0.6827455147865221,0.2336042636988424,-4.547473508864641e-13
53.84999999999908,2.8973912550601226,0.6829338225295296,0.23376538312373052,-4.547473508864641e-13
53.899999999999075,2.8976062052483327,0.6831216602297823,0.23392616553606518,-9.094947017729282e-13
53.94999999999907,2.897820553510838,0.683309029059285,0.2340866114583201,-9.094947017729282e-13
53.99999999999907,2.8980343016710606,0.683495930187136,0.23424672141321706,-9.094947017729282e-13
54.049999999999066,2.89824745154629,0.6836823647795328,0.23440649592371782,-9.094947017729282e-13
54.09999999999906,2.8984600049477045,0.6838683339997804,0.23456593551301602,-9.094947017729282e-13
54.14999999999906,2.898671963680395,0.6840538390082976,0.2347250407045293,-9.094947017729282e-13
54.19999999999906,2.898883329543387,0.6842388809626242,0.23488381202189126,-9.094947017729282e-13
54.249999999999055,2.8990941043296656,0.6844234610174277,0.23504224998894363,-9.094947017729282e-13
54.29999999999905,2.8993042898261967,0.6846075803245107,0.2352003551297284,-9.094947017729282e-13
54.34999999999905,2.8995138878139497,0.6847912400328177,0.23535812796848005,-9.094947017729282e-13
54.39999999999905,2.899722900067921,0.6849744412884415,0.23551556902961793,-4.547473508864641e-13
54.449999999999044,2.8999313283571557,0.6851571852346312,0.23567267883773843,-9.094947017729282e-13
54.49999999999904,2.90013917444477,0.6853394730117979,0.23582945791760748,-4.547473508864641e-13
54.54999999999904,2.9003464400879744,0.6855213057575225,0.23598590679415296,-4.547473508864641e-13
54.599999999999035,2.900553127038095,0.6857026846065619,0.23614202599245718,-4.547473508864641e-13
54.64999999999903,2.900759237040596,0.6858836106908566,0.2362978160377494,-9.094947017729282e-13
54.69999999999903,2.9009647718351017,0.6860640851395365,0.23645327745539851,-4.547473508864641e-13
54.74999999999903,2.9011697331554185,0.686244109078929,0.23660841077090558,-4.547473508864641e-13
54.799999999999024,2.901374122729557,0.6864236836325646,0.2367632165098966,-9.094947017729282e-13
54.84999999999902,2.9015779422797525,0.6866028099211845,0.23691769519811523,-9.094947017729282e-13
54.89999999999902,2.901781193522489,0.686781489062747,0.23707184736141562,-9.094947017729282e-13
54.949999999999015,2.9019838781685188,0.6869597221724345,0.23722567352575522,-9.094947017729282e-13
54.99999999999901,2.902185997922884,0.6871375103626599,0.23737917421718768,-4.547473508864641e-13
55.04999999999901,2.9023875544849402,0.6873148547430737,0.23753234996185585,-9.094947017729282e-13
55.09999999999901,2.9025885495483745,0.6874917564205707,0.23768520128598475,-9.094947017729282e-13
55.149999999999004,2.902788984801229,0.6876682164992963,0.2378377287158746,-9.094947017729282e-13
55.199999999999,2.9029888619259214,0.6878442360806537,0.237989932777894,-9.094947017729282e-13
55.249999999999,2.9031881825992656,0.6880198162633103,0.23814181399847295,-9.094947017729282e-13
55.299999999998995,2.9033869484924932,0.6881949581432044,0.23829337290409616,-9.094947017729282e-13
55.34999999999899,2.903585161271274,0.6883696628135518,0.23844461002129627,-4.547473508864641e-13
55.39999999999899,2.903782822595738,0.6885439313648526,0.23859552587664712,-4.547473508864641e-13
55.44999999999899,2.903979934120493,0.6887177648848977,0.23874612099675707,-9.094947017729282e-13
55.499999999998984,2.9041764974946496,0.6888911644587753,0.23889639590826245,-9.094947017729282e-13
55.54999999999898,2.9043725143618375,0.6890641311688778,0.23904635113782097,-9.094947017729282e-13
55.59999999999898,2.9045679863602287,0.689236666094908,0.2391959872121052,-1.3642420526593924e-12
55.649999999998975,2.9047629151225567,0.6894087703138859,0.2393453046577961,-1.3642420526593924e-12
55.69999999999897,2.9049573022761375,0.6895804449001552,0.23949430400157662,-1.3642420526593924e-12
55.74999999999897,2.9051511494428883,0.68975169092539,0.2396429857701253,-9.094947017729282e-13
55.79999999999897,2.90534445823935,0.6899225094586008,0.23979135049010997,-9.094947017729282e-13
55.849999999998964,2.9055372302767046,0.6900929015661413,0.2399393986881814,-9.094947017729282e-13
55.89999999999896,2.9057294671607976,0.6902628683117155,0.24008713089096717,-9.094947017729282e-13
55.94999999999896,2.9059211704921553,0.6904324107563828,0.24023454762506535,-9.094947017729282e-13
55.999999999998956,2.9061123418660064,0.6906015299585659,0.2403816494170385,-9.094947017729282e-13
56.04999999999895,2.906302982872302,0.6907702269740563,0.24052843679340738,-4.547473508864641e-13
56.09999999999895,2.906493095095733,0.690938502856021,0.24067491028064508,-9.094947017729282e-13
56.14999999999895,2.9066826801157517,0.691106358655009,0.24082107040517092,-4.547473508864641e-13
56.199999999998944,2.906871739506591,0.6912737954189577,0.24096691769334447,-9.094947017729282e-13
56.24999999999894,2.9070602748372822,0.6914408141931991,0.24111245267145964,-9.094947017729282e-13
56.29999999999894,2.9072482876716768,0.6916074160204665,0.24125767586573882,-4.547473508864641e-13
56.349999999998936,2.9074357795684627,0.6917736019409004,0.24140258780232698,-4.547473508864641e-13
56.39999999999893,2.907622752081186,0.6919393729920554,0.241547189007286,-4.547473508864641e-13
56.44999999999893,2.907809206758269,0.692104730208906,0.24169148000658874,-9.094947017729282e-13
56.49999999999893,2.9079951451430284,0.692269674623853,0.24183546132611347,-4.547473508864641e-13
56.549999999998924,2.908180568773695,0.6924342072667303,0.2419791334916382,-4.547473508864641e-13
56.59999999999892,2.908365479183433,0.6925983291648108,0.24212249702883493,-9.094947017729282e-13
56.64999999999892,2.908549877900357,0.6927620413428124,0.24226555246326423,-4.547473508864641e-13
56.699999999998916,2.9087337664475537,0.6929253448229047,0.2424083003203696,-4.547473508864641e-13
56.74999999999891,2.908917146343097,0.6930882406247152,0.242550741125472,-4.547473508864641e-13
56.79999999999891,2.909100019100068,0.6932507297653354,0.24269287540376439,-4.547473508864641e-13
56.84999999999891,2.909282386226575,0.693412813259327,0.24283470368030627,-9.094947017729282e-13
56.899999999998904,2.9094642492257683,0.6935744921187281,0.24297622648001838,-9.094947017729282e-13
56.9499999999989,2.9096456095958616,0.6937357673530596,0.24311744432767735,-1.3642420526593924e-12
56.9999999999989,2.9098264688301496,0.693896639969331,0.24325835774791035,-9.094947017729282e-13
57.049999999998896,2.9100068284170244,0.694057110972047,0.2433989672651899,-9.094947017729282e-13
57.09999999999889,2.9101866898399957,0.6942171813632132,0.24353927340382858,-9.094947017729282e-13
57.14999999999889,2.910366054577707,0.6943768521423425,0.24367927668797398,-9.094947017729282e-13
57.19999999999889,2.9105449241039554,0.6945361243064612,0.24381897764160343,-9.094947017729282e-13
57.249999999998884,2.9107232998877075,0.694694998850115,0.24395837678851895,-9.094947017729282e-13
57.29999999999888,2.910901183393118,0.6948534767653752,0.24409747465234224,-9.094947017729282e-13
57.34999999999888,2.911078576079548,0.6950115590418448,0.24423627175650964,-9.094947017729282e-13
57.399999999998876,2.9112554794015812,0.6951692466666642,0.2443747686242671,-9.094947017729282e-13
57.44999999999887,2.911431894809043,0.6953265406245179,0.24451296577866533,-9.094947017729282e-13
57.49999999999887,2.911607823747017,0.69548344189764,0.24465086374255476,-4.547473508864641e-13
57.54999999999887,2.9117832676558617,0.6956399514658202,0.24478846303858087,-4.547473508864641e-13
57.599999999998865,2.9119582279712297,0.6957960703064103,0.24492576418917916,-9.094947017729282e-13
57.64999999999886,2.912132706124084,0.6959517993943297,0.24506276771657048,-9.094947017729282e-13
57.69999999999886,2.9123067035407137,0.6961071397020716,0.2451994741427563,-1.3642420526593924e-12
57.749999999998856,2.9124802216427548,0.6962620921997089,0.24533588398951392,-9.094947017729282e-13
57.79999999999885,2.9126532618472027,0.6964166578549001,0.24547199777839177,-1.3642420526593924e-12
57.84999999999885,2.912825825566433,0.6965708376328956,0.2456078160307049,-1.3642420526593924e-12
57.89999999999885,2.912997914208216,0.6967246324965429,0.24574333926753023,-9.094947017729282e-13
57.949999999998845,2.9131695291757347,0.6968780434062933,0.24587856800970212,-9.094947017729282e-13
57.99999999999884,2.913340671867601,0.6970310713202073,0.2460135027778077,-9.094947017729282e-13
58.04999999999884,2.9135113436778726,0.6971837171939603,0.2461481440921825,-9.094947017729282e-13
58.099999999998836,2.9136815459960697,0.6973359819808493,0.24628249247290585,-9.094947017729282e-13
58.14999999999883,2.9138512802071914,0.6974878666317981,0.2464165484397966,-9.094947017729282e-13
58.19999999999883,2.9140205476917327,0.697639372095363,0.24655031251240866,-9.094947017729282e-13
58.24999999999883,2.9141893498257,0.6977904993177392,0.24668378521002665,-9.094947017729282e-13
58.299999999998825,2.914357687980628,0.6979412492427661,0.24681696705166153,-4.547473508864641e-13
58.34999999999882,2.914525563523596,0.6980916228119335,0.24694985855604643,-9.094947017729282e-13
58.39999999999882,2.914692977817244,0.698241620964387,0.2470824602416323,-4.547473508864641e-13
58.449999999998816,2.9148599322197892,0.6983912446369342,0.24721477262658378,-4.547473508864641e-13
58.49999999999881,2.9150264280850413,0.6985404947640502,0.2473467962287749,-9.094947017729282e-13
58.54999999999881,2.9151924667624196,0.6986893722778831,0.24747853156578503,-4.547473508864641e-13
58.59999999999881,2.9153580495969678,0.6988378781082603,0.24760997915489477,-9.094947017729282e-13
58.649999999998805,2.9155231779293707,0.6989860131826938,0.2477411395130818,-4.547473508864641e-13
58.6999999999988,2.9156878530959696,0.6991337784263861,0.24787201315701687,-4.547473508864641e-13
58.7499999999988,2.9158520764287785,0.6992811747622358,0.24800260060305981,-4.547473508864641e-13
58.799999999998796,2.9160158492555,0.6994282031108434,0.2481329023672555,0.0
58.84999999999879,2.9161791728995397,0.6995748643905166,0.24826291896532995,0.0
58.89999999999879,2.916342048680023,0.6997211595172766,0.2483926509126864,-4.547473508864641e-13
58.94999999999879,2.91650447791181,0.6998670894048631,0.24852209872440137,-4.547473508864641e-13
58.999999999998785,2.9166664619055114,0.7000126549647402,0.2486512629152209,-9.094947017729282e-13
59.04999999999878,2.9168280019675032,0.700157857106102,0.2487801439995567,-4.547473508864641e-13
59.09999999999878,2.916989099399943,0.7003026967358784,0.2489087424914823,-9.094947017729282e-13
59.149999999998776,2.9171497555007844,0.7004471747587402,0.24903705890472935,-4.547473508864641e-13
59.199999999998774,2.9173099715637925,0.7005912920771052,0.24916509375268392,-9.094947017729282e-13
59.24999999999877,2.917469748878559,0.7007350495911434,0.24929284754838277,-9.094947017729282e-13
59.29999999999877,2.917629088730517,0.7008784481987828,0.24942032080450968,-9.094947017729282e-13
59.349999999998765,2.917787992400957,0.7010214887957145,0.24954751403339184,-1.3642420526593924e-12
59.39999999999876,2.917946461167041,0.7011641722753987,0.24967442774699625,-1.3642420526593924e-12
59.44999999999876,2.918104496301818,0.7013064995290702,0.24980106245692613,-9.094947017729282e-13
59.49999999999876,2.918262099074237,0.7014484714457435,0.2499274186744174,-9.094947017729282e-13
59.549999999998754,2.918419270749165,0.7015900889122185,0.2500534969103352,-9.094947017729282e-13
59.59999999999875,2.918576012587398,0.7017313528130862,0.2501792976751703,-9.094947017729282e-13
59.64999999999875,2.9187323258456797,0.7018722640307337,0.2503048214790358,-4.547473508864641e-13
59.699999999998745,2.918888211776712,0.7020128234453499,0.2504300688316637,-4.547473508864641e-13
59.74999999999874,2.919043671629173,0.702153031934931,0.2505550402424012,0.0
59.79999999999874,2.919198706647729,0.7022928903752856,0.25067973622020795,0.0
59.84999999999874,2.9193533180730507,0.7024323996400407,0.2508041572736521,-4.547473508864641e-13
59.899999999998734,2.9195075071418257,0.7025715606006464,0.25092830391090726,0.0
59.94999999999873,2.919661275086775,0.7027103741263817,0.2510521766397493,-4.547473508864641e-13
59.99999999999873,2.919814623136666,0.7028488410843597,0.25117577596755314,-9.094947017729282e-13
60.049999999998725,2.919967552516326,0.7029869623395333,0.25129910240128916,-9.094947017729282e-13
60.09999999999872,2.9201200644466576,0.7031247387546997,0.25142215644752053,-9.094947017729282e-13
60.14999999999872,2.9202721601446524,0.7032621711905068,0.2515449386123996,0.0
60.19999999999872,2.920423840823405,0.7033992605054579,0.25166744940166513,0.0
60.249999999998714,2.920575107692127,0.7035360075559167,0.25178968932063883,0.0
60.29999999999871,2.920725961956161,0.7036724131961135,0.2519116588742227,0.0
60.34999999999871,2.920876404816993,0.7038084782781496,0.2520333585668955,0.0
60.399999999998705,2.9210264374722694,0.7039442036520033,0.25215478890271026,9.094947017729282e-13
60.4499999999987,2.9211760611158075,0.7040795901655343,0.2522759503852908,9.094947017729282e-13
60.4999999999987,2.921325276937611,0.7042146386644899,0.2523968435178291,9.094947017729282e-13
60.5499999999987,2.9214740861238826,0.7043493499925093,0.2525174688030821,0.0
60.599999999998694,2.921622489857039,0.7044837249911297,0.25263782674336915,9.094947017729282e-13
60.64999999999869,2.921770489315723,0.7046177644997907,0.2527579178405686,0.0
60.69999999999869,2.9219180856748177,0.7047514693558402,0.2528777425961155,9.094947017729282e-13
60.749999999998685,2.922065280105459,0.7048848403945388,0.2529973015109983,0.0
60.79999999999868,2.9222120737750514,0.7050178784490658,0.25311659508575635,0.0
60.84999999999868,2.922358467847278,0.7051505843505238,0.253235623820477,0.0
60.89999999999868,2.922504463482116,0.7052829589279438,0.25335438821479284,0.0
60.949999999998674,2.922650061835849,0.7054150030082909,0.253472888767879,0.0
60.99999999999867,2.922795264061081,0.7055467174164686,0.25359112597845035,0.0
61.04999999999867,2.922940071306748,0.7056781029753247,0.25370910034475896,9.094947017729282e-13
61.099999999998666,2.9230844847181334,0.7058091605056559,0.2538268123645914,9.094947017729282e-13
61.14999999999866,2.923228505436878,0.7059398908262129,0.25394426253526614,9.094947017729282e-13
61.19999999999866,2.9233721346009953,0.7060702947537058,0.25406145135363073,9.094947017729282e-13
61.24999999999866,2.9235153733448835,0.7062003731028086,0.2541783793160596,1.8189894035458565e-12
61.299999999998654,2.9236582227993386,0.7063301266861649,0.25429504691845106,1.8189894035458565e-12
61.34999999999865,2.9238006840915665,0.7064595563143924,0.2544114546562252,2.7284841053187847e-12
61.39999999999865,2.9239427583451967,0.7065886627960881,0.2545276030243211,1.8189894035458565e-12
61.449999999998646,2.9240844466802947,0.7067174469378336,0.2546434925171944,1.8189894035458565e-12
61.49999999999864,2.924225750213374,0.7068459095441995,0.25475912362881503,1.8189894035458565e-12
61.54999999999864,2.9243666700574096,0.7069740514177507,0.25487449685266444,1.8189894035458565e-12
61.59999999999864,2.92450720732185,0.7071018733590517,0.2549896126817334,1.8189894035458565e-12
61.649999999998634,2.9246473631126295,0.7072293761666709,0.2551044716085197,1.8189894035458565e-12
61.69999999999863,2.9247871385321815,0.707356560637186,0.2552190741250255,1.8189894035458565e-12
61.74999999999863,2.9249265346794497,0.7074834275651888,0.2553334207227553,9.094947017729282e-13
61.799999999998626,2.9250655526499014,0.7076099777432902,0.25544751189271336,1.8189894035458565e-12
61.84999999999862,2.9252041935355395,0.7077362119621248,0.2555613481254017,1.8189894035458565e-12
61.89999999999862,2.925342458424915,0.7078621310103563,0.25567492991081747,9.094947017729282e-13
61.94999999999862,2.925480348403138,0.7079877356746821,0.25578825773845093,1.8189894035458565e-12
61.999999999998614,2.9256178645518918,0.708113026739838,0.2559013320972832,1.8189894035458565e-12
62.04999999999861,2.9257550079494434,0.7082380049886036,0.25601415347578405,1.8189894035458565e-12
62.09999999999861,2.925891779670656,0.7083626712018064,0.25612672236190964,9.094947017729282e-13
62.149999999998606,2.9260281807870014,0.7084870261583275,0.25623903924310054,9.094947017729282e-13
62.1999999999986,2.9261642123665714,0.7086110706351055,0.2563511046062793,9.094947017729282e-13
62.2499999999986,2.92629987547409,0.7087348054071423,0.25646291893784867,9.094947017729282e-13
62.2999999999986,2.926435171170925,0.708858231247507,0.25657448272368927,0.0
62.349999999998595,2.9265701005151015,0.7089813489273414,0.25668579644915757,9.094947017729282e-13
62.39999999999859,2.92670466456131,0.7091041592158643,0.2567968605990839,9.094947017729282e-13
62.44999999999859,2.9268388643609216,0.7092266628803766,0.2569076756577704,1.8189894035458565e-12
62.499999999998586,2.9269727009619984,0.7093488606862657,0.2570182421089889,1.8189894035458565e-12
62.54999999999858,2.9271061754093046,0.7094707533970105,0.2571285604359791,1.8189894035458565e-12
62.59999999999858,2.9272392887443193,0.7095923417741863,0.25723863112144657,1.8189894035458565e-12
62.64999999999858,2.927372042005247,0.7097136265774692,0.25734845464756073,1.8189894035458565e-12
62.699999999998575,2.927504436227029,0.7098346085646408,0.257458031495953,1.8189894035458565e-12
62.74999999999857,2.9276364724413564,0.7099552884915931,0.2575673621477147,1.8189894035458565e-12
62.79999999999857,2.927768151676679,0.7100756671123333,0.2576764470833955,1.8189894035458565e-12
62.849999999998566,2.92789947495822,0.7101957451789881,0.2577852867830013,1.8189894035458565e-12
62.89999999999856,2.928030443307983,0.7103155234418086,0.2578938817259925,1.8189894035458565e-12
62.94999999999856,2.928161057744767,0.7104350026491749,0.2580022323912821,1.8189894035458565e-12
62.99999999999856,2.9282913192841766,0.7105541835476009,0.25811033925723403,2.7284841053187847e-12
63.049999999998555,2.928421228938632,0.7106730668817387,0.2582182028016612,1.8189894035458565e-12
63.09999999999855,2.9285507877173815,0.7107916533943832,0.25832582350182387,1.8189894035458565e-12
63.14999999999855,2.928679996626512,0.7109099438264771,0.25843320183442786,2.7284841053187847e-12
63.199999999998546,2.9288088566689594,0.711027938917115,0.2585403382756227,2.7284841053187847e-12
63.24999999999854,2.928937368844522,0.7111456394035485,0.25864723330100026,2.7284841053187847e-12
63.29999999999854,2.9290655341498684,0.7112630460211901,0.2587538873855927,2.7284841053187847e-12
63.34999999999854,2.92919335357855,0.7113801595036183,0.2588603010038709,2.7284841053187847e-12
63.399999999998535,2.9293208281210124,0.7114969805825823,0.2589664746297431,2.7284841053187847e-12
63.44999999999853,2.9294479587646043,0.7116135099880059,0.2590724087365528,2.7284841053187847e-12
63.49999999999853,2.9295747464935906,0.7117297484479925,0.25917810379707756,3.637978807091713e-12
63.549999999998526,2.929701192289162,0.7118456966888297,0.2592835602835271,2.7284841053187847e-12
63.59999999999852,2.929827297129446,0.7119613554349934,0.259388778667542,2.7284841053187847e-12
63.64999999999852,2.929953061989516,0.7120767254091526,0.2594937594201919,3.637978807091713e-12
63.69999999999852,2.9300784878414046,0.7121918073321738,0.2595985030119742,2.7284841053187847e-12
63.749999999998515,2.9302035756541125,0.7123066019231256,0.2597030099128122,2.7284841053187847e-12
63.79999999999851,2.9303283263936195,0.7124211098992829,0.2598072805920541,2.7284841053187847e-12
63.84999999999851,2.930452741022895,0.7125353319761316,0.2599113155184711,2.7284841053187847e-12
63.899999999998506,2.930576820501908,0.7126492688673729,0.260015115160256,3.637978807091713e-12
63.949999999998504,2.9307005657876384,0.7127629212849279,0.260118679985022,2.7284841053187847e-12
63.9999999999985,2.9308239778340863,0.7128762899389418,0.26022201045980103,2.7284841053187847e-12
64.0499999999985,2.9309470575922836,0.7129893755377886,0.26032510705104234,2.7284841053187847e-12
64.0999999999985,2.931069806010303,0.7131021787880751,0.2604279702246113,2.7284841053187847e-12
64.1499999999985,2.9311922240332686,0.7132147003946457,0.2605306004457878,2.7284841053187847e-12
64.1999999999985,2.931314312603368,0.7133269410605866,0.26063299817926505,2.7284841053187847e-12
64.2499999999985,2.931436072659859,0.71343890148723,0.26073516388914814,3.637978807091713e-12
64.29999999999849,2.931557505139083,0.7135505823741588,0.26083709803895283,2.7284841053187847e-12
64.34999999999849,2.9316786109744735,0.7136619844192108,0.2609388010916041,2.7284841053187847e-12
64.39999999999849,2.931799391096565,0.713773108318483,0.26104027350943504,1.8189894035458565e-12
64.44999999999848,2.9319198464330065,0.7138839547663357,0.2611415157541853,2.7284841053187847e-12
64.49999999999848,2.932039977908568,0.7139945244553975,0.2612425282870001,2.7284841053187847e-12
64.54999999999848,2.932159786445152,0.7141048180765688,0.2613433115684289,2.7284841053187847e-12
64.59999999999847,2.932279272961804,0.7142148363190266,0.26144386605842407,3.637978807091713e-12
64.64999999999847,2.932398438374721,0.7143245798702287,0.26154419221633984,2.7284841053187847e-12
64.69999999999847,2.932517283597262,0.7144340494159179,0.2616442905009311,2.7284841053187847e-12
64.74999999999847,2.932635809539958,0.7145432456401263,0.261744161370352,2.7284841053187847e-12
64.79999999999846,2.932754017110521,0.7146521692251794,0.2618438052821551,2.7284841053187847e-12
64.84999999999846,2.932871907213855,0.7147608208517007,0.26194322269329007,2.7284841053187847e-12
64.89999999999846,2.9329894807520644,0.7148692011986155,0.2620424140601024,2.7284841053187847e-12
64.94999999999845,2.933106738624464,0.7149773109431556,0.2621413798383327,2.7284841053187847e-12
64.99999999999845,2.9332236817275885,0.7150851507608631,0.2622401204831151,2.7284841053187847e-12
65.04999999999845,2.9333403109552036,0.7151927213255946,0.2623386364489767,3.637978807091713e-12
65.09999999999845,2.933456627198313,0.7153000233095259,0.26243692818983594,3.637978807091713e-12
65.14999999999844,2.9335726313451698,0.7154070573831556,0.26253499615900205,2.7284841053187847e-12
65.19999999999844,2.933688324281285,0.7155138242153095,0.2626328408091737,2.7284841053187847e-12
65.24999999999844,2.933803706889437,0.7156203244731448,0.26273046259243815,2.7284841053187847e-12
65.29999999999843,2.933918780049682,0.7157265588221543,0.2628278619602701,2.7284841053187847e-12
65.34999999999843,2.934033544639362,0.7158325279261702,0.2629250393635307,3.637978807091713e-12
65.39999999999843,2.9341480015331145,0.7159382324473689,0.2630219952524668,2.7284841053187847e-12
65.44999999999843,2.934262151602882,0.7160436730462743,0.2631187300767097,3.637978807091713e-12
65.49999999999842,2.934375995717922,0.7161488503817623,0.26321524428527443,3.637978807091713e-12
65.54999999999842,2.9344895347448143,0.7162537651110654,0.2633115383265586,3.637978807091713e-12
65.59999999999842,2.9346027695474723,0.7163584178897758,0.2634076126483417,2.7284841053187847e-12
65.64999999999841,2.9347157009871503,0.7164628093718501,0.26350346769778404,2.7284841053187847e-12
65.69999999999841,2.934828329922454,0.7165669402096135,0.2635991039214259,2.7284841053187847e-12
65.74999999999841,2.934940657209348,0.7166708110537633,0.2636945217651866,2.7284841053187847e-12
65.7999999999984,2.935052683701167,0.7167744225533733,0.2637897216743638,2.7284841053187847e-12
65.8499999999984,2.935164410248623,0.716877775355898,0.26388470409363257,2.7284841053187847e-12
65.8999999999984,2.935275837699815,0.7169808701071764,0.2639794694670445,2.7284841053187847e-12
65.9499999999984,2.935386966900238,0.7170837074514358,0.2640740182380268,2.7284841053187847e-12
65.9999999999984,2.935497798692791,0.7171862880312962,0.26416835084938173,2.7284841053187847e-12
66.04999999999839,2.935608333917787,0.7172886124877744,0.26426246774328566,1.8189894035458565e-12
66.09999999999839,2.935718573412962,0.7173906814602874,0.26435636936128826,2.7284841053187847e-12
66.14999999999839,2.935828518013482,0.7174924955866568,0.2644500561443119,2.7284841053187847e-12
66.19999999999838,2.9359381685519543,0.717594055503113,0.26454352853265056,1.8189894035458565e-12
66.24999999999838,2.936047525858433,0.7176953618442984,0.26463678696596954,2.7284841053187847e-12
66.29999999999838,2.9361565907604312,0.7177964152432722,0.26472983188330435,2.7284841053187847e-12
66.34999999999837,2.9362653640829275,0.7178972163315138,0.2648226637230602,2.7284841053187847e-12
66.39999999999837,2.9363738466483746,0.7179977657389269,0.26491528292301114,2.7284841053187847e-12
66.44999999999837,2.9364820392767093,0.7180980640938435,0.26500768992029966,2.7284841053187847e-12
66.49999999999837,2.9365899427853597,0.7181981120230275,0.2650998851514357,2.7284841053187847e-12
66.54999999999836,2.936697557989254,0.7182979101516792,0.2651918690522961,2.7284841053187847e-12
66.59999999999836,2.9368048857008295,0.7183974591034384,0.26528364205812394,1.8189894035458565e-12
66.64999999999836,2.936911926730041,0.718496759500389,0.26537520460352804,2.7284841053187847e-12
66.69999999999835,2.9370186818843687,0.7185958119630625,0.2654665571224821,1.8189894035458565e-12
66.74999999999835,2.937125151968827,0.7186946171104419,0.26555770004832424,2.7284841053187847e-12
66.79999999999835,2.9372313377859727,0.7187931755599657,0.26564863381375636,2.7284841053187847e-12
66.84999999999835,2.9373372401359137,0.7188914879275314,0.2657393588508435,1.8189894035458565e-12
66.89999999999834,2.9374428598163163,0.7189895548274999,0.26582987559101334,2.7284841053187847e-12
66.94999999999834,2.937548197622415,0.719087376872699,0.26592018446505566,2.7284841053187847e-12
66.99999999999834,2.937653254347019,0.7191849546744269,0.26601028590312165,1.8189894035458565e-12
67.04999999999833,2.9377580307805227,0.7192822888424566,0.2661001803347235,1.8189894035458565e-12
67.09999999999833,2.937862527710911,0.7193793799850393,0.26618986818873375,2.7284841053187847e-12
67.14999999999833,2.9379667459237697,0.7194762287089085,0.26627934989338486,3.637978807091713e-12
67.19999999999833,2.9380706862022934,0.7195728356192834,0.26636862587626875,2.7284841053187847e-12
67.24999999999832,2.938174349327292,0.7196692013198731,0.26645769656433616,3.637978807091713e-12
67.29999999999832,2.9382777360772003,0.7197653264128799,0.2665465623838963,3.637978807091713e-12
67.34999999999832,2.9383808472280855,0.7198612114990035,0.2666352237606162,3.637978807091713e-12
67.39999999999831,2.938483683553655,0.7199568571774443,0.26672368111952055,3.637978807091713e-12
67.44999999999831,2.938586245825266,0.7200522640459075,0.26681193488499094,3.637978807091713e-12
67.49999999999831,2.9386885348119294,0.7201474327006067,0.2668999854807656,3.637978807091713e-12
67.5499999999983,2.9387905512803227,0.7202423637362675,0.26698783332993886,3.637978807091713e-12
67.5999999999983,2.9388922959947945,0.7203370577461314,0.26707547885496086,2.7284841053187847e-12
67.6499999999983,2.9389937697173734,0.7204315153219595,0.26716292247763707,3.637978807091713e-12
67.6999999999983,2.9390949732077756,0.7205257370540359,0.2672501646191279,3.637978807091713e-12
67.7499999999983,2.939195907223413,0.7206197235311717,0.26733720569994823,3.637978807091713e-12
67.79999999999829,2.9392965725194014,0.7207134753407083,0.26742404613996723,3.637978807091713e-12
67.84999999999829,2.9393969698485667,0.7208069930685217,0.2675106863584079,2.7284841053187847e-12
67.89999999999829,2.939497099961454,0.7209002772990255,0.2675971267738466,3.637978807091713e-12
67.94999999999828,2.9395969636063346,0.7209933286151748,0.267683367804213,2.7284841053187847e-12
67.99999999999828,2.9396965615292143,0.7210861475984699,0.2677694098667893,2.7284841053187847e-12
68.04999999999828,2.93979589447384,0.7211787348289598,0.2678552533782104,3.637978807091713e-12
68.09999999999827,2.9398949631817084,0.7212710908852459,0.2679408987544633,3.637978807091713e-12
68.14999999999827,2.939993768392072,0.7213632163444855,0.2680263464108868,3.637978807091713e-12
68.19999999999827,2.9400923108419486,0.7214551117823956,0.2681115967621713,3.637978807091713e-12
68.24999999999827,2.9401905912661275,0.7215467777732564,0.2681966502223585,3.637978807091713e-12
68.29999999999826,2.940288610397177,0.7216382148899145,0.2682815072048411,4.547473508864641e-12
68.34999999999826,2.9403863689654526,0.7217294237037872,0.26836616812236264,4.547473508864641e-12
68.39999999999826,2.940483867699103,0.7218204047848655,0.268450633387017,3.637978807091713e-12
68.44999999999825,2.94058110732408,0.721911158701718,0.26853490341024855,4.547473508864641e-12
68.49999999999825,2.940678088564143,0.7220016860214938,0.26861897860285144,4.547473508864641e-12
68.54999999999825,2.9407748121408672,0.7220919873099272,0.2687028593749698,3.637978807091713e-12
68.59999999999825,2.940871278773653,0.7221820631313399,0.26878654613609726,3.637978807091713e-12
68.64999999999824,2.94096748917973,0.7222719140486455,0.26887003929507697,4.547473508864641e-12
68.69999999999824,2.941063444074167,0.7223615406233527,0.2689533392601011,4.547473508864641e-12
68.74999999999824,2.9411591441698772,0.7224509434155685,0.269036446438711,4.547473508864641e-12
68.79999999999824,2.9412545901776266,0.7225401229840022,0.2691193612377968,4.547473508864641e-12
68.84999999999823,2.9413497828060406,0.7226290798859685,0.26920208406359725,4.547473508864641e-12
68.89999999999823,2.9414447227616116,0.7227178146773912,0.26928461532169967,4.547473508864641e-12
68.94999999999823,2.941539410748706,0.7228063279128065,0.26936695541703976,3.637978807091713e-12
68.99999999999822,2.94163384746957,0.7228946201453667,0.2694491047539014,3.637978807091713e-12
69.04999999999822,2.9417280336243397,0.7229826919268432,0.2695310637359166,3.637978807091713e-12
69.09999999999822,2.941821969911045,0.7230705438076306,0.2696128327660654,3.637978807091713e-12
69.14999999999822,2.9419156570256177,0.7231581763367495,0.2696944122466756,3.637978807091713e-12
69.19999999999821,2.9420090956618994,0.7232455900618502,0.2697758025794229,3.637978807091713e-12
69.24999999999821,2.942102286511647,0.7233327855292162,0.26985700416533054,4.547473508864641e-12
69.2999999999982,2.9421952302645407,0.7234197632837676,0.2699380174047694,4.547473508864641e-12
69.3499999999982,2.9422879276081906,0.723506523869064,0.2700188426974579,4.547473508864641e-12
69.3999999999982,2.942380379228143,0.7235930678273088,0.27009948044246185,4.547473508864641e-12
69.4499999999982,2.9424725858078884,0.7236793956993518,0.27017993103819443,5.4569682106375694e-12
69.4999999999982,2.942564548028867,0.7237655080246929,0.27026019488241615,4.547473508864641e-12
69.54999999999819,2.942656266570477,0.7238514053414853,0.27034027237223485,5.4569682106375694e-12
69.59999999999819,2.9427477421100803,0.7239370881865392,0.27042016390410556,5.4569682106375694e-12
69.64999999999819,2.9428389753230086,0.7240225570953248,0.2704998698738306,5.4569682106375694e-12
69.69999999999818,2.942929966882572,0.7241078126019758,0.27057939067655945,5.4569682106375694e-12
69.74999999999818,2.9430207174600644,0.7241928552392926,0.2706587267067887,5.4569682106375694e-12
69.79999999999818,2.9431112277247706,0.7242776855387458,0.27073787835836227,5.4569682106375694e-12
69.84999999999818,2.943201498343973,0.7243623040304795,0.27081684602447115,5.4569682106375694e-12
69.89999999999817,2.943291529982958,0.7244467112433144,0.2708956300976536,5.4569682106375694e-12
69.94999999999817,2.9433813233050223,0.7245309077047513,0.2709742309697951,5.4569682106375694e-12
69.99999999999817,2.9434708789714805,0.7246148939409743,0.27105264903212845,6.366462912410498e-12
70.04999999999816,2.9435601976416708,0.7246986704768542,0.27113088467523355,5.4569682106375694e-12
70.09999999999816,2.943649279972961,0.7247822378359516,0.2712089382890378,5.4569682106375694e-12
70.14999999999816,2.943738126620757,0.7248655965405203,0.271286810262816,5.4569682106375694e-12
70.19999999999816,2.9438267382385077,0.7249487471115104,0.2713645009851902,6.366462912410498e-12
70.24999999999815,2.943915115477711,0.7250316900685717,0.2714420108441302,5.4569682106375694e-12
70.29999999999815,2.9440032589879217,0.725114425930057,0.2715193402269533,5.4569682106375694e-12
70.34999999999815,2.9440911694167573,0.7251969552130253,0.2715964895203244,5.4569682106375694e-12
70.39999999999814,2.944178847409904,0.7252792784332447,0.2716734591102562,4.547473508864641e-12
70.44999999999814,2.9442662936111237,0.725361396105196,0.2717502493821093,5.4569682106375694e-12
70.49999999999814,2.94435350866226,0.7254433087420759,0.2718268607205922,4.547473508864641e-12
70.54999999999814,2.9444404932032437,0.7255250168557998,0.2719032935097615,4.547473508864641e-12
70.59999999999813,2.9445272478721014,0.7256065209570057,0.271979548133022,4.547473508864641e-12
70.64999999999813,2.9446137733049595,0.7256878215550567,0.27205562497312674,4.547473508864641e-12
70.69999999999813,2.9447000701360513,0.7257689191580445,0.27213152441217725,4.547473508864641e-12
70.74999999999812,2.944786138997723,0.7258498142727925,0.2722072468316237,4.547473508864641e-12
70.79999999999812,2.94487198052044,0.725930507404859,0.27228279261226485,4.547473508864641e-12
70.84999999999812,2.9449575953327938,0.7260109990585404,0.27235816213424846,4.547473508864641e-12
70.89999999999812,2.945042984061507,0.7260912897368742,0.2724333557770713,4.547473508864641e-12
70.94999999999811,2.94512814733144,0.7261713799416422,0.27250837391957927,4.547473508864641e-12
70.99999999999811,2.945213085765597,0.7262512701733737,0.2725832169399678,4.547473508864641e-12
71.04999999999811,2.945297799985133,0.7263309609313486,0.2726578852157817,4.547473508864641e-12
71.0999999999981,2.945382290609357,0.7264104527136006,0.2727323791239157,5.4569682106375694e-12
71.1499999999981,2.9454665582557418,0.72648974601692,0.2728066990406143,5.4569682106375694e-12
71.1999999999981,2.9455506035399277,0.726568841336857,0.2728808453414723,5.4569682106375694e-12
71.2499999999981,2.9456344270757295,0.7266477391677248,0.2729548184014347,6.366462912410498e-12
71.2999999999981,2.9457180294751413,0.726726440002603,0.27302861859479716,5.4569682106375694e-12
71.34999999999809,2.9458014113483433,0.7268049443333399,0.2731022462952061,5.4569682106375694e-12
71.39999999999809,2.945884573303708,0.7268832526505562,0.2731757018756588,5.4569682106375694e-12
71.44999999999808,2.9459675159478054,0.7269613654436481,0.273248985708504,6.366462912410498e-12
71.49999999999808,2.94605023988541,0.7270392832007898,0.2733220981654417,7.275957614183426e-12
71.54999999999808,2.9461327457195043,0.7271170064089372,0.2733950396175237,6.366462912410498e-12
71.59999999999808,2.946215034051288,0.7271945355538303,0.27346781043515384,7.275957614183426e-12
71.64999999999807,2.946297105480181,0.7272718711199969,0.273540410988088,7.275957614183426e-12
71.69999999999807,2.9463789606038304,0.727349013590755,0.2736128416454347,7.275957614183426e-12
71.74999999999807,2.9464606000181166,0.7274259634482163,0.2736851027756551,7.275957614183426e-12
71.79999999999806,2.946542024317158,0.7275027211732888,0.2737571947465634,7.275957614183426e-12
71.84999999999806,2.9466232340933183,0.7275792872456803,0.2738291179253271,7.275957614183426e-12
71.89999999999806,2.9467042299372097,0.7276556621439009,0.2739008726784673,7.275957614183426e-12
71.94999999999806,2.9467850124377017,0.7277318463452661,0.27397245937185893,6.366462912410498e-12
71.99999999999805,2.9468655821819243,0.7278078403259001,0.2740438783707312,6.366462912410498e-12
72.04999999999805,2.9469459397552753,0.7278836445607384,0.27411513003966764,6.366462912410498e-12
72.09999999999805,2.9470260857414243,0.727959259523531,0.2741862147426067,6.366462912410498e-12
72.14999999999804,2.9471060207223205,0.7280346856868453,0.2742571328428418,6.366462912410498e-12
72.19999999999804,2.9471857452781958,0.7281099235220688,0.2743278847030219,6.366462912410498e-12
72.24999999999804,2.947265259987572,0.7281849734994125,0.27439847068515155,6.366462912410498e-12
72.29999999999804,2.947344565427267,0.7282598360879133,0.27446889115059153,6.366462912410498e-12
72.34999999999803,2.947423662172398,0.7283345117554376,0.2745391464600589,6.366462912410498e-12
72.39999999999803,2.947502550796389,0.7284090009686836,0.27460923697362755,5.4569682106375694e-12
72.44999999999803,2.9475812318709753,0.7284833041931843,0.27467916305072837,6.366462912410498e-12
72.49999999999802,2.9476597059662093,0.728557421893311,0.2747489250501498,5.4569682106375694e-12
72.54999999999802,2.9477379736504665,0.7286313545322753,0.27481852333003803,5.4569682106375694e-12
72.59999999999802,2.9478160354904497,0.728705102572133,0.27488795824789736,5.4569682106375694e-12
72.64999999999802,2.9478938920511952,0.7287786664737858,0.2749572301605907,5.4569682106375694e-12
72.69999999999801,2.9479715438960787,0.7288520466969852,0.2750263394243398,5.4569682106375694e-12
72.74999999999801,2.9480489915868193,0.728925243700335,0.27509528639472575,6.366462912410498e-12
72.79999999999801,2.948126235683486,0.7289982579412938,0.27516407142668925,5.4569682106375694e-12
72.849999999998,2.9482032767445028,0.7290710898761786,0.27523269487453106,6.366462912410498e-12
72.899999999998,2.9482801153266536,0.7291437399601672,0.27530115709191244,6.366462912410498e-12
72.949999999998,2.9483567519850884,0.7292162086473009,0.2753694584318554,6.366462912410498e-12
72.999999999998,2.948433187273327,0.7292884963904874,0.27543759924674327,6.366462912410498e-12
73.049999999998,2.948509421743266,0.7293606036415042,0.2755055798883209,5.4569682106375694e-12
73.09999999999799,2.948585455945183,0.7294325308510008,0.2755734007076954,6.366462912410498e-12
73.14999999999799,2.948661290427742,0.7295042784685015,0.27564106205533623,6.366462912410498e-12
73.19999999999798,2.948736925737998,0.7295758469424085,0.2757085642810757,6.366462912410498e-12
73.24999999999798,2.9488123624214047,0.7296472367200048,0.27577590773410954,7.275957614183426e-12
73.29999999999798,2.9488876010218164,0.7297184482474564,0.2758430927629972,6.366462912410498e-12
73.34999999999798,2.9489626420814954,0.7297894819698157,0.27591011971566226,6.366462912410498e-12
73.39999999999797,2.9490374861411155,0.7298603383310243,0.2759769889393931,6.366462912410498e-12
73.44999999999797,2.9491121337397685,0.7299310177739149,0.276043700780843,6.366462912410498e-12
73.49999999999797,2.9491865854149686,0.7300015207402153,0.2761102555860308,6.366462912410498e-12
73.54999999999797,2.9492608417026576,0.7300718476705501,0.2761766537003414,6.366462912410498e-12
73.59999999999796,2.94933490313721,0.7301419990044443,0.27624289546852604,6.366462912410498e-12
73.64999999999796,2.9494087702514373,0.7302119751803253,0.2763089812347029,6.366462912410498e-12
73.69999999999796,2.949482443576595,0.7302817766355262,0.2763749113423575,7.275957614183426e-12
73.74999999999795,2.949555923642386,0.7303514038062882,0.2764406861343432,6.366462912410498e-12
73.79999999999795,2.949629210976964,0.7304208571277634,0.27650630595288167,6.366462912410498e-12
73.84999999999795,2.9497023061069436,0.7304901370340177,0.2765717711395633,6.366462912410498e-12
73.89999999999795,2.9497752095573997,0.7305592439580332,0.2766370820353479,7.275957614183426e-12
73.94999999999794,2.9498479218518754,0.7306281783317111,0.2767022389805649,6.366462912410498e-12
73.99999999999794,2.949920443512386,0.7306969405858745,0.276767242314914,6.366462912410498e-12
74.04999999999794,2.9499927750594246,0.7307655311502709,0.2768320923774657,5.4569682106375694e-12
74.09999999999793,2.950064917011966,0.7308339504535748,0.2768967895066617,5.4569682106375694e-12
74.14999999999793,2.9501368698874733,0.7309021989233907,0.2769613340403154,5.4569682106375694e-12
74.19999999999793,2.9502086342019,0.7309702769862555,0.27702572631561256,6.366462912410498e-12
74.24999999999793,2.9502802104696966,0.7310381850676412,0.27708996666911156,5.4569682106375694e-12
74.29999999999792,2.950351599203816,0.7311059235919576,0.2771540554367442,5.4569682106375694e-12
74.34999999999792,2.9504228009157165,0.7311734929825551,0.27721799295381605,5.4569682106375694e-12
74.39999999999792,2.950493816115369,0.731240893661727,0.2772817795550069,5.4569682106375694e-12
74.44999999999791,2.950564645311258,0.7313081260507124,0.2773454155743715,5.4569682106375694e-12
74.49999999999791,2.9506352890103913,0.7313751905696989,0.2774089013453399,5.4569682106375694e-12
74.54999999999791,2.9507057477182994,0.731442087637825,0.2774722372007181,4.547473508864641e-12
74.5999999999979,2.9507760219390446,0.7315088176731829,0.2775354234726886,5.4569682106375694e-12
74.6499999999979,2.9508461121752236,0.7315753810928207,0.2775984604928108,4.547473508864641e-12
74.6999999999979,2.9509160189279724,0.7316417783127457,0.27766134859202163,4.547473508864641e-12
74.7499999999979,2.950985742696971,0.7317080097479264,0.2777240881006362,4.547473508864641e-12
74.7999999999979,2.951055283980448,0.7317740758122954,0.2777866793483482,4.547473508864641e-12
74.84999999999789,2.951124643275185,0.7318399769187519,0.2778491226642305,4.547473508864641e-12
74.89999999999789,2.951193821076523,0.7319057134791642,0.2779114183767358,4.547473508864641e-12
74.94999999999789,2.951262817878364,0.7319712859043725,0.27797356681369695,4.547473508864641e-12
74.99999999999788,2.9513316341731772,0.7320366946041912,0.27803556830232784,5.4569682106375694e-12
75.04999999999788,2.9514002704520044,0.7321019399874115,0.27809742316922376,5.4569682106375694e-12
75.09999999999788,2.951468727204463,0.7321670224618041,0.278159131740362,5.4569682106375694e-12
75.14999999999787,2.9515370049187513,0.7322319424341218,0.27822069434110247,5.4569682106375694e-12
75.19999999999787,2.9516051040816524,0.7322967003101019,0.27828211129618824,4.547473508864641e-12
75.24999999999787,2.9516730251785397,0.7323612964944684,0.27834338292974614,4.547473508864641e-12
75.29999999999787,2.9517407686933805,0.7324257313909353,0.2784045095652874,5.4569682106375694e-12
75.34999999999786,2.951808335108741,0.7324900054022084,0.2784654915257081,4.547473508864641e-12
75.39999999999786,2.95187572490579,0.7325541189299885,0.2785263291332899,5.4569682106375694e-12
75.44999999999786,2.951942938564304,0.732618072374973,0.2785870227097006,5.4569682106375694e-12
75.49999999999785,2.952009976562672,0.7326818661368594,0.2786475725759947,5.4569682106375694e-12
75.54999999999785,2.9520768393778987,0.732745500614347,0.278707979052614,5.4569682106375694e-12
75.59999999999785,2.95214352748561,0.7328089762051397,0.27876824245938825,5.4569682106375694e-12
75.64999999999785,2.952210041360056,0.7328722933059488,0.2788283631155357,6.366462912410498e-12
75.69999999999784,2.9522763814741175,0.732935452312495,0.2788883413396639,6.366462912410498e-12
75.74999999999784,2.9523425482993084,0.732998453619511,0.2789481774497699,6.366462912410498e-12
75.79999999999784,2.952408542305781,0.733061297620744,0.2790078717632413,5.4569682106375694e-12
75.84999999999783,2.952474363962329,0.7331239847089582,0.27906742459685674,5.4569682106375694e-12
75.89999999999783,2.952540013736395,0.7331865152759374,0.2791268362667863,5.4569682106375694e-12
75.94999999999783,2.95260549209407,0.7332488897124868,0.2791861070885925,5.4569682106375694e-12
75.99999999999783,2.952670799500102,0.7333111084084365,0.2792452373772305,4.547473508864641e-12
76.04999999999782,2.952735936417898,0.7333731717526429,0.2793042274470492,5.4569682106375694e-12
76.09999999999782,2.952800903309528,0.7334350801329919,0.2793630776117915,5.4569682106375694e-12
76.14999999999782,2.952865700635731,0.7334968339364006,0.2794217881845951,4.547473508864641e-12
76.19999999999781,2.9529303288559174,0.7335584335488207,0.2794803594779931,5.4569682106375694e-12
76.24999999999781,2.9529947884281746,0.7336198793552396,0.27953879180391467,4.547473508864641e-12
76.29999999999781,2.95305907980927,0.7336811717396843,0.27959708547368567,4.547473508864641e-12
76.3499999999978,2.9531232034546555,0.7337423110852223,0.2796552407980293,5.4569682106375694e-12
76.3999999999978,2.9531871598184725,0.7338032977739651,0.2797132580870667,5.4569682106375694e-12
76.4499999999978,2.953250949353554,0.7338641321870704,0.27977113765031775,5.4569682106375694e-12
76.4999999999978,2.953314572511432,0.7339248147047438,0.27982887979670157,5.4569682106375694e-12
76.5499999999978,2.9533780297423373,0.7339853457062421,0.27988648483453726,5.4569682106375694e-12
76.59999999999779,2.9534413214952075,0.7340457255698749,0.2799439530715445,5.4569682106375694e-12
76.64999999999779,2.9535044482176893,0.7341059546730075,0.2800012848148443,6.366462912410498e-12
76.69999999999779,2.953567410356142,0.7341660333920631,0.28005848037095954,6.366462912410498e-12
76.74999999999778,2.953630208355643,0.7342259621025249,0.28011554004581574,6.366462912410498e-12
76.79999999999778,2.953692842659991,0.7342857411789387,0.28017246414474173,6.366462912410498e-12
76.84999999999778,2.9537553137117096,0.7343453709949155,0.28022925297247026,6.366462912410498e-12
76.89999999999777,2.9538176219520524,0.734404851923133,0.2802859068331387,5.4569682106375694e-12
76.94999999999777,2.9538797678210065,0.7344641843353389,0.2803424260302897,5.4569682106375694e-12
76.99999999999777,2.9539417517572955,0.7345233686023525,0.28039881086687196,5.4569682106375694e-12
77.04999999999777,2.954003574198385,0.7345824050940674,0.28045506164524076,5.4569682106375694e-12
77.09999999999776,2.9540652355804857,0.7346412941794537,0.2805111786671587,5.4569682106375694e-12
77.14999999999776,2.9541267363385577,0.7347000362265603,0.2805671622337965,4.547473508864641e-12
77.19999999999776,2.954188076906314,0.7347586316025172,0.2806230126457336,4.547473508864641e-12
77.24999999999775,2.9542492577162247,0.7348170806735378,0.28067873020295864,4.547473508864641e-12
77.29999999999775,2.9543102791995204,0.7348753838049212,0.2807343152048706,4.547473508864641e-12
77.34999999999775,2.954371141786197,0.7349335413610545,0.2807897679502791,4.547473508864641e-12
77.39999999999775,2.9544318459050194,0.7349915537054149,0.2808450887374053,4.547473508864641e-12
77.44999999999774,2.9544923919835235,0.7350494212005723,0.2809002778638826,4.547473508864641e-12
77.49999999999774,2.954552780448023,0.7351071442081912,0.2809553356267571,4.547473508864641e-12
77.54999999999774,2.9546130117236116,0.7351647230890334,0.2810102623224887,4.547473508864641e-12
77.59999999999773,2.9546730862341657,0.7352221582029597,0.28106505824695144,4.547473508864641e-12
77.64999999999773,2.954733004402351,0.7352794499089326,0.28111972369543436,4.547473508864641e-12
77.69999999999773,2.9547927666496236,0.7353365985650183,0.28117425896264225,4.547473508864641e-12
77.74999999999773,2.9548523733962355,0.7353936045283892,0.2812286643426963,5.4569682106375694e-12
77.79999999999772,2.9549118250612376,0.7354504681553258,0.28128294012913474,4.547473508864641e-12
77.84999999999772,2.9549711220624837,0.735507189801219,0.2813370866149138,5.4569682106375694e-12
77.89999999999772,2.955030264816634,0.7355637698205726,0.2813911040924081,4.547473508864641e-12
77.94999999999771,2.955089253739158,0.7356202085670053,0.2814449928534116,4.547473508864641e-12
77.99999999999771,2.955148089244341,0.7356765063932527,0.2814987531891383,4.547473508864641e-12
78.04999999999771,2.955206771745285,0.73573266365117,0.28155238539022276,3.637978807091713e-12
78.0999999999977,2.955265301653913,0.7357886806917336,0.28160588974672107,3.637978807091713e-12
78.1499999999977,2.9553236793809736,0.7358445578650441,0.28165926654811146,3.637978807091713e-12
78.1999999999977,2.9553819053360435,0.7359002955203274,0.28171251608329506,3.637978807091713e-12
78.2499999999977,2.9554399799275317,0.7359558940059381,0.28176563864059656,3.637978807091713e-12
78.2999999999977,2.955497903562683,0.7360113536693605,0.281818634507765,3.637978807091713e-12
78.34999999999769,2.955555676647583,0.7360666748572119,0.2818715039719745,3.637978807091713e-12
78.39999999999769,2.9556132995871582,0.7361218579152436,0.28192424731982496,2.7284841053187847e-12
78.44999999999769,2.955670772785184,0.7361769031883442,0.2819768648373428,2.7284841053187847e-12
78.49999999999768,2.9557280966442843,0.7362318110205407,0.28202935680998176,2.7284841053187847e-12
78.54999999999768,2.955785271565938,0.7362865817550016,0.28208172352262356,2.7284841053187847e-12
78.59999999999768,2.9558422979504804,0.7363412157340384,0.2821339652595787,2.7284841053187847e-12
78.64999999999768,2.955899176197109,0.7363957132991081,0.282186082304587,3.637978807091713e-12
78.69999999999767,2.9559559067038848,0.736450074790815,0.28223807494081876,3.637978807091713e-12
78.74999999999767,2.956012489867737,0.736504300548913,0.28228994345087505,3.637978807091713e-12
78.79999999999767,2.956068926084466,0.7365583909123079,0.2823416881167888,2.7284841053187847e-12
78.84999999999766,2.9561252157487483,0.7366123462190591,0.28239330922002526,3.637978807091713e-12
78.89999999999766,2.9561813592541375,0.7366661668063823,0.282444807041483,3.637978807091713e-12
78.94999999999766,2.9562373569930696,0.736719853010651,0.2824961818614945,3.637978807091713e-12
78.99999999999766,2.956293209356866,0.7367734051673989,0.28254743395982695,2.7284841053187847e-12
79.04999999999765,2.9563489167357373,0.736826823611322,0.28259856361568303,2.7284841053187847e-12
79.09999999999765,2.956404479518786,0.7368801086762807,0.2826495711077016,2.7284841053187847e-12
79.14999999999765,2.95645989809401,0.7369332606953019,0.28270045671395855,3.637978807091713e-12
79.19999999999764,2.956515172848307,0.7369862800005806,0.2827512207119674,2.7284841053187847e-12
79.24999999999764,2.956570304167476,0.7370391669234831,0.2828018633786802,1.8189894035458565e-12
79.29999999999764,2.9566252924362226,0.7370919217945479,0.28285238499048826,2.7284841053187847e-12
79.34999999999764,2.956680138038162,0.7371445449434881,0.28290278582322287,2.7284841053187847e-12
79.39999999999763,2.9567348413558223,0.737197036699194,0.2829530661521561,3.637978807091713e-12
79.44999999999763,2.956789402770646,0.7372493973897346,0.28300322625200147,3.637978807091713e-12
79.49999999999763,2.9568438226629956,0.7373016273423596,0.2830532663969149,3.637978807091713e-12
79.54999999999762,2.9568981014121567,0.7373537268835019,0.2831031868604953,3.637978807091713e-12
79.59999999999762,2.9569522393963403,0.7374056963387793,0.28315298791578536,3.637978807091713e-12
79.64999999999762,2.957006236992687,0.7374575360329966,0.2832026698352724,3.637978807091713e-12
79.69999999999762,2.95706009457727,0.7375092462901476,0.28325223289088913,4.547473508864641e-12
79.74999999999761,2.957113812525097,0.7375608274334172,0.2833016773540143,4.547473508864641e-12
79.79999999999761,2.957167391210117,0.7376122797851834,0.2833510034954736,4.547473508864641e-12
79.8499999999976,2.9572208310052193,0.7376636036670193,0.2834002115855404,4.547473508864641e-12
79.8999999999976,2.9572741322822402,0.7377147993996953,0.28344930189393647,4.547473508864641e-12
79.9499999999976,2.957327295411964,0.7377658673031805,0.28349827468983274,5.4569682106375694e-12
79.9999999999976,2.957380320764128,0.7378168076966455,0.28354713024185024,4.547473508864641e-12
80.0499999999976,2.957433208707423,0.7378676208984638,0.28359586881806065,4.547473508864641e-12
80.09999999999759,2.9574859596095,0.7379183072262141,0.28364449068598724,4.547473508864641e-12
80.14999999999759,2.957538573836971,0.7379688669966821,0.2836929961126056,3.637978807091713e-12
80.19999999999759,2.9575910517554127,0.7380193005258626,0.2837413853643444,4.547473508864641e-12
80.24999999999758,2.95764339372937,0.7380696081289615,0.28378965870708617,3.637978807091713e-12
80.29999999999758,2.957695600122359,0.7381197901203976,0.28383781640616806,4.547473508864641e-12
80.34999999999758,2.9577476712968704,0.7381698468138048,0.28388585872638267,4.547473508864641e-12
80.39999999999758,2.9577996076143718,0.7382197785220339,0.2839337859319789,4.547473508864641e-12
80.44999999999757,2.957851409435311,0.7382695855571544,0.2839815982866625,4.547473508864641e-12
80.49999999999757,2.9579030771191217,0.7383192682304569,0.28402929605359706,4.547473508864641e-12
80.54999999999757,2.957954611024222,0.7383688268524546,0.2840768794954048,3.637978807091713e-12
80.59999999999756,2.9580060115080204,0.7384182617328855,0.2841243488741672,3.637978807091713e-12
80.64999999999756,2.9580572789269195,0.7384675731807142,0.2841717044514259,3.637978807091713e-12
80.69999999999756,2.958108413636317,0.738516761504134,0.2842189464881835,3.637978807091713e-12
80.74999999999756,2.95815941599061,0.7385658270105686,0.2842660752449043,2.7284841053187847e-12
80.79999999999755,2.9582102863431987,0.7386147700066742,0.284313090981515,3.637978807091713e-12
80.84999999999755,2.958261025046487,0.7386635907983413,0.28435999395740574,2.7284841053187847e-12
80.89999999999755,2.9583116324518874,0.7387122896906967,0.28440678443143064,3.637978807091713e-12
80.94999999999754,2.958362108909825,0.7387608669881054,0.28445346266190874,2.7284841053187847e-12
80.99999999999754,2.958412454769738,0.7388093229941723,0.2845000289066247,2.7284841053187847e-12
81.04999999999754,2.958462670380082,0.7388576580117446,0.2845464834228296,2.7284841053187847e-12
81.09999999999754,2.9585127560883335,0.7389058723429129,0.28459282646724193,2.7284841053187847e-12
81.14999999999753,2.9585627122409917,0.738953966289014,0.284639058296048,2.7284841053187847e-12
81.19999999999753,2.9586125391835827,0.739001940150632,0.2846851791649031,2.7284841053187847e-12
81.24999999999753,2.9586622372606612,0.7390497942276008,0.2847311893289321,1.8189894035458565e-12
81.29999999999752,2.9587118068158147,0.7390975288190053,0.2847770890427303,2.7284841053187847e-12
81.34999999999752,2.9587612481916654,0.739145144223184,0.2848228785603642,1.8189894035458565e-12
81.39999999999752,2.9588105617298734,0.7391926407377304,0.2848685581353724,2.7284841053187847e-12
81.44999999999752,2.9588597477711405,0.7392400186594948,0.28491412802076616,2.7284841053187847e-12
81.49999999999751,2.958908806655212,0.7392872782845867,0.28495958846903047,1.8189894035458565e-12
81.54999999999751,2.95895773872088,0.7393344199083759,0.2850049397321247,2.7284841053187847e-12
81.59999999999751,2.9590065443059856,0.739381443825495,0.2850501820614834,2.7284841053187847e-12
81.6499999999975,2.9590552237474244,0.7394283503298408,0.2850953157080172,2.7284841053187847e-12
81.6999999999975,2.9591037773811455,0.7394751397145763,0.2851403409221135,3.637978807091713e-12
81.7499999999975,2.959152205542157,0.7395218122721328,0.28518525795363725,2.7284841053187847e-12
81.7999999999975,2.9592005085645288,0.739568368294211,0.2852300670519319,2.7284841053187847e-12
81.8499999999975,2.959248686781394,0.7396148080717837,0.28527476846582,2.7284841053187847e-12
81.89999999999749,2.959296740524953,0.739661131895097,0.28531936244360423,1.8189894035458565e-12
81.94999999999749,2.959344670126476,0.7397073400536723,0.285363849233068,2.7284841053187847e-12
81.99999999999748,2.959392475916305,0.7397534328363083,0.28540822908147645,2.7284841053187847e-12
82.04999999999748,2.9594401582238583,0.7397994105310824,0.28545250223557694,2.7284841053187847e-12
82.09999999999748,2.9594877173776317,0.739845273425353,0.28549666894160025,2.7284841053187847e-12
82.14999999999748,2.9595351537052017,0.7398910218057607,0.28554072944526104,2.7284841053187847e-12
82.19999999999747,2.959582467533229,0.7399366559582307,0.2855846839917589,2.7284841053187847e-12
82.24999999999747,2.959629659187461,0.739982176167974,0.28562853282577905,2.7284841053187847e-12
82.29999999999747,2.9596767289927337,0.7400275827194899,0.28567227619149305,2.7284841053187847e-12
82.34999999999746,2.959723677272975,0.740072875896567,0.28571591433255983,2.7284841053187847e-12
82.39999999999746,2.9597705043512077,0.7401180559822856,0.2857594474921263,2.7284841053187847e-12
82.44999999999746,2.959817210549552,0.7401631232590191,0.28580287591282816,3.637978807091713e-12
82.49999999999746,2.959863796189229,0.7402080780084357,0.285846199836791,3.637978807091713e-12
82.54999999999745,2.959910261590562,0.7402529205115006,0.2858894195056306,3.637978807091713e-12
82.59999999999745,2.9599566070729795,0.7402976510484773,0.28593253516045425,3.637978807091713e-12
82.64999999999745,2.960002832955019,0.7403422698989297,0.2859755470418612,3.637978807091713e-12
82.69999999999744,2.9600489395543286,0.7403867773417235,0.2860184553899435,3.637978807091713e-12
82.74999999999744,2.9600949271876704,0.7404311736550283,0.2860612604442872,3.637978807091713e-12
82.79999999999744,2.9601407961709225,0.7404754591163191,0.2861039624439725,4.547473508864641e-12
82.84999999999744,2.9601865468190818,0.740519634002378,0.2861465616275752,4.547473508864641e-12
82.89999999999743,2.9602321794462676,0.7405636985892962,0.286189058233167,3.637978807091713e-12
82.94999999999743,2.9602776943657227,0.7406076531524753,0.28623145249831666,3.637978807091713e-12
82.99999999999743,2.9603230918898173,0.7406514979666297,0.28627374466009065,3.637978807091713e-12
83.04999999999742,2.9603683723300507,0.7406952333057875,0.286315934955054,3.637978807091713e-12
83.09999999999742,2.9604135359970547,0.7407388594432927,0.28635802361927104,3.637978807091713e-12
83.14999999999742,2.960458583200596,0.7407823766518069,0.28640001088830636,3.637978807091713e-12
83.19999999999742,2.960503514249578,0.7408257852033109,0.28644189699722544,4.547473508864641e-12
83.24999999999741,2.960548329452045,0.7408690853691063,0.28648368218059556,3.637978807091713e-12
83.29999999999741,2.960593029115183,0.7409122774198176,0.2865253666724866,3.637978807091713e-12
83.34999999999741,2.9606376135453236,0.7409553616253931,0.28656695070647187,3.637978807091713e-12
83.3999999999974,2.960682083047946,0.7409983382551076,0.28660843451562884,3.637978807091713e-12
83.4499999999974,2.9607264379276796,0.7410412075775634,0.28664981833254005,3.637978807091713e-12
83.4999999999974,2.9607706784883066,0.741083969860692,0.28669110238929385,3.637978807091713e-12
83.5499999999974,2.960814805032764,0.7411266253717561,0.2867322869174852,3.637978807091713e-12
83.5999999999974,2.9608588178631474,0.741169174377351,0.2867733721482166,4.547473508864641e-12
83.64999999999739,2.9609027172807125,0.7412116171434063,0.28681435831209867,3.637978807091713e-12
83.69999999999739,2.960946503585878,0.7412539539351879,0.28685524563925124,3.637978807091713e-12
83.74999999999739,2.9609901770782283,0.741296185017299,0.28689603435930394,4.547473508864641e-12
83.79999999999738,2.9610337380565146,0.7413383106536825,0.2869367247013971,4.547473508864641e-12
83.84999999999738,2.961077186818659,0.741380331107622,0.28697731689418254,5.4569682106375694e-12
83.89999999999738,2.9611205236617577,0.7414222466417439,0.2870178111658245,4.547473508864641e-12
83.94999999999737,2.9611637488820803,0.7414640575180189,0.2870582077440002,4.547473508864641e-12
83.99999999999737,2.961206862775075,0.7415057639977634,0.2870985068559009,4.547473508864641e-12
84.04999999999737,2.9612498656353714,0.7415473663416414,0.28713870872823244,4.547473508864641e-12
84.09999999999737,2.96129275775678,0.7415888648096663,0.2871788135872164,4.547473508864641e-12
84.14999999999736,2.961335539432297,0.7416302596612021,0.28721882165859064,3.637978807091713e-12
84.19999999999736,2.961378210954107,0.7416715511549652,0.28725873316761014,3.637978807091713e-12
84.24999999999736,2.9614207726135837,0.7417127395490261,0.2872985483390479,3.637978807091713e-12
84.29999999999735,2.9614632247012938,0.7417538251008108,0.28733826739719576,3.637978807091713e-12
84.34999999999735,2.961505567506998,0.7417948080671027,0.2873778905658651,3.637978807091713e-12
84.39999999999735,2.9615478013196554,0.7418356887040441,0.2874174180683877,3.637978807091713e-12
84.44999999999735,2.961589926427424,0.7418764672671377,0.2874568501276166,3.637978807091713e-12
84.49999999999734,2.961631943117664,0.7419171440112482,0.2874961869659268,3.637978807091713e-12
84.54999999999734,2.96167385167694,0.7419577191906039,0.28753542880521626,2.7284841053187847e-12
84.59999999999734,2.961715652391023,0.7419981930587985,0.28757457586690643,3.637978807091713e-12
84.64999999999733,2.9617573455448936,0.7420385658687925,0.2876136283719433,3.637978807091713e-12
84.69999999999733,2.961798931422744,0.7420788378729146,0.28765258654079817,3.637978807091713e-12
84.74999999999733,2.96184041030798,0.7421190093228638,0.2876914505934683,4.547473508864641e-12
84.79999999999733,2.961881782483223,0.7421590804697104,0.2877302207494779,3.637978807091713e-12
84.84999999999732,2.961923048230314,0.7421990515638978,0.28776889722787885,3.637978807091713e-12
84.89999999999732,2.961964207830314,0.7422389228552443,0.2878074802472515,4.547473508864641e-12
84.94999999999732,2.962005261563507,0.7422786945929443,0.2878459700257055,4.547473508864641e-12
84.99999999999731,2.9620462097094027,0.74231836702557,0.28788436678088064,4.547473508864641e-12
85.04999999999731,2.9620870525467393,0.7423579404010731,0.28792267072994765,4.547473508864641e-12
85.09999999999731,2.9621277903534837,0.742397414966786,0.28796088208960896,4.547473508864641e-12
85.1499999999973,2.9621684234068364,0.7424367909694237,0.2879990010760995,4.547473508864641e-12
85.1999999999973,2.9622089519832313,0.7424760686550852,0.28803702790518754,3.637978807091713e-12
85.2499999999973,2.96224937635834,0.7425152482692549,0.28807496279217554,4.547473508864641e-12
85.2999999999973,2.962289696807073,0.7425543300568043,0.2881128059519009,3.637978807091713e-12
85.3499999999973,2.962329913603582,0.7425933142619936,0.28815055759873676,2.7284841053187847e-12
85.39999999999729,2.9623700270212625,0.7426322011284731,0.2881882179465928,3.637978807091713e-12
85.44999999999729,2.962410037332756,0.7426709908992846,0.28822578720891606,3.637978807091713e-12
85.49999999999729,2.962449944809952,0.7427096838168632,0.2882632655986918,3.637978807091713e-12
85.54999999999728,2.9624897497239897,0.7427482801230388,0.2883006533284443,3.637978807091713e-12
85.59999999999728,2.962529452345262,0.7427867800590373,0.2883379506102375,3.637978807091713e-12
85.64999999999728,2.962569052943416,0.7428251838654822,0.28837515765567595,3.637978807091713e-12
85.69999999999727,2.9626085517873557,0.7428634917823966,0.28841227467590563,3.637978807091713e-12
85.74999999999727,2.9626479491452438,0.7429017040492039,0.2884493018816147,4.547473508864641e-12
85.79999999999727,2.9626872452845054,0.7429398209047298,0.28848623948303437,3.637978807091713e-12
85.84999999999727,2.9627264404718283,0.7429778425872039,0.28852308768993956,3.637978807091713e-12
85.89999999999726,2.9627655349731667,0.7430157693342607,0.2885598467116498,4.547473508864641e-12
85.94999999999726,2.962804529053742,0.7430536013829416,0.2885965167570301,4.547473508864641e-12
85.99999999999726,2.962843422978046,0.7430913389696959,0.28863309803449155,4.547473508864641e-12
86.04999999999725,2.9628822170098426,0.7431289823303828,0.28866959075199233,4.547473508864641e-12
86.09999999999725,2.96292091141217,0.7431665317002724,0.2887059951170384,4.547473508864641e-12
86.14999999999725,2.9629595064473433,0.7432039873140474,0.28874231133668443,4.547473508864641e-12
86.19999999999725,2.9629980023769553,0.7432413494058046,0.2887785396175343,4.547473508864641e-12
86.24999999999724,2.9630363994618807,0.7432786182090562,0.28881468016574224,4.547473508864641e-12
86.29999999999724,2.963074697962276,0.7433157939567314,0.28885073318701343,4.547473508864641e-12
86.34999999999724,2.9631128981375836,0.743352876881178,0.2888866988866049,4.547473508864641e-12
86.39999999999723,2.9631510002465324,0.7433898672141634,0.2889225774693262,3.637978807091713e-12
86.44999999999723,2.9631890045471407,0.7434267651868764,0.28895836913954037,4.547473508864641e-12
86.49999999999723,2.963226911296718,0.7434635710299287,0.2889940741011646,4.547473508864641e-12
86.54999999999723,2.9632647207518668,0.7435002849733557,0.28902969255767114,4.547473508864641e-12
86.59999999999722,2.9633024331684856,0.7435369072466192,0.2890652247120879,4.547473508864641e-12
86.64999999999722,2.9633400488017707,0.7435734380786075,0.2891006707669995,5.4569682106375694e-12
86.69999999999722,2.963377567906217,0.7436098776976376,0.289136030924548,5.4569682106375694e-12
86.74999999999721,2.9634149907356218,0.7436462263314565,0.2891713053864334,5.4569682106375694e-12
86.79999999999721,2.9634523175430854,0.7436824842072424,0.2892064943539149,6.366462912410498e-12
86.84999999999721,2.9634895485810144,0.7437186515516062,0.28924159802781135,5.4569682106375694e-12
86.8999999999972,2.963526684101123,0.7437547285905933,0.2892766166085023,5.4569682106375694e-12
86.9499999999972,2.9635637243544357,0.7437907155496845,0.2893115502959285,5.4569682106375694e-12
86.9999999999972,2.9636006695912878,0.7438266126537975,0.2893463992895929,5.4569682106375694e-12
87.0499999999972,2.9636375200613294,0.7438624201272886,0.28938116378856144,6.366462912410498e-12
87.0999999999972,2.963674276013526,0.743898138193954,0.2894158439914638,5.4569682106375694e-12
87.14999999999719,2.963710937696161,0.7439337670770308,0.2894504400964941,6.366462912410498e-12
87.19999999999719,2.9637475053568374,0.743969306999199,0.2894849523014119,5.4569682106375694e-12
87.24999999999719,2.9637839792424807,0.7440047581825825,0.2895193808035428,5.4569682106375694e-12
87.29999999999718,2.96382035959934,0.7440401208487505,0.2895537257997792,5.4569682106375694e-12
87.34999999999718,2.96385664667299,0.7440753952187191,0.28958798748658143,6.366462912410498e-12
87.39999999999718,2.9638928407083336,0.7441105815129525,0.28962216605997804,6.366462912410498e-12
87.44999999999717,2.963928941949603,0.7441456799513645,0.289656261715567,5.4569682106375694e-12
87.49999999999717,2.9639649506403623,0.7441806907533197,0.2896902746485163,6.366462912410498e-12
87.54999999999717,2.9640008670235094,0.744215614137635,0.2897242050535648,5.4569682106375694e-12
87.59999999999717,2.9640366913412777,0.7442504503225812,0.28975805312502284,5.4569682106375694e-12
87.64999999999716,2.9640724238352383,0.7442851995258837,0.28979181905677337,5.4569682106375694e-12
87.69999999999716,2.9641080647463016,0.7443198619647244,0.28982550304227245,5.4569682106375694e-12
87.74999999999716,2.96414361431472,0.7443544378557433,0.2898591052745501,6.366462912410498e-12
87.79999999999715,2.9641790727800887,0.7443889274150389,0.2898926259462112,6.366462912410498e-12
87.84999999999715,2.9642144403813484,0.7444233308581706,0.289926065249436,5.4569682106375694e-12
87.89999999999715,2.964249717356787,0.7444576484001593,0.28995942337598124,6.366462912410498e-12
87.94999999999715,2.964284903944041,0.7444918802554892,0.2899927005171808,5.4569682106375694e-12
87.99999999999714,2.964320000380099,0.7445260266381089,0.2900258968639463,5.4569682106375694e-12
88.04999999999714,2.9643550069013016,0.7445600877614327,0.2900590126067682,6.366462912410498e-12
88.09999999999714,2.9643899237433446,0.7445940638383421,0.29009204793571636,6.366462912410498e-12
88.14999999999714,2.96442475114128,0.7446279550811873,0.2901250030404408,6.366462912410498e-12
88.19999999999713,2.964459489329519,0.7446617617017879,0.29015787811017274,6.366462912410498e-12
88.24999999999713,2.9644941385418324,0.7446954839114348,0.290190673333725,7.275957614183426e-12
88.29999999999713,2.964528699011354,0.7447291219208915,0.2902233888994932,6.366462912410498e-12
88.34999999999712,2.9645631709705818,0.7447626759403949,0.29025602499545605,7.275957614183426e-12
88.39999999999712,2.964597554651379,0.7447961461796574,0.2902885818091766,7.275957614183426e-12
88.44999999999712,2.964631850284977,0.7448295328478675,0.29032105952780274,7.275957614183426e-12
88.49999999999712,2.9646660581019773,0.7448628361536912,0.290353458338068,7.275957614183426e-12
88.54999999999711,2.964700178332352,0.744896056305274,0.29038577842629254,7.275957614183426e-12
88.59999999999711,2.964734211205448,0.7449291935102413,0.2904180199783835,7.275957614183426e-12
88.6499999999971,2.9647681569499853,0.7449622479757003,0.29045018317983623,7.275957614183426e-12
88.6999999999971,2.964802015794062,0.7449952199082409,0.2904822682157347,7.275957614183426e-12
88.7499999999971,2.964835787965156,0.7450281095139373,0.2905142752707526,7.275957614183426e-12
88.7999999999971,2.9648694736901238,0.7450609169983491,0.2905462045291538,8.185452315956354e-12
88.8499999999971,2.9649030731952055,0.7450936425665227,0.2905780561747934,8.185452315956354e-12
88.89999999999709,2.964936586706025,0.7451262864229925,0.2906098303911182,8.185452315956354e-12
88.94999999999709,2.9649700144475917,0.7451588487717823,0.29064152736116783,8.185452315956354e-12
88.99999999999709,2.965003356644304,0.7451913298164063,0.29067314726757515,9.094947017729282e-12
89.04999999999708,2.965036613519949,0.7452237297598707,0.29070469029256724,9.094947017729282e-12
89.09999999999708,2.965069785297705,0.7452560488046748,0.2907361566179662,9.094947017729282e-12
89.14999999999708,2.9651028722001427,0.7452882871528123,0.29076754642518976,9.094947017729282e-12
89.19999999999708,2.9651358744492295,0.7453204450057723,0.2907988598952521,9.094947017729282e-12
89.24999999999707,2.965168792266328,0.7453525225645413,0.29083009720876474,9.094947017729282e-12
89.29999999999707,2.965201625872199,0.7453845200296035,0.2908612585459371,9.094947017729282e-12
89.34999999999707,2.965234375487004,0.7454164376009429,0.2908923440865773,9.094947017729282e-12
89.39999999999706,2.9652670413303057,0.7454482754780438,0.2909233540100933,1.000444171950221e-11
89.44999999999706,2.965299623621071,0.7454800338598927,0.290954288495493,1.000444171950221e-11
89.49999999999706,2.9653321225776716,0.7455117129449791,0.2909851477213855,1.0913936421275139e-11
89.54999999999706,2.9653645384178864,0.7455433129312969,0.29101593186598174,1.000444171950221e-11
89.59999999999705,2.9653968713589025,0.7455748340163459,0.29104664110709516,1.000444171950221e-11
89.64999999999705,2.965429121617318,0.7456062763971325,0.2910772756221426,1.000444171950221e-11
89.69999999999705,2.9654612894091423,0.7456376402701711,0.29110783558814496,1.000444171950221e-11
89.74999999999704,2.9654933749497996,0.7456689258314858,0.291138321181728,1.000444171950221e-11
89.79999999999704,2.965525378454129,0.745700133276611,0.29116873257912307,1.000444171950221e-11
89.84999999999704,2.965557300136387,0.7457312628005929,0.2911990699561679,1.000444171950221e-11
89.89999999999704,2.9655891402102483,0.7457623145979907,0.2912293334883073,9.094947017729282e-12
89.94999999999703,2.965620898888809,0.7457932888628779,0.291259523350594,9.094947017729282e-12
89.99999999999703,2.9656525763845876,0.7458241857888434,0.2912896397176894,9.094947017729282e-12
90.04999999999703,2.965684172909525,0.7458550055689926,0.2913196827638641,9.094947017729282e-12
90.09999999999702,2.965715688674989,0.745885748395949,0.29134965266299906,1.000444171950221e-11
90.14999999999702,2.965747123891774,0.745916414461855,0.291379549588586,9.094947017729282e-12
90.19999999999702,2.965778478770104,0.7459470039583731,0.2914093737137282,9.094947017729282e-12
90.24999999999702,2.965809753519632,0.7459775170766875,0.2914391252111415,9.094947017729282e-12
90.29999999999701,2.965840948349445,0.7460079540075049,0.2914688042531548,9.094947017729282e-12
90.34999999999701,2.9658720634680615,0.7460383149410558,0.29149841101171087,8.185452315956354e-12
90.39999999999701,2.965903099083438,0.7460686000670959,0.2915279456583671,8.185452315956354e-12
90.449999999997,2.9659340554029656,0.7460988095749068,0.2915574083642963,8.185452315956354e-12
90.499999999997,2.965964932633476,0.746128943653298,0.2915867993002873,8.185452315956354e-12
90.549999999997,2.9659957309812395,0.746159002490607,0.29161611863674597,9.094947017729282e-12
90.599999999997,2.96602645065197,0.7461889862747013,0.2916453665436956,9.094947017729282e-12
90.649999999997,2.966057091850823,0.7462188951929795,0.291674543190778,9.094947017729282e-12
90.69999999999699,2.9660876547824007,0.7462487294323719,0.2917036487472541,8.185452315956354e-12
90.74999999999699,2.9661181396507508,0.7462784891793424,0.2917326833820044,8.185452315956354e-12
90.79999999999698,2.9661485466593702,0.7463081746198892,0.2917616472635303,8.185452315956354e-12
90.84999999999698,2.9661788760112047,0.746337785939546,0.2917905405599544,8.185452315956354e-12
90.89999999999698,2.966209127908652,0.7463673233233834,0.2918193634390213,8.185452315956354e-12
90.94999999999698,2.966239302553563,0.7463967869560099,0.2918481160680985,7.275957614183426e-12
90.99999999999697,2.9662694001472425,0.7464261770215729,0.29187679861417704,7.275957614183426e-12
91.04999999999697,2.9662994208904525,0.7464554937037601,0.2919054112438721,7.275957614183426e-12
91.09999999999697,2.9663293649834115,0.7464847371858006,0.291933954123424,7.275957614183426e-12
91.14999999999696,2.966359232625798,0.7465139076504659,0.29196242741869877,7.275957614183426e-12
91.19999999999696,2.966389024016751,0.7465430052800713,0.29199083129518894,7.275957614183426e-12
91.24999999999696,2.9664187393548724,0.7465720302564769,0.29201916591801425,7.275957614183426e-12
91.29999999999696,2.9664483788382268,0.7466009827610884,0.29204743145192236,7.275957614183426e-12
91.34999999999695,2.966477942664345,0.7466298629748589,0.2920756280612896,7.275957614183426e-12
91.39999999999695,2.966507431030225,0.7466586710782894,0.29210375591012183,7.275957614183426e-12
91.44999999999695,2.9665368441323325,0.7466874072514306,0.2921318151620549,7.275957614183426e-12
91.49999999999694,2.9665661821666043,0.7467160716738832,0.29215980598035557,7.275957614183426e-12
91.54999999999694,2.9665954453284473,0.7467446645247998,0.29218772852792224,6.366462912410498e-12
91.59999999999694,2.9666246338127427,0.7467731859828854,0.29221558296728567,7.275957614183426e-12
91.64999999999694,2.966653747813845,0.7468016362263992,0.2922433694606096,7.275957614183426e-12
91.69999999999693,2.966682787525586,0.7468300154331547,0.2922710881696915,7.275957614183426e-12
91.74999999999693,2.9667117531412748,0.7468583237805222,0.29229873925596345,6.366462912410498e-12
91.79999999999693,2.9667406448536986,0.7468865614454284,0.2923263228804927,6.366462912410498e-12
91.84999999999692,2.9667694628551255,0.7469147286043587,0.2923538392039825,6.366462912410498e-12
91.89999999999692,2.9667982073373063,0.7469428254333575,0.29238128838677274,7.275957614183426e-12
91.94999999999692,2.9668268784914744,0.7469708521080302,0.2924086705888407,7.275957614183426e-12
91.99999999999692,2.9668554765083486,0.746998808803543,0.29243598596980175,6.366462912410498e-12
92.04999999999691,2.966884001578134,0.7470266956946252,0.29246323468891017,6.366462912410498e-12
92.09999999999691,2.9669124538905236,0.7470545129555698,0.2924904169050597,6.366462912410498e-12
92.14999999999691,2.9669408336347,0.7470822607602345,0.2925175327767845,6.366462912410498e-12
92.1999999999969,2.9669691409993364,0.7471099392820431,0.2925445824622595,6.366462912410498e-12
92.2499999999969,2.9669973761725976,0.747137548693986,0.2925715661193015,6.366462912410498e-12
92.2999999999969,2.9670255393421434,0.7471650891686219,0.2925984839053697,7.275957614183426e-12
92.3499999999969,2.9670536306951276,0.7471925608780787,0.2926253359775663,7.275957614183426e-12
92.3999999999969,2.9670816504182014,0.7472199639940545,0.2926521224926375,7.275957614183426e-12
92.44999999999689,2.9671095986975136,0.7472472986878187,0.29267884360697405,8.185452315956354e-12
92.49999999999689,2.967137475718712,0.7472745651302128,0.29270549947661184,8.185452315956354e-12
92.54999999999688,2.9671652816669467,0.7473017634916521,0.2927320902572329,8.185452315956354e-12
92.59999999999688,2.9671930167268683,0.7473288939421262,0.2927586161041658,8.185452315956354e-12
92.64999999999688,2.9672206810826327,0.7473559566512004,0.29278507717238667,8.185452315956354e-12
92.69999999999688,2.9672482749178997,0.7473829517880163,0.29281147361651955,8.185452315956354e-12
92.74999999999687,2.9672757984158364,0.7474098795212936,0.29283780559083744,8.185452315956354e-12
92.79999999999687,2.9673032517591174,0.7474367400193304,0.29286407324926284,9.094947017729282e-12
92.84999999999687,2.967330635129927,0.7474635334500047,0.29289027674536844,8.185452315956354e-12
92.89999999999687,2.9673579487099597,0.7474902599807755,0.2929164162323779,9.094947017729282e-12
92.94999999999686,2.967385192680423,0.7475169197786833,0.29294249186316645,9.094947017729282e-12
92.99999999999686,2.9674123672220367,0.7475435130103519,0.29296850379026174,9.094947017729282e-12
93.04999999999686,2.9674394725150366,0.7475700398419889,0.2929944521658443,9.094947017729282e-12
93.09999999999685,2.9674665087391743,0.7475965004393867,0.2930203371417486,9.094947017729282e-12
93.14999999999685,2.9674934760737184,0.7476228949679242,0.29304615886946334,8.185452315956354e-12
93.19999999999685,2.967520374697458,0.7476492235925669,0.2930719175001325,8.185452315956354e-12
93.24999999999685,2.967547204788701,0.7476754864778687,0.29309761318455585,8.185452315956354e-12
93.29999999999684,2.967573966525278,0.7477016837879726,0.2931232460731897,9.094947017729282e-12
93.34999999999684,2.967600660084542,0.7477278156866116,0.2931488163161475,9.094947017729282e-12
93.39999999999684,2.9676272856433714,0.74775388233711,0.29317432406320065,9.094947017729282e-12
93.44999999999683,2.9676538433781694,0.7477798839023844,0.2931997694637793,9.094947017729282e-12
93.49999999999683,2.967680333464867,0.7478058205449443,0.29322515266697274,9.094947017729282e-12
93.54999999999683,2.967706756078923,0.7478316924268937,0.2932504738215303,9.094947017729282e-12
93.59999999999683,2.967733111395327,0.7478574997099319,0.293275733075862,1.000444171950221e-11
93.64999999999682,2.967759399588599,0.7478832425553542,0.2933009305780393,9.094947017729282e-12
93.69999999999682,2.9677856208327915,0.7479089211240534,0.29332606647579557,1.000444171950221e-11
93.74999999999682,2.9678117753014908,0.7479345355765205,0.2933511409165271,1.000444171950221e-11
93.79999999999681,2.967837863167818,0.7479600860728456,0.2933761540472935,9.094947017729282e-12
93.84999999999681,2.9678638846044314,0.7479855727727194,0.2934011060148186,9.094947017729282e-12
93.89999999999681,2.9678898397835267,0.7480109958354336,0.293425996965491,9.094947017729282e-12
93.9499999999968,2.9679157288768385,0.7480363554198823,0.29345082704536474,9.094947017729282e-12
93.9999999999968,2.967941552055642,0.748061651684563,0.29347559640016013,9.094947017729282e-12
94.0499999999968,2.9679673094907533,0.748086884787577,0.2935003051752643,9.094947017729282e-12
94.0999999999968,2.9679930013525326,0.7481120548866312,0.293524953515732,9.094947017729282e-12
94.1499999999968,2.9680186278108835,0.7481371621390388,0.29354954156628604,9.094947017729282e-12
94.19999999999679,2.968044189035255,0.74816220670172,0.29357406947131826,9.094947017729282e-12
94.24999999999679,2.9680696851946435,0.7481871887312033,0.29359853737489,9.094947017729282e-12
94.29999999999679,2.9680951164575933,0.7482121083836262,0.293622945420733,9.094947017729282e-12
94.34999999999678,2.968120482992197,0.7482369658147365,0.29364729375224974,9.094947017729282e-12
94.39999999999678,2.9681457849661,0.7482617611798933,0.29367158251251446,9.094947017729282e-12
94.44999999999678,2.9681710225464975,0.7482864946340674,0.2936958118442737,9.094947017729282e-12
94.49999999999677,2.968196195900139,0.7483111663318428,0.2937199818899468,9.094947017729282e-12
94.54999999999677,2.968221305193328,0.7483357764274177,0.2937440927916269,9.094947017729282e-12
94.59999999999677,2.968246350591924,0.748360325074605,0.2937681446910813,9.094947017729282e-12
94.64999999999677,2.968271332261343,0.7483848124268339,0.2937921377297524,9.094947017729282e-12
94.69999999999676,2.968296250366559,0.74840923863715,0.29381607204875815,9.094947017729282e-12
94.74999999999676,2.968321105072106,0.7484336038582173,0.2938399477888929,9.094947017729282e-12
94.79999999999676,2.9683458965420786,0.7484579082423184,0.29386376509062784,1.000444171950221e-11
94.84999999999675,2.9683706249401327,0.7484821519413555,0.29388752409411195,1.000444171950221e-11
94.89999999999675,2.968395290429488,0.7485063351068517,0.2939112249391725,1.000444171950221e-11
94.94999999999675,2.968419893172928,0.7485304578899519,0.2939348677653157,9.094947017729282e-12
94.99999999999675,2.9684444333328024,0.7485545204414233,0.2939584527117274,9.094947017729282e-12
95.04999999999674,2.9684689110710267,0.748578522911657,0.2939819799172737,1.000444171950221e-11
95.09999999999674,2.9684933265490856,0.7486024654506683,0.29400544952050184,9.094947017729282e-12
95.14999999999674,2.9685176799280324,0.7486263482080979,0.29402886165964054,1.000444171950221e-11
95.19999999999673,2.9685419713684906,0.7486501713332132,0.2940522164726008,9.094947017729282e-12
95.24999999999673,2.968566201030656,0.7486739349749085,0.29407551409697663,9.094947017729282e-12
95.29999999999673,2.968590369074297,0.7486976392817067,0.29409875467004565,9.094947017729282e-12
95.34999999999673,2.9686144756587556,0.7487212844017597,0.29412193832876965,9.094947017729282e-12
95.39999999999672,2.9686385209429496,0.7487448704828493,0.29414506520979544,9.094947017729282e-12
95.44999999999672,2.9686625050853728,0.7487683976723887,0.29416813544945536,9.094947017729282e-12
95.49999999999672,2.968686428244097,0.7487918661174225,0.294191149183768,8.185452315956354e-12
95.54999999999671,2.968710290576773,0.7488152759646288,0.2942141065484387,8.185452315956354e-12
95.59999999999671,2.968734092240631,0.7488386273603189,0.2942370076788606,8.185452315956354e-12
95.64999999999671,2.9687578333924827,0.7488619204504391,0.2942598527101147,9.094947017729282e-12
95.6999999999967,2.9687815141887217,0.7488851553805711,0.29428264177697105,8.185452315956354e-12
95.7499999999967,2.968805134785326,0.7489083322959332,0.29430537501388915,8.185452315956354e-12
95.7999999999967,2.9688286953378578,0.7489314513413812,0.29432805255501854,8.185452315956354e-12
95.8499999999967,2.968852196001465,0.748954512661409,0.2943506745341996,8.185452315956354e-12
95.8999999999967,2.9688756369308824,0.74897751640015,0.29437324108496415,8.185452315956354e-12
95.94999999999669,2.968899018280434,0.7490004627013773,0.29439575234053605,8.185452315956354e-12
95.99999999999669,2.9689223402040317,0.7490233517085054,0.2944182084338318,8.185452315956354e-12
96.04999999999669,2.9689456028551784,0.7490461835645906,0.2944406094974614,8.185452315956354e-12
96.09999999999668,2.968968806386969,0.749068958412332,0.29446295566372876,8.185452315956354e-12
96.14999999999668,2.9689919509520912,0.7490916763940724,0.29448524706463236,8.185452315956354e-12
96.19999999999668,2.969015036702826,0.749114337651799,0.2945074838318661,8.185452315956354e-12
96.24999999999667,2.969038063791049,0.7491369423271448,0.2945296660968197,7.275957614183426e-12
96.29999999999667,2.969061032368234,0.749159490561389,0.2945517939905794,8.185452315956354e-12
96.34999999999667,2.9690839425854496,0.749181982495458,0.2945738676439288,8.185452315956354e-12
96.39999999999667,2.9691067945933645,0.7492044182699263,0.29459588718734914,8.185452315956354e-12
96.44999999999666,2.969129588542246,0.7492267980250177,0.2946178527510202,7.275957614183426e-12
96.49999999999666,2.9691523245819633,0.7492491219006054,0.2946397644648209,8.185452315956354e-12
96.54999999999666,2.969175002861986,0.7492713900362139,0.2946616224583298,7.275957614183426e-12
96.59999999999665,2.9691976235313873,0.7492936025710188,0.2946834268608258,7.275957614183426e-12
96.64999999999665,2.969220186738844,0.7493157596438487,0.294705177801289,7.275957614183426e-12
96.69999999999665,2.9692426926326383,0.749337861393185,0.2947268754084009,7.275957614183426e-12
96.74999999999665,2.9692651413606588,0.7493599079571638,0.29474851981054534,7.275957614183426e-12
96.79999999999664,2.969287533070401,0.749381899473576,0.294770111135809,6.366462912410498e-12
96.84999999999664,2.969309867908969,0.7494038360798687,0.29479164951198206,6.366462912410498e-12
96.89999999999664,2.9693321460230764,0.7494257179131456,0.29481313506655893,6.366462912410498e-12
96.94999999999663,2.969354367559047,0.7494475451101682,0.2948345679267387,5.4569682106375694e-12
96.99999999999663,2.9693765326628165,0.7494693178073565,0.2948559482194258,6.366462912410498e-12
97.04999999999663,2.969398641479934,0.7494910361407898,0.29487727607123077,6.366462912410498e-12
97.09999999999663,2.9694206941555614,0.7495127002462078,0.2948985516084707,5.4569682106375694e-12
97.14999999999662,2.969442690834476,0.749534310259011,0.29491977495717,6.366462912410498e-12
97.19999999999662,2.9694646316610713,0.749555866314262,0.2949409462430608,6.366462912410498e-12
97.24999999999662,2.9694865167793574,0.7495773685466862,0.29496206559158383,5.4569682106375694e-12
97.29999999999661,2.9695083463329626,0.7495988170906726,0.294983133127889,5.4569682106375694e-12
97.34999999999661,2.969530120465134,0.7496202120802745,0.29500414897683574,5.4569682106375694e-12
97.39999999999661,2.9695518393187403,0.7496415536492107,0.29502511326299397,5.4569682106375694e-12
97.4499999999966,2.96957350303627,0.749662841930866,0.2950460261106445,5.4569682106375694e-12
97.4999999999966,2.9695951117598347,0.749684077058292,0.29506688764377975,5.4569682106375694e-12
97.5499999999966,2.969616665631169,0.7497052591642084,0.2950876979861043,5.4569682106375694e-12
97.5999999999966,2.969638164791632,0.7497263883810034,0.29510845726103546,5.4569682106375694e-12
97.6499999999966,2.9696596093822087,0.7497474648407345,0.295129165591704,5.4569682106375694e-12
97.69999999999659,2.9696809995435105,0.7497684886751297,0.2951498231009547,5.4569682106375694e-12
97.74999999999659,2.969702335415776,0.7497894600155878,0.295170429911347,5.4569682106375694e-12
97.79999999999659,2.969723617138872,0.7498103789931798,0.2951909861451555,5.4569682106375694e-12
97.84999999999658,2.9697448448522965,0.7498312457386493,0.29521149192437063,5.4569682106375694e-12
97.89999999999658,2.969766018695177,0.7498520603824135,0.2952319473706993,6.366462912410498e-12
97.94999999999658,2.969787138806272,0.7498728230545638,0.2952523526055655,5.4569682106375694e-12
97.99999999999658,2.9698082053239743,0.7498935338848671,0.2952727077501108,6.366462912410498e-12
98.04999999999657,2.9698292183863098,0.7499141930027661,0.295293012925195,6.366462912410498e-12
98.09999999999657,2.9698501781309385,0.7499348005373802,0.29531326825139687,6.366462912410498e-12
98.14999999999657,2.969871084695157,0.7499553566175065,0.2953334738490146,6.366462912410498e-12
98.19999999999656,2.9698919382158984,0.7499758613716204,0.29535362983806634,6.366462912410498e-12
98.24999999999656,2.9699127388297333,0.7499963149278769,0.295373736338291,5.4569682106375694e-12
98.29999999999656,2.969933486672871,0.7500167174141105,0.2953937934691487,5.4569682106375694e-12
98.34999999999656,2.9699541818811612,0.7500370689578368,0.2954138013498214,5.4569682106375694e-12
98.39999999999655,2.969974824590094,0.7500573696862531,0.29543376009921357,5.4569682106375694e-12
98.44999999999655,2.9699954149348016,0.7500776197262389,0.2954536698359526,5.4569682106375694e-12
98.49999999999655,2.970015953050058,0.7500978192043569,0.29547353067838966,5.4569682106375694e-12
98.54999999999654,2.9700364390702823,0.750117968246854,0.29549334274460004,5.4569682106375694e-12
98.59999999999654,2.9700568731295367,0.7501380669796615,0.2955131061523839,5.4569682106375694e-12
98.64999999999654,2.970077255361531,0.7501581155283966,0.2955328210192668,6.366462912410498e-12
98.69999999999654,2.97009758589962,0.7501781140183629,0.2955524874625003,5.4569682106375694e-12
98.74999999999653,2.970117864876807,0.7501980625745507,0.2955721055990625,5.4569682106375694e-12
98.79999999999653,2.9701380924257443,0.7502179613216386,0.29559167554565874,6.366462912410498e-12
98.84999999999653,2.970158268678733,0.750237810383994,0.2956111974187221,5.4569682106375694e-12
98.89999999999652,2.9701783937677253,0.7502576098856732,0.295630671334414,6.366462912410498e-12
98.94999999999652,2.970198467824325,0.7502773599504234,0.29565009740862486,6.366462912410498e-12
98.99999999999652,2.970218490979788,0.7502970607016825,0.2956694757569745,6.366462912410498e-12
99.04999999999652,2.970238463365024,0.75031671226258,0.29568880649481294,6.366462912410498e-12
99.09999999999651,2.970258385110597,0.7503363147559383,0.29570808973722085,5.4569682106375694e-12
99.14999999999651,2.9702782563467265,0.750355868304273,0.29572732559901016,6.366462912410498e-12
99.1999999999965,2.9702980772032883,0.750375373029794,0.29574651419472464,6.366462912410498e-12
99.2499999999965,2.970317847809816,0.7503948290544055,0.29576565563864043,5.4569682106375694e-12
99.2999999999965,2.9703375682954998,0.7504142364997078,0.2957847500447668,5.4569682106375694e-12
99.3499999999965,2.970357238789191,0.7504335954869976,0.2958037975268465,5.4569682106375694e-12
99.3999999999965,2.9703768594194,0.7504529061372684,0.29582279819835644,4.547473508864641e-12
99.44999999999649,2.970396430314299,0.7504721685712119,0.2958417521725083,4.547473508864641e-12
99.49999999999649,2.970415951601721,0.7504913829092184,0.295860659562249,4.547473508864641e-12
99.54999999999649,2.970435423409163,0.7505105492713773,0.2958795204802614,5.4569682106375694e-12
99.59999999999648,2.970454845863785,0.7505296677774785,0.29589833503896473,5.4569682106375694e-12
99.64999999999648,2.9704742190924125,0.7505487385470129,0.29591710335051535,5.4569682106375694e-12
99.69999999999648,2.9704935432215365,0.7505677616991725,0.2959358255268071,4.547473508864641e-12
99.74999999999648,2.9705128183773146,0.7505867373528522,0.295954501679472,5.4569682106375694e-12
99.79999999999647,2.970532044685572,0.7506056656266499,0.29597313191988084,5.4569682106375694e-12
99.84999999999647,2.9705512222718022,0.7506245466388671,0.2959917163591436,4.547473508864641e-12
99.89999999999647,2.970570351261168,0.7506433805075104,0.2960102551081103,4.547473508864641e-12
99.94999999999646,2.9705894317785027,0.7506621673502915,0.29602874827737113,4.547473508864641e-12
99.99999999999646,2.970608463948311,0.750680907284628,0.2960471959772575,5.4569682106375694e-12
